[03-Sep-2026 06:09:51 UTC] Spectra: CSS/JS generation returned empty for post 18413 (type: js). Keeping existing file to prevent 404.
[03-Sep-2026 06:10:03 UTC] Spectra: CSS/JS generation returned empty for post 19169 (type: js). Keeping existing file to prevent 404.
[03-Sep-2026 06:11:13 UTC] Spectra: CSS/JS generation returned empty for post 18413 (type: js). Keeping existing file to prevent 404.
[03-Sep-2026 06:11:59 UTC] Spectra: CSS/JS generation returned empty for post 11550 (type: js). Keeping existing file to prevent 404.
[03-Sep-2026 06:17:08 UTC] Spectra: CSS/JS generation returned empty for post 17377 (type: js). Keeping existing file to prevent 404.
[03-Sep-2026 06:17:08 UTC] Spectra: CSS/JS generation returned empty for post 8209 (type: js). Keeping existing file to prevent 404.
[03-Sep-2026 06:17:21 UTC] Spectra: CSS/JS generation returned empty for post 23061 (type: js). Keeping existing file to prevent 404.
[03-Sep-2026 06:17:24 UTC] Cron unschedule event error for hook: litespeed_task_health, Error code: could_not_set, Error message: The cron event list could not be saved., Data: {"schedule":false,"args":[]}
[03-Sep-2026 06:17:25 UTC] Cron unschedule event error for hook: litespeed_task_health, Error code: could_not_set, Error message: The cron event list could not be saved., Data: {"schedule":false,"args":[]}
[03-Sep-2026 06:17:26 UTC] Spectra: CSS/JS generation returned empty for post 19169 (type: js). Keeping existing file to prevent 404.
[03-Sep-2026 06:17:27 UTC] Cron unschedule event error for hook: litespeed_task_health, Error code: could_not_set, Error message: The cron event list could not be saved., Data: {"schedule":false,"args":[]}
[03-Sep-2026 06:17:27 UTC] Cron unschedule event error for hook: litespeed_task_health, Error code: could_not_set, Error message: The cron event list could not be saved., Data: {"schedule":false,"args":[]}
[03-Sep-2026 06:17:28 UTC] Cron unschedule event error for hook: litespeed_task_health, Error code: could_not_set, Error message: The cron event list could not be saved., Data: {"schedule":false,"args":[]}
[03-Sep-2026 06:17:34 UTC] Spectra: CSS/JS generation returned empty for post 22816 (type: js). Keeping existing file to prevent 404.
[03-Sep-2026 06:17:35 UTC] Cron unschedule event error for hook: litespeed_task_health, Error code: could_not_set, Error message: The cron event list could not be saved., Data: {"schedule":false,"args":[]}
[03-Sep-2026 06:17:35 UTC] Cron unschedule event error for hook: litespeed_task_health, Error code: could_not_set, Error message: The cron event list could not be saved., Data: {"schedule":false,"args":[]}
[03-Sep-2026 06:17:37 UTC] Cron unschedule event error for hook: litespeed_task_health, Error code: could_not_set, Error message: The cron event list could not be saved., Data: {"schedule":false,"args":[]}
[03-Sep-2026 06:17:37 UTC] Cron unschedule event error for hook: litespeed_task_health, Error code: could_not_set, Error message: The cron event list could not be saved., Data: {"schedule":false,"args":[]}
[03-Sep-2026 06:17:37 UTC] Cron unschedule event error for hook: litespeed_task_health, Error code: could_not_set, Error message: The cron event list could not be saved., Data: {"schedule":false,"args":[]}
[03-Sep-2026 06:17:40 UTC] Cron unschedule event error for hook: litespeed_task_health, Error code: could_not_set, Error message: The cron event list could not be saved., Data: {"schedule":false,"args":[]}
[03-Sep-2026 06:17:42 UTC] Cron unschedule event error for hook: litespeed_task_health, Error code: could_not_set, Error message: The cron event list could not be saved., Data: {"schedule":false,"args":[]}
[03-Sep-2026 06:17:43 UTC] Cron unschedule event error for hook: litespeed_task_health, Error code: could_not_set, Error message: The cron event list could not be saved., Data: {"schedule":false,"args":[]}
[03-Sep-2026 06:17:54 UTC] Spectra: CSS/JS generation returned empty for post 22816 (type: js). Keeping existing file to prevent 404.
[03-Sep-2026 06:17:55 UTC] Cron unschedule event error for hook: litespeed_task_health, Error code: could_not_set, Error message: The cron event list could not be saved., Data: {"schedule":false,"args":[]}
[03-Sep-2026 06:19:49 UTC] Spectra: CSS/JS generation returned empty for post 20440 (type: js). Keeping existing file to prevent 404.
[03-Sep-2026 06:20:19 UTC] Spectra: CSS/JS generation returned empty for post 26866 (type: js). Keeping existing file to prevent 404.
[03-Sep-2026 06:22:14 UTC] Spectra: CSS/JS generation returned empty for post 21327 (type: js). Keeping existing file to prevent 404.
[03-Sep-2026 06:22:23 UTC] WordPress database error You have an error in your SQL syntax; check the manual that corresponds to your MariaDB server version for the right syntax to use near 'AND umt.meta_value NOT LIKE '%Contributor%' AND umt.meta_value NOT LIKE '%Sub...' at line 11 for query 
		SELECT u.ID, umt1.meta_value as last_update
		FROM wp_users as u
		    LEFT JOIN wp_usermeta AS um ON ( u.ID = um.user_id AND um.meta_key = 'rank_math_robots' )
		    LEFT JOIN wp_usermeta AS umt ON ( u.ID = umt.user_id AND umt.meta_key = 'wp_capabilities' )
		    LEFT JOIN wp_usermeta AS umt1 ON ( u.ID = umt1.user_id AND umt1.meta_key = 'last_update' )
		    WHERE ( (
		 		( um.meta_key = 'rank_math_robots' AND um.meta_value NOT LIKE '%noindex%' )
		 		OR um.user_id IS NULL
			)
			AND (  umt1.meta_key = 'last_update' OR umt1.user_id IS NULL )
			AND ( umt.meta_key ='wp_capabilities' AND (  AND umt.meta_value NOT LIKE '%Contributor%' AND umt.meta_value NOT LIKE '%Subscriber%' ) ) )
		    AND u.ID IN (
			SELECT post_author
			FROM wp_posts as p
			WHERE p.post_status = 'publish' AND p.post_password = ''
			
		)
		ORDER BY umt1.meta_value DESC
		  made by require('wp-blog-header.php'), wp, WP->main, WP->query_posts, WP_Query->query, WP_Query->get_posts, WP_Query->parse_query, do_action_ref_array('parse_query'), WP_Hook->do_action, WP_Hook->apply_filters, RankMath\Sitemap\Router->request_sitemap, RankMath\Sitemap\Sitemap_XML->__construct, RankMath\Sitemap\Sitemap_XML->output, RankMath\Sitemap\Sitemap_XML->has_sitemap_in_cache, RankMath\Sitemap\Sitemap_XML->build_sitemap, RankMath\Sitemap\Generator->get_output, RankMath\Sitemap\Generator->build_sitemap, RankMath\Sitemap\Generator->build_root_map, RankMath\Sitemap\Providers\Author->get_index_links, RankMath\Sitemap\Providers\Author->get_index_users, RankMath\Helpers\DB::get_results, RankMath\Admin\Database\Query_Builder->get_results, RankMath\Admin\Database\Query_Builder->run
[03-Sep-2026 06:24:54 UTC] Spectra: CSS/JS generation returned empty for post 22816 (type: js). Keeping existing file to prevent 404.
[03-Sep-2026 06:24:59 UTC] Spectra: CSS/JS generation returned empty for post 19169 (type: js). Keeping existing file to prevent 404.
[03-Sep-2026 06:24:59 UTC] Spectra: CSS/JS generation returned empty for post 19169 (type: js). Keeping existing file to prevent 404.
[03-Sep-2026 06:24:59 UTC] Spectra: CSS/JS generation returned empty for post 19169 (type: js). Keeping existing file to prevent 404.
[03-Sep-2026 06:24:59 UTC] Spectra: CSS/JS generation returned empty for post 19169 (type: js). Keeping existing file to prevent 404.
[03-Sep-2026 06:24:59 UTC] Spectra: CSS/JS generation returned empty for post 19169 (type: js). Keeping existing file to prevent 404.
[03-Sep-2026 06:24:59 UTC] Spectra: CSS/JS generation returned empty for post 19169 (type: js). Keeping existing file to prevent 404.
[03-Sep-2026 06:24:59 UTC] Spectra: CSS/JS generation returned empty for post 19169 (type: js). Keeping existing file to prevent 404.
[03-Sep-2026 06:24:59 UTC] Spectra: CSS/JS generation returned empty for post 19169 (type: js). Keeping existing file to prevent 404.
[03-Sep-2026 06:27:05 UTC] Spectra: CSS/JS generation returned empty for post 22816 (type: js). Keeping existing file to prevent 404.
[03-Sep-2026 06:29:44 UTC] Spectra: CSS/JS generation returned empty for post 7731 (type: js). Keeping existing file to prevent 404.
[03-Sep-2026 06:29:45 UTC] WordPress database error You have an error in your SQL syntax; check the manual that corresponds to your MariaDB server version for the right syntax to use near 'AND umt.meta_value NOT LIKE '%Contributor%' AND umt.meta_value NOT LIKE '%Sub...' at line 11 for query 
		SELECT u.ID, umt1.meta_value as last_update
		FROM wp_users as u
		    LEFT JOIN wp_usermeta AS um ON ( u.ID = um.user_id AND um.meta_key = 'rank_math_robots' )
		    LEFT JOIN wp_usermeta AS umt ON ( u.ID = umt.user_id AND umt.meta_key = 'wp_capabilities' )
		    LEFT JOIN wp_usermeta AS umt1 ON ( u.ID = umt1.user_id AND umt1.meta_key = 'last_update' )
		    WHERE ( (
		 		( um.meta_key = 'rank_math_robots' AND um.meta_value NOT LIKE '%noindex%' )
		 		OR um.user_id IS NULL
			)
			AND (  umt1.meta_key = 'last_update' OR umt1.user_id IS NULL )
			AND ( umt.meta_key ='wp_capabilities' AND (  AND umt.meta_value NOT LIKE '%Contributor%' AND umt.meta_value NOT LIKE '%Subscriber%' ) ) )
		    AND u.ID IN (
			SELECT post_author
			FROM wp_posts as p
			WHERE p.post_status = 'publish' AND p.post_password = ''
			
		)
		ORDER BY umt1.meta_value DESC
		  made by require('wp-blog-header.php'), wp, WP->main, WP->query_posts, WP_Query->query, WP_Query->get_posts, WP_Query->parse_query, do_action_ref_array('parse_query'), WP_Hook->do_action, WP_Hook->apply_filters, RankMath\Sitemap\Router->request_sitemap, RankMath\Sitemap\Sitemap_XML->__construct, RankMath\Sitemap\Sitemap_XML->output, RankMath\Sitemap\Sitemap_XML->has_sitemap_in_cache, RankMath\Sitemap\Sitemap_XML->build_sitemap, RankMath\Sitemap\Generator->get_output, RankMath\Sitemap\Generator->build_sitemap, RankMath\Sitemap\Generator->build_root_map, RankMath\Sitemap\Providers\Author->get_index_links, RankMath\Sitemap\Providers\Author->get_index_users, RankMath\Helpers\DB::get_results, RankMath\Admin\Database\Query_Builder->get_results, RankMath\Admin\Database\Query_Builder->run
[03-Sep-2026 06:36:14 UTC] Spectra: CSS/JS generation returned empty for post 20405 (type: js). Keeping existing file to prevent 404.
[03-Sep-2026 06:38:11 UTC] Spectra: CSS/JS generation returned empty for post 23063 (type: js). Keeping existing file to prevent 404.
[03-Sep-2026 06:38:35 UTC] Spectra: CSS/JS generation returned empty for post 8209 (type: js). Keeping existing file to prevent 404.
[03-Sep-2026 06:41:21 UTC] Spectra: CSS/JS generation returned empty for post 22816 (type: js). Keeping existing file to prevent 404.
[03-Sep-2026 06:41:24 UTC] Spectra: CSS/JS generation returned empty for post 19169 (type: js). Keeping existing file to prevent 404.
[03-Sep-2026 06:42:04 UTC] Spectra: CSS/JS generation returned empty for post 26866 (type: js). Keeping existing file to prevent 404.
[03-Sep-2026 06:42:31 UTC] Spectra: CSS/JS generation returned empty for post 10970 (type: js). Keeping existing file to prevent 404.
[03-Sep-2026 06:44:45 UTC] Spectra: CSS/JS generation returned empty for post 31454 (type: js). Keeping existing file to prevent 404.
[03-Sep-2026 06:45:47 UTC] Spectra: CSS/JS generation returned empty for post 22816 (type: js). Keeping existing file to prevent 404.
[03-Sep-2026 06:47:16 UTC] Spectra: CSS/JS generation returned empty for post 21497 (type: js). Keeping existing file to prevent 404.
[03-Sep-2026 06:47:17 UTC] WordPress database error You have an error in your SQL syntax; check the manual that corresponds to your MariaDB server version for the right syntax to use near 'AND umt.meta_value NOT LIKE '%Contributor%' AND umt.meta_value NOT LIKE '%Sub...' at line 11 for query 
		SELECT u.ID, umt1.meta_value as last_update
		FROM wp_users as u
		    LEFT JOIN wp_usermeta AS um ON ( u.ID = um.user_id AND um.meta_key = 'rank_math_robots' )
		    LEFT JOIN wp_usermeta AS umt ON ( u.ID = umt.user_id AND umt.meta_key = 'wp_capabilities' )
		    LEFT JOIN wp_usermeta AS umt1 ON ( u.ID = umt1.user_id AND umt1.meta_key = 'last_update' )
		    WHERE ( (
		 		( um.meta_key = 'rank_math_robots' AND um.meta_value NOT LIKE '%noindex%' )
		 		OR um.user_id IS NULL
			)
			AND (  umt1.meta_key = 'last_update' OR umt1.user_id IS NULL )
			AND ( umt.meta_key ='wp_capabilities' AND (  AND umt.meta_value NOT LIKE '%Contributor%' AND umt.meta_value NOT LIKE '%Subscriber%' ) ) )
		    AND u.ID IN (
			SELECT post_author
			FROM wp_posts as p
			WHERE p.post_status = 'publish' AND p.post_password = ''
			
		)
		ORDER BY umt1.meta_value DESC
		  made by require('wp-blog-header.php'), wp, WP->main, WP->query_posts, WP_Query->query, WP_Query->get_posts, WP_Query->parse_query, do_action_ref_array('parse_query'), WP_Hook->do_action, WP_Hook->apply_filters, RankMath\Sitemap\Router->request_sitemap, RankMath\Sitemap\Sitemap_XML->__construct, RankMath\Sitemap\Sitemap_XML->output, RankMath\Sitemap\Sitemap_XML->has_sitemap_in_cache, RankMath\Sitemap\Sitemap_XML->build_sitemap, RankMath\Sitemap\Generator->get_output, RankMath\Sitemap\Generator->build_sitemap, RankMath\Sitemap\Generator->build_root_map, RankMath\Sitemap\Providers\Author->get_index_links, RankMath\Sitemap\Providers\Author->get_index_users, RankMath\Helpers\DB::get_results, RankMath\Admin\Database\Query_Builder->get_results, RankMath\Admin\Database\Query_Builder->run
[03-Sep-2026 06:47:18 UTC] Spectra: CSS/JS generation returned empty for post 19169 (type: js). Keeping existing file to prevent 404.
[03-Sep-2026 06:47:31 UTC] Spectra: CSS/JS generation returned empty for post 21327 (type: js). Keeping existing file to prevent 404.
[03-Sep-2026 06:47:36 UTC] Spectra: CSS/JS generation returned empty for post 7739 (type: js). Keeping existing file to prevent 404.
[03-Sep-2026 06:47:46 UTC] Spectra: CSS/JS generation returned empty for post 7745 (type: js). Keeping existing file to prevent 404.
[03-Sep-2026 06:49:56 UTC] Spectra: CSS/JS generation returned empty for post 22816 (type: js). Keeping existing file to prevent 404.
[03-Sep-2026 06:50:31 UTC] Spectra: CSS/JS generation returned empty for post 22852 (type: js). Keeping existing file to prevent 404.
[03-Sep-2026 06:51:50 UTC] Spectra: CSS/JS generation returned empty for post 30629 (type: js). Keeping existing file to prevent 404.
[03-Sep-2026 06:52:15 UTC] Spectra: CSS/JS generation returned empty for post 22732 (type: js). Keeping existing file to prevent 404.
[03-Sep-2026 06:52:38 UTC] Spectra: CSS/JS generation returned empty for post 20405 (type: js). Keeping existing file to prevent 404.
[03-Sep-2026 06:52:38 UTC] Spectra: CSS/JS generation returned empty for post 21336 (type: js). Keeping existing file to prevent 404.
[03-Sep-2026 06:52:38 UTC] Spectra: CSS/JS generation returned empty for post 20440 (type: js). Keeping existing file to prevent 404.
[03-Sep-2026 06:53:37 UTC] Spectra: CSS/JS generation returned empty for post 11762 (type: js). Keeping existing file to prevent 404.
[03-Sep-2026 06:54:29 UTC] Spectra: CSS/JS generation returned empty for post 23481 (type: js). Keeping existing file to prevent 404.
[03-Sep-2026 06:55:19 UTC] Spectra: CSS/JS generation returned empty for post 22878 (type: js). Keeping existing file to prevent 404.
[03-Sep-2026 06:55:52 UTC] Spectra: CSS/JS generation returned empty for post 7739 (type: js). Keeping existing file to prevent 404.
[03-Sep-2026 06:56:21 UTC] Spectra: CSS/JS generation returned empty for post 19169 (type: js). Keeping existing file to prevent 404.
[03-Sep-2026 06:57:44 UTC] Spectra: CSS/JS generation returned empty for post 20421 (type: js). Keeping existing file to prevent 404.
[03-Sep-2026 06:58:17 UTC] Spectra: CSS/JS generation returned empty for post 19169 (type: js). Keeping existing file to prevent 404.
[03-Sep-2026 06:58:22 UTC] Spectra: CSS/JS generation returned empty for post 22852 (type: js). Keeping existing file to prevent 404.
[03-Sep-2026 06:58:23 UTC] Spectra: CSS/JS generation returned empty for post 10953 (type: js). Keeping existing file to prevent 404.
[03-Sep-2026 07:03:44 UTC] Spectra: CSS/JS generation returned empty for post 18413 (type: js). Keeping existing file to prevent 404.
[03-Sep-2026 07:03:54 UTC] Spectra: CSS/JS generation returned empty for post 7745 (type: js). Keeping existing file to prevent 404.
[03-Sep-2026 07:04:58 UTC] Spectra: CSS/JS generation returned empty for post 18501 (type: js). Keeping existing file to prevent 404.
[03-Sep-2026 07:06:06 UTC] Spectra: CSS/JS generation returned empty for post 28452 (type: js). Keeping existing file to prevent 404.
[03-Sep-2026 07:06:20 UTC] Spectra: CSS/JS generation returned empty for post 10970 (type: js). Keeping existing file to prevent 404.
[03-Sep-2026 07:07:33 UTC] Spectra: CSS/JS generation returned empty for post 7037 (type: js). Keeping existing file to prevent 404.
[03-Sep-2026 07:07:38 UTC] Spectra: CSS/JS generation returned empty for post 11033 (type: js). Keeping existing file to prevent 404.
[03-Sep-2026 07:07:38 UTC] Spectra: CSS/JS generation returned empty for post 23061 (type: js). Keeping existing file to prevent 404.
[03-Sep-2026 07:07:43 UTC] Spectra: CSS/JS generation returned empty for post 22816 (type: js). Keeping existing file to prevent 404.
[03-Sep-2026 07:08:25 UTC] Spectra: CSS/JS generation returned empty for post 21327 (type: js). Keeping existing file to prevent 404.
[03-Sep-2026 07:13:12 UTC] Spectra: CSS/JS generation returned empty for post 10861 (type: js). Keeping existing file to prevent 404.
[03-Sep-2026 07:14:43 UTC] Spectra: CSS/JS generation returned empty for post 11147 (type: js). Keeping existing file to prevent 404.
[03-Sep-2026 07:14:52 UTC] Spectra: CSS/JS generation returned empty for post 19169 (type: js). Keeping existing file to prevent 404.
[03-Sep-2026 07:14:52 UTC] Spectra: CSS/JS generation returned empty for post 19169 (type: js). Keeping existing file to prevent 404.
[03-Sep-2026 07:14:52 UTC] Spectra: CSS/JS generation returned empty for post 19169 (type: js). Keeping existing file to prevent 404.
[03-Sep-2026 07:14:52 UTC] Spectra: CSS/JS generation returned empty for post 19169 (type: js). Keeping existing file to prevent 404.
[03-Sep-2026 07:14:52 UTC] Spectra: CSS/JS generation returned empty for post 19169 (type: js). Keeping existing file to prevent 404.
[03-Sep-2026 07:14:52 UTC] Spectra: CSS/JS generation returned empty for post 19169 (type: js). Keeping existing file to prevent 404.
[03-Sep-2026 07:14:52 UTC] Spectra: CSS/JS generation returned empty for post 19169 (type: js). Keeping existing file to prevent 404.
[03-Sep-2026 07:14:52 UTC] Spectra: CSS/JS generation returned empty for post 19169 (type: js). Keeping existing file to prevent 404.
[03-Sep-2026 07:15:06 UTC] Spectra: CSS/JS generation returned empty for post 7739 (type: js). Keeping existing file to prevent 404.
[03-Sep-2026 07:15:57 UTC] Spectra: CSS/JS generation returned empty for post 23044 (type: js). Keeping existing file to prevent 404.
[03-Sep-2026 07:18:05 UTC] Spectra: CSS/JS generation returned empty for post 17048 (type: js). Keeping existing file to prevent 404.
[03-Sep-2026 07:18:28 UTC] Spectra: CSS/JS generation returned empty for post 21344 (type: js). Keeping existing file to prevent 404.
[03-Sep-2026 07:19:21 UTC] Spectra: CSS/JS generation returned empty for post 22905 (type: js). Keeping existing file to prevent 404.
[03-Sep-2026 07:20:27 UTC] Spectra: CSS/JS generation returned empty for post 23481 (type: js). Keeping existing file to prevent 404.
[03-Sep-2026 07:21:31 UTC] Spectra: CSS/JS generation returned empty for post 18413 (type: js). Keeping existing file to prevent 404.
[03-Sep-2026 07:21:31 UTC] Spectra: CSS/JS generation returned empty for post 11033 (type: js). Keeping existing file to prevent 404.
[03-Sep-2026 07:21:53 UTC] Spectra: CSS/JS generation returned empty for post 23044 (type: js). Keeping existing file to prevent 404.
[03-Sep-2026 07:21:53 UTC] Spectra: CSS/JS generation returned empty for post 23059 (type: js). Keeping existing file to prevent 404.
[03-Sep-2026 07:22:21 UTC] Spectra: CSS/JS generation returned empty for post 19169 (type: js). Keeping existing file to prevent 404.
[03-Sep-2026 07:27:20 UTC] Spectra: CSS/JS generation returned empty for post 23063 (type: js). Keeping existing file to prevent 404.
[03-Sep-2026 07:29:19 UTC] Spectra: CSS/JS generation returned empty for post 11144 (type: js). Keeping existing file to prevent 404.
[03-Sep-2026 07:29:57 UTC] Spectra: CSS/JS generation returned empty for post 11499 (type: js). Keeping existing file to prevent 404.
[03-Sep-2026 07:31:41 UTC] Spectra: CSS/JS generation returned empty for post 20440 (type: js). Keeping existing file to prevent 404.
[03-Sep-2026 07:32:30 UTC] Spectra: CSS/JS generation returned empty for post 17377 (type: js). Keeping existing file to prevent 404.
[03-Sep-2026 07:32:57 UTC] Spectra: CSS/JS generation returned empty for post 22852 (type: js). Keeping existing file to prevent 404.
[03-Sep-2026 07:37:01 UTC] Spectra: CSS/JS generation returned empty for post 20405 (type: js). Keeping existing file to prevent 404.
[03-Sep-2026 07:37:37 UTC] WordPress database error You have an error in your SQL syntax; check the manual that corresponds to your MariaDB server version for the right syntax to use near 'AND umt.meta_value NOT LIKE '%Contributor%' AND umt.meta_value NOT LIKE '%Sub...' at line 11 for query 
		SELECT u.ID, umt1.meta_value as last_update
		FROM wp_users as u
		    LEFT JOIN wp_usermeta AS um ON ( u.ID = um.user_id AND um.meta_key = 'rank_math_robots' )
		    LEFT JOIN wp_usermeta AS umt ON ( u.ID = umt.user_id AND umt.meta_key = 'wp_capabilities' )
		    LEFT JOIN wp_usermeta AS umt1 ON ( u.ID = umt1.user_id AND umt1.meta_key = 'last_update' )
		    WHERE ( (
		 		( um.meta_key = 'rank_math_robots' AND um.meta_value NOT LIKE '%noindex%' )
		 		OR um.user_id IS NULL
			)
			AND (  umt1.meta_key = 'last_update' OR umt1.user_id IS NULL )
			AND ( umt.meta_key ='wp_capabilities' AND (  AND umt.meta_value NOT LIKE '%Contributor%' AND umt.meta_value NOT LIKE '%Subscriber%' ) ) )
		    AND u.ID IN (
			SELECT post_author
			FROM wp_posts as p
			WHERE p.post_status = 'publish' AND p.post_password = ''
			
		)
		ORDER BY umt1.meta_value DESC
		  made by require('wp-blog-header.php'), wp, WP->main, WP->query_posts, WP_Query->query, WP_Query->get_posts, WP_Query->parse_query, do_action_ref_array('parse_query'), WP_Hook->do_action, WP_Hook->apply_filters, RankMath\Sitemap\Router->request_sitemap, RankMath\Sitemap\Sitemap_XML->__construct, RankMath\Sitemap\Sitemap_XML->output, RankMath\Sitemap\Sitemap_XML->has_sitemap_in_cache, RankMath\Sitemap\Sitemap_XML->build_sitemap, RankMath\Sitemap\Generator->get_output, RankMath\Sitemap\Generator->build_sitemap, RankMath\Sitemap\Generator->build_root_map, RankMath\Sitemap\Providers\Author->get_index_links, RankMath\Sitemap\Providers\Author->get_index_users, RankMath\Helpers\DB::get_results, RankMath\Admin\Database\Query_Builder->get_results, RankMath\Admin\Database\Query_Builder->run
[03-Sep-2026 07:40:10 UTC] Spectra: CSS/JS generation returned empty for post 6897 (type: js). Keeping existing file to prevent 404.
[03-Sep-2026 07:40:59 UTC] Spectra: CSS/JS generation returned empty for post 7037 (type: js). Keeping existing file to prevent 404.
[03-Sep-2026 07:41:08 UTC] Spectra: CSS/JS generation returned empty for post 17377 (type: js). Keeping existing file to prevent 404.
[03-Sep-2026 07:41:12 UTC] Spectra: CSS/JS generation returned empty for post 22878 (type: js). Keeping existing file to prevent 404.
[03-Sep-2026 07:41:13 UTC] Spectra: CSS/JS generation returned empty for post 22732 (type: js). Keeping existing file to prevent 404.
[03-Sep-2026 07:42:43 UTC] Spectra: CSS/JS generation returned empty for post 29397 (type: js). Keeping existing file to prevent 404.
[03-Sep-2026 07:44:32 UTC] Spectra: CSS/JS generation returned empty for post 21494 (type: js). Keeping existing file to prevent 404.
[03-Sep-2026 07:44:38 UTC] Spectra: CSS/JS generation returned empty for post 7745 (type: js). Keeping existing file to prevent 404.
[03-Sep-2026 07:44:41 UTC] Spectra: CSS/JS generation returned empty for post 19169 (type: js). Keeping existing file to prevent 404.
[03-Sep-2026 07:47:03 UTC] Spectra: CSS/JS generation returned empty for post 21505 (type: js). Keeping existing file to prevent 404.
[03-Sep-2026 07:47:14 UTC] Spectra: CSS/JS generation returned empty for post 18413 (type: js). Keeping existing file to prevent 404.
[03-Sep-2026 07:48:43 UTC] Spectra: CSS/JS generation returned empty for post 18501 (type: js). Keeping existing file to prevent 404.
[03-Sep-2026 07:50:53 UTC] Spectra: CSS/JS generation returned empty for post 21351 (type: js). Keeping existing file to prevent 404.
[03-Sep-2026 07:51:06 UTC] Spectra: CSS/JS generation returned empty for post 20440 (type: js). Keeping existing file to prevent 404.
[03-Sep-2026 07:51:57 UTC] Spectra: CSS/JS generation returned empty for post 21348 (type: js). Keeping existing file to prevent 404.
[03-Sep-2026 07:53:28 UTC] Spectra: CSS/JS generation returned empty for post 18557 (type: js). Keeping existing file to prevent 404.
[03-Sep-2026 07:57:10 UTC] Spectra: CSS/JS generation returned empty for post 19169 (type: js). Keeping existing file to prevent 404.
[03-Sep-2026 07:57:35 UTC] Spectra: CSS/JS generation returned empty for post 11563 (type: js). Keeping existing file to prevent 404.
[03-Sep-2026 07:57:39 UTC] Cron unschedule event error for hook: litespeed_task_health, Error code: could_not_set, Error message: The cron event list could not be saved., Data: {"schedule":false,"args":[]}
[03-Sep-2026 07:57:40 UTC] Cron unschedule event error for hook: litespeed_task_health, Error code: could_not_set, Error message: The cron event list could not be saved., Data: {"schedule":false,"args":[]}
[03-Sep-2026 07:57:44 UTC] Cron unschedule event error for hook: litespeed_task_health, Error code: could_not_set, Error message: The cron event list could not be saved., Data: {"schedule":false,"args":[]}
[03-Sep-2026 07:58:00 UTC] Cron unschedule event error for hook: litespeed_task_health, Error code: could_not_set, Error message: The cron event list could not be saved., Data: {"schedule":false,"args":[]}
[03-Sep-2026 07:58:14 UTC] Cron unschedule event error for hook: litespeed_task_health, Error code: could_not_set, Error message: The cron event list could not be saved., Data: {"schedule":false,"args":[]}
[03-Sep-2026 08:00:12 UTC] Spectra: CSS/JS generation returned empty for post 11147 (type: js). Keeping existing file to prevent 404.
[03-Sep-2026 08:01:09 UTC] WordPress database error You have an error in your SQL syntax; check the manual that corresponds to your MariaDB server version for the right syntax to use near 'AND umt.meta_value NOT LIKE '%Contributor%' AND umt.meta_value NOT LIKE '%Sub...' at line 11 for query 
		SELECT u.ID, umt1.meta_value as last_update
		FROM wp_users as u
		    LEFT JOIN wp_usermeta AS um ON ( u.ID = um.user_id AND um.meta_key = 'rank_math_robots' )
		    LEFT JOIN wp_usermeta AS umt ON ( u.ID = umt.user_id AND umt.meta_key = 'wp_capabilities' )
		    LEFT JOIN wp_usermeta AS umt1 ON ( u.ID = umt1.user_id AND umt1.meta_key = 'last_update' )
		    WHERE ( (
		 		( um.meta_key = 'rank_math_robots' AND um.meta_value NOT LIKE '%noindex%' )
		 		OR um.user_id IS NULL
			)
			AND (  umt1.meta_key = 'last_update' OR umt1.user_id IS NULL )
			AND ( umt.meta_key ='wp_capabilities' AND (  AND umt.meta_value NOT LIKE '%Contributor%' AND umt.meta_value NOT LIKE '%Subscriber%' ) ) )
		    AND u.ID IN (
			SELECT post_author
			FROM wp_posts as p
			WHERE p.post_status = 'publish' AND p.post_password = ''
			
		)
		ORDER BY umt1.meta_value DESC
		  made by require('wp-blog-header.php'), wp, WP->main, WP->query_posts, WP_Query->query, WP_Query->get_posts, WP_Query->parse_query, do_action_ref_array('parse_query'), WP_Hook->do_action, WP_Hook->apply_filters, RankMath\Sitemap\Router->request_sitemap, RankMath\Sitemap\Sitemap_XML->__construct, RankMath\Sitemap\Sitemap_XML->output, RankMath\Sitemap\Sitemap_XML->has_sitemap_in_cache, RankMath\Sitemap\Sitemap_XML->build_sitemap, RankMath\Sitemap\Generator->get_output, RankMath\Sitemap\Generator->build_sitemap, RankMath\Sitemap\Generator->build_root_map, RankMath\Sitemap\Providers\Author->get_index_links, RankMath\Sitemap\Providers\Author->get_index_users, RankMath\Helpers\DB::get_results, RankMath\Admin\Database\Query_Builder->get_results, RankMath\Admin\Database\Query_Builder->run
[03-Sep-2026 08:01:36 UTC] Spectra: CSS/JS generation returned empty for post 23288 (type: js). Keeping existing file to prevent 404.
[03-Sep-2026 08:04:50 UTC] Spectra: CSS/JS generation returned empty for post 22905 (type: js). Keeping existing file to prevent 404.
[03-Sep-2026 08:06:04 UTC] Spectra: CSS/JS generation returned empty for post 30868 (type: js). Keeping existing file to prevent 404.
[03-Sep-2026 08:06:25 UTC] Spectra: CSS/JS generation returned empty for post 11033 (type: js). Keeping existing file to prevent 404.
[03-Sep-2026 08:06:29 UTC] Spectra: CSS/JS generation returned empty for post 21327 (type: js). Keeping existing file to prevent 404.
[03-Sep-2026 08:07:05 UTC] Spectra: CSS/JS generation returned empty for post 26866 (type: js). Keeping existing file to prevent 404.
[03-Sep-2026 08:07:19 UTC] Spectra: CSS/JS generation returned empty for post 6897 (type: js). Keeping existing file to prevent 404.
[03-Sep-2026 08:09:13 UTC] Spectra: CSS/JS generation returned empty for post 7731 (type: js). Keeping existing file to prevent 404.
[03-Sep-2026 08:14:08 UTC] Spectra: CSS/JS generation returned empty for post 18501 (type: js). Keeping existing file to prevent 404.
[03-Sep-2026 08:16:05 UTC] Spectra: CSS/JS generation returned empty for post 22852 (type: js). Keeping existing file to prevent 404.
[03-Sep-2026 08:16:37 UTC] Spectra: CSS/JS generation returned empty for post 22860 (type: js). Keeping existing file to prevent 404.
[03-Sep-2026 08:16:57 UTC] Spectra: CSS/JS generation returned empty for post 22816 (type: js). Keeping existing file to prevent 404.
[03-Sep-2026 08:18:31 UTC] Spectra: CSS/JS generation returned empty for post 23061 (type: js). Keeping existing file to prevent 404.
[03-Sep-2026 08:21:40 UTC] Spectra: CSS/JS generation returned empty for post 23059 (type: js). Keeping existing file to prevent 404.
[03-Sep-2026 08:23:25 UTC] Spectra: CSS/JS generation returned empty for post 22927 (type: js). Keeping existing file to prevent 404.
[03-Sep-2026 08:25:43 UTC] Spectra: CSS/JS generation returned empty for post 10861 (type: js). Keeping existing file to prevent 404.
[03-Sep-2026 08:26:47 UTC] Spectra: CSS/JS generation returned empty for post 24724 (type: js). Keeping existing file to prevent 404.
[03-Sep-2026 08:28:45 UTC] Spectra: CSS/JS generation returned empty for post 21336 (type: js). Keeping existing file to prevent 404.
[03-Sep-2026 08:40:29 UTC] Spectra: CSS/JS generation returned empty for post 28528 (type: js). Keeping existing file to prevent 404.
[03-Sep-2026 08:46:17 UTC] Spectra: CSS/JS generation returned empty for post 17048 (type: js). Keeping existing file to prevent 404.
[03-Sep-2026 08:46:43 UTC] Spectra: CSS/JS generation returned empty for post 24731 (type: js). Keeping existing file to prevent 404.
[03-Sep-2026 08:47:57 UTC] Spectra: CSS/JS generation returned empty for post 19123 (type: js). Keeping existing file to prevent 404.
[03-Sep-2026 08:48:26 UTC] Spectra: CSS/JS generation returned empty for post 21323 (type: js). Keeping existing file to prevent 404.
[03-Sep-2026 08:52:41 UTC] Spectra: CSS/JS generation returned empty for post 26199 (type: js). Keeping existing file to prevent 404.
[03-Sep-2026 09:01:47 UTC] Spectra: CSS/JS generation returned empty for post 20440 (type: js). Keeping existing file to prevent 404.
[03-Sep-2026 09:01:57 UTC] Spectra: CSS/JS generation returned empty for post 21601 (type: js). Keeping existing file to prevent 404.
[03-Sep-2026 09:05:09 UTC] Spectra: CSS/JS generation returned empty for post 17486 (type: js). Keeping existing file to prevent 404.
[03-Sep-2026 09:06:44 UTC] Spectra: CSS/JS generation returned empty for post 8209 (type: js). Keeping existing file to prevent 404.
[03-Sep-2026 09:07:56 UTC] Spectra: CSS/JS generation returned empty for post 22732 (type: js). Keeping existing file to prevent 404.
[03-Sep-2026 09:08:51 UTC] Spectra: CSS/JS generation returned empty for post 17374 (type: js). Keeping existing file to prevent 404.
[03-Sep-2026 09:16:59 UTC] Spectra: CSS/JS generation returned empty for post 23804 (type: js). Keeping existing file to prevent 404.
[03-Sep-2026 09:18:12 UTC] Spectra: CSS/JS generation returned empty for post 11065 (type: js). Keeping existing file to prevent 404.
[03-Sep-2026 09:22:34 UTC] Spectra: CSS/JS generation returned empty for post 21332 (type: js). Keeping existing file to prevent 404.
[03-Sep-2026 09:25:31 UTC] Spectra: CSS/JS generation returned empty for post 17371 (type: js). Keeping existing file to prevent 404.
[03-Sep-2026 09:26:41 UTC] Spectra: CSS/JS generation returned empty for post 136 (type: js). Keeping existing file to prevent 404.
[03-Sep-2026 09:29:01 UTC] Spectra: CSS/JS generation returned empty for post 28452 (type: js). Keeping existing file to prevent 404.
[03-Sep-2026 09:31:33 UTC] Spectra: CSS/JS generation returned empty for post 7745 (type: js). Keeping existing file to prevent 404.
[03-Sep-2026 09:31:58 UTC] Spectra: CSS/JS generation returned empty for post 22878 (type: js). Keeping existing file to prevent 404.
[03-Sep-2026 09:41:26 UTC] Spectra: CSS/JS generation returned empty for post 20440 (type: js). Keeping existing file to prevent 404.
[03-Sep-2026 09:42:44 UTC] Spectra: CSS/JS generation returned empty for post 23059 (type: js). Keeping existing file to prevent 404.
[03-Sep-2026 09:45:02 UTC] Spectra: CSS/JS generation returned empty for post 17377 (type: js). Keeping existing file to prevent 404.
[03-Sep-2026 09:47:14 UTC] Spectra: CSS/JS generation returned empty for post 26157 (type: js). Keeping existing file to prevent 404.
[03-Sep-2026 09:47:14 UTC] Spectra: CSS/JS generation returned empty for post 17377 (type: js). Keeping existing file to prevent 404.
[03-Sep-2026 09:47:57 UTC] Spectra: CSS/JS generation returned empty for post 21497 (type: js). Keeping existing file to prevent 404.
[03-Sep-2026 09:48:22 UTC] Spectra: CSS/JS generation returned empty for post 22927 (type: js). Keeping existing file to prevent 404.
[03-Sep-2026 09:49:33 UTC] Spectra: CSS/JS generation returned empty for post 11133 (type: js). Keeping existing file to prevent 404.
[03-Sep-2026 09:49:35 UTC] Spectra: CSS/JS generation returned empty for post 11359 (type: js). Keeping existing file to prevent 404.
[03-Sep-2026 09:49:35 UTC] Spectra: CSS/JS generation returned empty for post 11368 (type: css). Keeping existing file to prevent 404.
[03-Sep-2026 09:49:35 UTC] Spectra: CSS/JS generation returned empty for post 11368 (type: js). Keeping existing file to prevent 404.
[03-Sep-2026 09:49:53 UTC] Spectra: CSS/JS generation returned empty for post 19123 (type: js). Keeping existing file to prevent 404.
[03-Sep-2026 09:52:33 UTC] Spectra: CSS/JS generation returned empty for post 22929 (type: js). Keeping existing file to prevent 404.
[03-Sep-2026 09:54:20 UTC] Spectra: CSS/JS generation returned empty for post 7731 (type: js). Keeping existing file to prevent 404.
[03-Sep-2026 09:57:36 UTC] Spectra: CSS/JS generation returned empty for post 18413 (type: js). Keeping existing file to prevent 404.
[03-Sep-2026 10:03:46 UTC] Spectra: CSS/JS generation returned empty for post 19169 (type: js). Keeping existing file to prevent 404.
[03-Sep-2026 10:05:40 UTC] Spectra: CSS/JS generation returned empty for post 21327 (type: js). Keeping existing file to prevent 404.
[03-Sep-2026 10:10:21 UTC] Spectra: CSS/JS generation returned empty for post 21601 (type: js). Keeping existing file to prevent 404.
[03-Sep-2026 10:18:33 UTC] Spectra: CSS/JS generation returned empty for post 17368 (type: js). Keeping existing file to prevent 404.
[03-Sep-2026 10:23:10 UTC] Spectra: CSS/JS generation returned empty for post 18557 (type: js). Keeping existing file to prevent 404.
[03-Sep-2026 10:23:36 UTC] Spectra: CSS/JS generation returned empty for post 12064 (type: js). Keeping existing file to prevent 404.
[03-Sep-2026 10:24:22 UTC] Spectra: CSS/JS generation returned empty for post 20421 (type: js). Keeping existing file to prevent 404.
[03-Sep-2026 10:26:36 UTC] Spectra: CSS/JS generation returned empty for post 28452 (type: js). Keeping existing file to prevent 404.
[03-Sep-2026 10:29:27 UTC] Spectra: CSS/JS generation returned empty for post 21494 (type: js). Keeping existing file to prevent 404.
[03-Sep-2026 10:29:49 UTC] Spectra: CSS/JS generation returned empty for post 8209 (type: js). Keeping existing file to prevent 404.
[03-Sep-2026 10:30:17 UTC] Spectra: CSS/JS generation returned empty for post 11147 (type: js). Keeping existing file to prevent 404.
[03-Sep-2026 10:34:17 UTC] Spectra: CSS/JS generation returned empty for post 22927 (type: js). Keeping existing file to prevent 404.
[03-Sep-2026 10:34:58 UTC] WordPress database error You have an error in your SQL syntax; check the manual that corresponds to your MariaDB server version for the right syntax to use near 'AND umt.meta_value NOT LIKE '%Contributor%' AND umt.meta_value NOT LIKE '%Sub...' at line 11 for query 
		SELECT u.ID, umt1.meta_value as last_update
		FROM wp_users as u
		    LEFT JOIN wp_usermeta AS um ON ( u.ID = um.user_id AND um.meta_key = 'rank_math_robots' )
		    LEFT JOIN wp_usermeta AS umt ON ( u.ID = umt.user_id AND umt.meta_key = 'wp_capabilities' )
		    LEFT JOIN wp_usermeta AS umt1 ON ( u.ID = umt1.user_id AND umt1.meta_key = 'last_update' )
		    WHERE ( (
		 		( um.meta_key = 'rank_math_robots' AND um.meta_value NOT LIKE '%noindex%' )
		 		OR um.user_id IS NULL
			)
			AND (  umt1.meta_key = 'last_update' OR umt1.user_id IS NULL )
			AND ( umt.meta_key ='wp_capabilities' AND (  AND umt.meta_value NOT LIKE '%Contributor%' AND umt.meta_value NOT LIKE '%Subscriber%' ) ) )
		    AND u.ID IN (
			SELECT post_author
			FROM wp_posts as p
			WHERE p.post_status = 'publish' AND p.post_password = ''
			
		)
		ORDER BY umt1.meta_value DESC
		  made by require('wp-blog-header.php'), wp, WP->main, WP->query_posts, WP_Query->query, WP_Query->get_posts, WP_Query->parse_query, do_action_ref_array('parse_query'), WP_Hook->do_action, WP_Hook->apply_filters, RankMath\Sitemap\Router->request_sitemap, RankMath\Sitemap\Sitemap_XML->__construct, RankMath\Sitemap\Sitemap_XML->output, RankMath\Sitemap\Sitemap_XML->has_sitemap_in_cache, RankMath\Sitemap\Sitemap_XML->build_sitemap, RankMath\Sitemap\Generator->get_output, RankMath\Sitemap\Generator->build_sitemap, RankMath\Sitemap\Generator->build_root_map, RankMath\Sitemap\Providers\Author->get_index_links, RankMath\Sitemap\Providers\Author->get_index_users, RankMath\Helpers\DB::get_results, RankMath\Admin\Database\Query_Builder->get_results, RankMath\Admin\Database\Query_Builder->run
[03-Sep-2026 10:36:05 UTC] Spectra: CSS/JS generation returned empty for post 7731 (type: js). Keeping existing file to prevent 404.
[03-Sep-2026 10:36:08 UTC] Spectra: CSS/JS generation returned empty for post 19169 (type: js). Keeping existing file to prevent 404.
[03-Sep-2026 10:37:00 UTC] Spectra: CSS/JS generation returned empty for post 11147 (type: js). Keeping existing file to prevent 404.
[03-Sep-2026 10:43:19 UTC] Spectra: CSS/JS generation returned empty for post 11147 (type: js). Keeping existing file to prevent 404.
[03-Sep-2026 10:43:25 UTC] Spectra: CSS/JS generation returned empty for post 11144 (type: js). Keeping existing file to prevent 404.
[03-Sep-2026 10:43:26 UTC] Spectra: CSS/JS generation returned empty for post 19169 (type: js). Keeping existing file to prevent 404.
[03-Sep-2026 10:43:26 UTC] Spectra: CSS/JS generation returned empty for post 19169 (type: js). Keeping existing file to prevent 404.
[03-Sep-2026 10:43:27 UTC] Spectra: CSS/JS generation returned empty for post 19169 (type: js). Keeping existing file to prevent 404.
[03-Sep-2026 10:43:27 UTC] Spectra: CSS/JS generation returned empty for post 19169 (type: js). Keeping existing file to prevent 404.
[03-Sep-2026 10:43:27 UTC] Spectra: CSS/JS generation returned empty for post 19169 (type: js). Keeping existing file to prevent 404.
[03-Sep-2026 10:44:07 UTC] Spectra: CSS/JS generation returned empty for post 22732 (type: js). Keeping existing file to prevent 404.
[03-Sep-2026 10:44:08 UTC] Spectra: CSS/JS generation returned empty for post 19123 (type: js). Keeping existing file to prevent 404.
[03-Sep-2026 10:45:47 UTC] Spectra: CSS/JS generation returned empty for post 22860 (type: js). Keeping existing file to prevent 404.
[03-Sep-2026 10:45:48 UTC] Spectra: CSS/JS generation returned empty for post 11147 (type: js). Keeping existing file to prevent 404.
[03-Sep-2026 10:48:04 UTC] Spectra: CSS/JS generation returned empty for post 7745 (type: js). Keeping existing file to prevent 404.
[03-Sep-2026 10:48:05 UTC] Spectra: CSS/JS generation returned empty for post 17048 (type: js). Keeping existing file to prevent 404.
[03-Sep-2026 10:48:07 UTC] Spectra: CSS/JS generation returned empty for post 19123 (type: js). Keeping existing file to prevent 404.
[03-Sep-2026 10:48:33 UTC] Spectra: CSS/JS generation returned empty for post 19169 (type: js). Keeping existing file to prevent 404.
[03-Sep-2026 10:49:19 UTC] WordPress database error You have an error in your SQL syntax; check the manual that corresponds to your MariaDB server version for the right syntax to use near 'AND umt.meta_value NOT LIKE '%Contributor%' AND umt.meta_value NOT LIKE '%Sub...' at line 11 for query 
		SELECT u.ID, umt1.meta_value as last_update
		FROM wp_users as u
		    LEFT JOIN wp_usermeta AS um ON ( u.ID = um.user_id AND um.meta_key = 'rank_math_robots' )
		    LEFT JOIN wp_usermeta AS umt ON ( u.ID = umt.user_id AND umt.meta_key = 'wp_capabilities' )
		    LEFT JOIN wp_usermeta AS umt1 ON ( u.ID = umt1.user_id AND umt1.meta_key = 'last_update' )
		    WHERE ( (
		 		( um.meta_key = 'rank_math_robots' AND um.meta_value NOT LIKE '%noindex%' )
		 		OR um.user_id IS NULL
			)
			AND (  umt1.meta_key = 'last_update' OR umt1.user_id IS NULL )
			AND ( umt.meta_key ='wp_capabilities' AND (  AND umt.meta_value NOT LIKE '%Contributor%' AND umt.meta_value NOT LIKE '%Subscriber%' ) ) )
		    AND u.ID IN (
			SELECT post_author
			FROM wp_posts as p
			WHERE p.post_status = 'publish' AND p.post_password = ''
			
		)
		ORDER BY umt1.meta_value DESC
		  made by require('wp-blog-header.php'), wp, WP->main, WP->query_posts, WP_Query->query, WP_Query->get_posts, WP_Query->parse_query, do_action_ref_array('parse_query'), WP_Hook->do_action, WP_Hook->apply_filters, RankMath\Sitemap\Router->request_sitemap, RankMath\Sitemap\Sitemap_XML->__construct, RankMath\Sitemap\Sitemap_XML->output, RankMath\Sitemap\Sitemap_XML->has_sitemap_in_cache, RankMath\Sitemap\Sitemap_XML->build_sitemap, RankMath\Sitemap\Generator->get_output, RankMath\Sitemap\Generator->build_sitemap, RankMath\Sitemap\Generator->build_root_map, RankMath\Sitemap\Providers\Author->get_index_links, RankMath\Sitemap\Providers\Author->get_index_users, RankMath\Helpers\DB::get_results, RankMath\Admin\Database\Query_Builder->get_results, RankMath\Admin\Database\Query_Builder->run
[03-Sep-2026 10:49:42 UTC] Spectra: CSS/JS generation returned empty for post 20636 (type: js). Keeping existing file to prevent 404.
[03-Sep-2026 10:50:21 UTC] Spectra: CSS/JS generation returned empty for post 26866 (type: js). Keeping existing file to prevent 404.
[03-Sep-2026 10:50:25 UTC] Spectra: CSS/JS generation returned empty for post 9895 (type: js). Keeping existing file to prevent 404.
[03-Sep-2026 10:55:56 UTC] Spectra: CSS/JS generation returned empty for post 19169 (type: js). Keeping existing file to prevent 404.
[03-Sep-2026 10:55:56 UTC] Spectra: CSS/JS generation returned empty for post 19169 (type: js). Keeping existing file to prevent 404.
[03-Sep-2026 10:55:56 UTC] Spectra: CSS/JS generation returned empty for post 19169 (type: js). Keeping existing file to prevent 404.
[03-Sep-2026 10:55:56 UTC] Spectra: CSS/JS generation returned empty for post 19169 (type: js). Keeping existing file to prevent 404.
[03-Sep-2026 10:55:56 UTC] Spectra: CSS/JS generation returned empty for post 19169 (type: js). Keeping existing file to prevent 404.
[03-Sep-2026 10:55:56 UTC] Spectra: CSS/JS generation returned empty for post 19169 (type: js). Keeping existing file to prevent 404.
[03-Sep-2026 10:55:56 UTC] Spectra: CSS/JS generation returned empty for post 19169 (type: js). Keeping existing file to prevent 404.
[03-Sep-2026 10:56:06 UTC] Spectra: CSS/JS generation returned empty for post 17048 (type: js). Keeping existing file to prevent 404.
[03-Sep-2026 10:59:43 UTC] Spectra: CSS/JS generation returned empty for post 18106 (type: js). Keeping existing file to prevent 404.
[03-Sep-2026 11:00:01 UTC] Spectra: CSS/JS generation returned empty for post 18534 (type: js). Keeping existing file to prevent 404.
[03-Sep-2026 11:01:17 UTC] Spectra: CSS/JS generation returned empty for post 19123 (type: js). Keeping existing file to prevent 404.
[03-Sep-2026 11:01:18 UTC] Spectra: CSS/JS generation returned empty for post 11033 (type: js). Keeping existing file to prevent 404.
[03-Sep-2026 11:02:32 UTC] Spectra: CSS/JS generation returned empty for post 21488 (type: js). Keeping existing file to prevent 404.
[03-Sep-2026 11:07:38 UTC] Spectra: CSS/JS generation returned empty for post 29397 (type: js). Keeping existing file to prevent 404.
[03-Sep-2026 11:08:59 UTC] Spectra: CSS/JS generation returned empty for post 23059 (type: js). Keeping existing file to prevent 404.
[03-Sep-2026 11:09:59 UTC] Spectra: CSS/JS generation returned empty for post 23063 (type: js). Keeping existing file to prevent 404.
[03-Sep-2026 11:11:23 UTC] Spectra: CSS/JS generation returned empty for post 21351 (type: js). Keeping existing file to prevent 404.
[03-Sep-2026 11:12:02 UTC] Spectra: CSS/JS generation returned empty for post 21588 (type: js). Keeping existing file to prevent 404.
[03-Sep-2026 11:14:03 UTC] Spectra: CSS/JS generation returned empty for post 9895 (type: js). Keeping existing file to prevent 404.
[03-Sep-2026 11:18:09 UTC] Spectra: CSS/JS generation returned empty for post 17374 (type: js). Keeping existing file to prevent 404.
[03-Sep-2026 11:18:25 UTC] Spectra: CSS/JS generation returned empty for post 11024 (type: js). Keeping existing file to prevent 404.
[03-Sep-2026 11:18:30 UTC] Spectra: CSS/JS generation returned empty for post 19169 (type: js). Keeping existing file to prevent 404.
[03-Sep-2026 11:18:30 UTC] Spectra: CSS/JS generation returned empty for post 19169 (type: js). Keeping existing file to prevent 404.
[03-Sep-2026 11:18:30 UTC] Spectra: CSS/JS generation returned empty for post 19169 (type: js). Keeping existing file to prevent 404.
[03-Sep-2026 11:21:29 UTC] Spectra: CSS/JS generation returned empty for post 11372 (type: js). Keeping existing file to prevent 404.
[03-Sep-2026 11:21:29 UTC] Spectra: CSS/JS generation returned empty for post 19123 (type: js). Keeping existing file to prevent 404.
[03-Sep-2026 11:22:52 UTC] Spectra: CSS/JS generation returned empty for post 23059 (type: js). Keeping existing file to prevent 404.
[03-Sep-2026 11:24:20 UTC] Spectra: CSS/JS generation returned empty for post 24726 (type: js). Keeping existing file to prevent 404.
[03-Sep-2026 11:26:33 UTC] Spectra: CSS/JS generation returned empty for post 31454 (type: js). Keeping existing file to prevent 404.
[03-Sep-2026 11:29:54 UTC] Spectra: CSS/JS generation returned empty for post 19169 (type: js). Keeping existing file to prevent 404.
[03-Sep-2026 11:30:17 UTC] Spectra: CSS/JS generation returned empty for post 21323 (type: js). Keeping existing file to prevent 404.
[03-Sep-2026 11:31:00 UTC] Spectra: CSS/JS generation returned empty for post 18413 (type: js). Keeping existing file to prevent 404.
[03-Sep-2026 11:38:20 UTC] Spectra: CSS/JS generation returned empty for post 11383 (type: js). Keeping existing file to prevent 404.
[03-Sep-2026 11:38:25 UTC] Spectra: CSS/JS generation returned empty for post 11033 (type: js). Keeping existing file to prevent 404.
[03-Sep-2026 11:39:51 UTC] Spectra: CSS/JS generation returned empty for post 7731 (type: js). Keeping existing file to prevent 404.
[03-Sep-2026 11:40:48 UTC] Spectra: CSS/JS generation returned empty for post 21500 (type: js). Keeping existing file to prevent 404.
[03-Sep-2026 11:41:40 UTC] Spectra: CSS/JS generation returned empty for post 19123 (type: js). Keeping existing file to prevent 404.
[03-Sep-2026 11:42:04 UTC] Spectra: CSS/JS generation returned empty for post 23044 (type: js). Keeping existing file to prevent 404.
[03-Sep-2026 11:43:01 UTC] Spectra: CSS/JS generation returned empty for post 7739 (type: js). Keeping existing file to prevent 404.
[03-Sep-2026 11:43:04 UTC] Spectra: CSS/JS generation returned empty for post 30868 (type: js). Keeping existing file to prevent 404.
[03-Sep-2026 11:44:42 UTC] Spectra: CSS/JS generation returned empty for post 7745 (type: js). Keeping existing file to prevent 404.
[03-Sep-2026 11:48:17 UTC] Spectra: CSS/JS generation returned empty for post 7037 (type: js). Keeping existing file to prevent 404.
[03-Sep-2026 11:51:02 UTC] Spectra: CSS/JS generation returned empty for post 22860 (type: js). Keeping existing file to prevent 404.
[03-Sep-2026 11:51:38 UTC] Spectra: CSS/JS generation returned empty for post 19169 (type: js). Keeping existing file to prevent 404.
[03-Sep-2026 11:54:44 UTC] Spectra: CSS/JS generation returned empty for post 10669 (type: js). Keeping existing file to prevent 404.
[03-Sep-2026 11:55:21 UTC] Spectra: CSS/JS generation returned empty for post 28452 (type: js). Keeping existing file to prevent 404.
[03-Sep-2026 11:56:57 UTC] WordPress database error You have an error in your SQL syntax; check the manual that corresponds to your MariaDB server version for the right syntax to use near 'AND umt.meta_value NOT LIKE '%Contributor%' AND umt.meta_value NOT LIKE '%Sub...' at line 11 for query 
		SELECT u.ID, umt1.meta_value as last_update
		FROM wp_users as u
		    LEFT JOIN wp_usermeta AS um ON ( u.ID = um.user_id AND um.meta_key = 'rank_math_robots' )
		    LEFT JOIN wp_usermeta AS umt ON ( u.ID = umt.user_id AND umt.meta_key = 'wp_capabilities' )
		    LEFT JOIN wp_usermeta AS umt1 ON ( u.ID = umt1.user_id AND umt1.meta_key = 'last_update' )
		    WHERE ( (
		 		( um.meta_key = 'rank_math_robots' AND um.meta_value NOT LIKE '%noindex%' )
		 		OR um.user_id IS NULL
			)
			AND (  umt1.meta_key = 'last_update' OR umt1.user_id IS NULL )
			AND ( umt.meta_key ='wp_capabilities' AND (  AND umt.meta_value NOT LIKE '%Contributor%' AND umt.meta_value NOT LIKE '%Subscriber%' ) ) )
		    AND u.ID IN (
			SELECT post_author
			FROM wp_posts as p
			WHERE p.post_status = 'publish' AND p.post_password = ''
			
		)
		ORDER BY umt1.meta_value DESC
		  made by require('wp-blog-header.php'), wp, WP->main, WP->query_posts, WP_Query->query, WP_Query->get_posts, WP_Query->parse_query, do_action_ref_array('parse_query'), WP_Hook->do_action, WP_Hook->apply_filters, RankMath\Sitemap\Router->request_sitemap, RankMath\Sitemap\Sitemap_XML->__construct, RankMath\Sitemap\Sitemap_XML->output, RankMath\Sitemap\Sitemap_XML->has_sitemap_in_cache, RankMath\Sitemap\Sitemap_XML->build_sitemap, RankMath\Sitemap\Generator->get_output, RankMath\Sitemap\Generator->build_sitemap, RankMath\Sitemap\Generator->build_root_map, RankMath\Sitemap\Providers\Author->get_index_links, RankMath\Sitemap\Providers\Author->get_index_users, RankMath\Helpers\DB::get_results, RankMath\Admin\Database\Query_Builder->get_results, RankMath\Admin\Database\Query_Builder->run
[03-Sep-2026 12:01:58 UTC] Spectra: CSS/JS generation returned empty for post 21505 (type: js). Keeping existing file to prevent 404.
[03-Sep-2026 12:02:46 UTC] Spectra: CSS/JS generation returned empty for post 7745 (type: js). Keeping existing file to prevent 404.
[03-Sep-2026 12:04:14 UTC] Spectra: CSS/JS generation returned empty for post 17374 (type: js). Keeping existing file to prevent 404.
[03-Sep-2026 12:05:38 UTC] Spectra: CSS/JS generation returned empty for post 21494 (type: js). Keeping existing file to prevent 404.
[03-Sep-2026 12:14:24 UTC] Spectra: CSS/JS generation returned empty for post 31454 (type: js). Keeping existing file to prevent 404.
[03-Sep-2026 12:18:14 UTC] Spectra: CSS/JS generation returned empty for post 18431 (type: js). Keeping existing file to prevent 404.
[03-Sep-2026 12:24:15 UTC] Spectra: CSS/JS generation returned empty for post 23044 (type: js). Keeping existing file to prevent 404.
[03-Sep-2026 12:25:39 UTC] Spectra: CSS/JS generation returned empty for post 23059 (type: js). Keeping existing file to prevent 404.
[03-Sep-2026 12:28:10 UTC] Spectra: CSS/JS generation returned empty for post 9895 (type: js). Keeping existing file to prevent 404.
[03-Sep-2026 12:43:27 UTC] Spectra: CSS/JS generation returned empty for post 6897 (type: js). Keeping existing file to prevent 404.
[03-Sep-2026 12:50:20 UTC] Spectra: CSS/JS generation returned empty for post 11033 (type: js). Keeping existing file to prevent 404.
[03-Sep-2026 12:59:02 UTC] Spectra: CSS/JS generation returned empty for post 22905 (type: js). Keeping existing file to prevent 404.
[03-Sep-2026 13:01:10 UTC] Spectra: CSS/JS generation returned empty for post 22816 (type: js). Keeping existing file to prevent 404.
[03-Sep-2026 13:01:11 UTC] Spectra: CSS/JS generation returned empty for post 11372 (type: js). Keeping existing file to prevent 404.
[03-Sep-2026 13:01:55 UTC] Spectra: CSS/JS generation returned empty for post 13836 (type: js). Keeping existing file to prevent 404.
[03-Sep-2026 13:04:46 UTC] Spectra: CSS/JS generation returned empty for post 10861 (type: js). Keeping existing file to prevent 404.
[03-Sep-2026 13:11:51 UTC] Spectra: CSS/JS generation returned empty for post 20421 (type: js). Keeping existing file to prevent 404.
[03-Sep-2026 13:19:48 UTC] Spectra: CSS/JS generation returned empty for post 28528 (type: js). Keeping existing file to prevent 404.
[03-Sep-2026 13:25:03 UTC] Spectra: CSS/JS generation returned empty for post 24568 (type: js). Keeping existing file to prevent 404.
[03-Sep-2026 13:35:27 UTC] Spectra: CSS/JS generation returned empty for post 21327 (type: js). Keeping existing file to prevent 404.
[03-Sep-2026 13:55:27 UTC] Spectra: CSS/JS generation returned empty for post 19123 (type: js). Keeping existing file to prevent 404.
[03-Sep-2026 14:01:43 UTC] Spectra: CSS/JS generation returned empty for post 18501 (type: js). Keeping existing file to prevent 404.
[03-Sep-2026 14:03:33 UTC] Spectra: CSS/JS generation returned empty for post 17048 (type: js). Keeping existing file to prevent 404.
[03-Sep-2026 14:17:03 UTC] Spectra: CSS/JS generation returned empty for post 11065 (type: js). Keeping existing file to prevent 404.
[03-Sep-2026 14:43:37 UTC] Spectra: CSS/JS generation returned empty for post 12528 (type: js). Keeping existing file to prevent 404.
[03-Sep-2026 14:44:47 UTC] Spectra: CSS/JS generation returned empty for post 7739 (type: js). Keeping existing file to prevent 404.
[03-Sep-2026 14:48:43 UTC] Spectra: CSS/JS generation returned empty for post 22860 (type: js). Keeping existing file to prevent 404.
[03-Sep-2026 14:51:58 UTC] Spectra: CSS/JS generation returned empty for post 10907 (type: js). Keeping existing file to prevent 404.
[03-Sep-2026 14:54:20 UTC] Spectra: CSS/JS generation returned empty for post 23282 (type: js). Keeping existing file to prevent 404.
[03-Sep-2026 14:54:26 UTC] Spectra: CSS/JS generation returned empty for post 22511 (type: js). Keeping existing file to prevent 404.
[03-Sep-2026 14:56:34 UTC] Spectra: CSS/JS generation returned empty for post 23294 (type: js). Keeping existing file to prevent 404.
[03-Sep-2026 14:56:55 UTC] Spectra: CSS/JS generation returned empty for post 13747 (type: js). Keeping existing file to prevent 404.
[03-Sep-2026 15:04:32 UTC] Spectra: CSS/JS generation returned empty for post 21336 (type: js). Keeping existing file to prevent 404.
[03-Sep-2026 15:04:35 UTC] Spectra: CSS/JS generation returned empty for post 10881 (type: js). Keeping existing file to prevent 404.
[03-Sep-2026 15:10:46 UTC] Spectra: CSS/JS generation returned empty for post 10249 (type: js). Keeping existing file to prevent 404.
[03-Sep-2026 15:11:57 UTC] Spectra: CSS/JS generation returned empty for post 23481 (type: js). Keeping existing file to prevent 404.
[03-Sep-2026 15:17:20 UTC] Spectra: CSS/JS generation returned empty for post 23799 (type: js). Keeping existing file to prevent 404.
[03-Sep-2026 15:25:33 UTC] Spectra: CSS/JS generation returned empty for post 18413 (type: js). Keeping existing file to prevent 404.
[03-Sep-2026 15:27:51 UTC] Spectra: CSS/JS generation returned empty for post 10927 (type: js). Keeping existing file to prevent 404.
[03-Sep-2026 15:30:45 UTC] Spectra: CSS/JS generation returned empty for post 23804 (type: js). Keeping existing file to prevent 404.
[03-Sep-2026 15:31:41 UTC] Spectra: CSS/JS generation returned empty for post 21500 (type: js). Keeping existing file to prevent 404.
[03-Sep-2026 15:34:49 UTC] Spectra: CSS/JS generation returned empty for post 24731 (type: js). Keeping existing file to prevent 404.
[03-Sep-2026 15:40:58 UTC] Spectra: CSS/JS generation returned empty for post 12532 (type: js). Keeping existing file to prevent 404.
[03-Sep-2026 15:45:27 UTC] Spectra: CSS/JS generation returned empty for post 18563 (type: js). Keeping existing file to prevent 404.
[03-Sep-2026 15:51:58 UTC] Spectra: CSS/JS generation returned empty for post 22909 (type: js). Keeping existing file to prevent 404.
[03-Sep-2026 15:54:29 UTC] Spectra: CSS/JS generation returned empty for post 11877 (type: js). Keeping existing file to prevent 404.
[03-Sep-2026 15:57:28 UTC] Spectra: CSS/JS generation returned empty for post 21265 (type: js). Keeping existing file to prevent 404.
[03-Sep-2026 16:02:34 UTC] Spectra: CSS/JS generation returned empty for post 17371 (type: js). Keeping existing file to prevent 404.
[03-Sep-2026 16:05:33 UTC] Spectra: CSS/JS generation returned empty for post 11771 (type: js). Keeping existing file to prevent 404.
[03-Sep-2026 16:05:48 UTC] Spectra: CSS/JS generation returned empty for post 11743 (type: js). Keeping existing file to prevent 404.
[03-Sep-2026 16:07:58 UTC] Spectra: CSS/JS generation returned empty for post 10970 (type: js). Keeping existing file to prevent 404.
[03-Sep-2026 16:23:54 UTC] Spectra: CSS/JS generation returned empty for post 12521 (type: js). Keeping existing file to prevent 404.
[03-Sep-2026 16:26:14 UTC] Spectra: CSS/JS generation returned empty for post 20636 (type: js). Keeping existing file to prevent 404.
[03-Sep-2026 16:37:24 UTC] Spectra: CSS/JS generation returned empty for post 12064 (type: js). Keeping existing file to prevent 404.
[03-Sep-2026 16:37:24 UTC] Spectra: CSS/JS generation returned empty for post 12064 (type: js). Keeping existing file to prevent 404.
[03-Sep-2026 16:41:02 UTC] Spectra: CSS/JS generation returned empty for post 20618 (type: js). Keeping existing file to prevent 404.
[03-Sep-2026 16:45:43 UTC] Spectra: CSS/JS generation returned empty for post 11144 (type: js). Keeping existing file to prevent 404.
[03-Sep-2026 16:45:49 UTC] Spectra: CSS/JS generation returned empty for post 21323 (type: js). Keeping existing file to prevent 404.
[03-Sep-2026 16:50:09 UTC] Spectra: CSS/JS generation returned empty for post 23061 (type: js). Keeping existing file to prevent 404.
[03-Sep-2026 16:53:42 UTC] Spectra: CSS/JS generation returned empty for post 11563 (type: js). Keeping existing file to prevent 404.
[03-Sep-2026 17:03:59 UTC] Spectra: CSS/JS generation returned empty for post 26157 (type: js). Keeping existing file to prevent 404.
[03-Sep-2026 17:06:04 UTC] Spectra: CSS/JS generation returned empty for post 7731 (type: js). Keeping existing file to prevent 404.
[03-Sep-2026 17:06:45 UTC] Spectra: CSS/JS generation returned empty for post 6991 (type: js). Keeping existing file to prevent 404.
[03-Sep-2026 17:08:41 UTC] Spectra: CSS/JS generation returned empty for post 17486 (type: js). Keeping existing file to prevent 404.
[03-Sep-2026 17:23:10 UTC] Spectra: CSS/JS generation returned empty for post 26077 (type: js). Keeping existing file to prevent 404.
[03-Sep-2026 17:29:29 UTC] Spectra: CSS/JS generation returned empty for post 21344 (type: js). Keeping existing file to prevent 404.
[03-Sep-2026 17:48:43 UTC] Spectra: CSS/JS generation returned empty for post 21332 (type: js). Keeping existing file to prevent 404.
[03-Sep-2026 18:03:00 UTC] Spectra: CSS/JS generation returned empty for post 23063 (type: js). Keeping existing file to prevent 404.
[03-Sep-2026 18:05:11 UTC] Spectra: CSS/JS generation returned empty for post 22927 (type: js). Keeping existing file to prevent 404.
[03-Sep-2026 18:10:45 UTC] Spectra: CSS/JS generation returned empty for post 21497 (type: js). Keeping existing file to prevent 404.
[03-Sep-2026 18:27:55 UTC] Spectra: CSS/JS generation returned empty for post 8714 (type: js). Keeping existing file to prevent 404.
[03-Sep-2026 18:36:00 UTC] Spectra: CSS/JS generation returned empty for post 7037 (type: js). Keeping existing file to prevent 404.
[03-Sep-2026 18:37:55 UTC] Spectra: CSS/JS generation returned empty for post 30629 (type: js). Keeping existing file to prevent 404.
[03-Sep-2026 18:50:53 UTC] Spectra: CSS/JS generation returned empty for post 11147 (type: js). Keeping existing file to prevent 404.
[03-Sep-2026 19:11:39 UTC] Spectra: CSS/JS generation returned empty for post 25628 (type: js). Keeping existing file to prevent 404.
[03-Sep-2026 19:12:32 UTC] Spectra: CSS/JS generation returned empty for post 10953 (type: js). Keeping existing file to prevent 404.
[03-Sep-2026 19:15:10 UTC] Spectra: CSS/JS generation returned empty for post 21348 (type: js). Keeping existing file to prevent 404.
[03-Sep-2026 19:25:09 UTC] Spectra: CSS/JS generation returned empty for post 22933 (type: js). Keeping existing file to prevent 404.
[03-Sep-2026 19:25:51 UTC] Spectra: CSS/JS generation returned empty for post 10861 (type: js). Keeping existing file to prevent 404.
[03-Sep-2026 19:25:53 UTC] Spectra: CSS/JS generation returned empty for post 19169 (type: js). Keeping existing file to prevent 404.
[03-Sep-2026 19:28:19 UTC] Spectra: CSS/JS generation returned empty for post 20632 (type: js). Keeping existing file to prevent 404.
[03-Sep-2026 19:30:43 UTC] Spectra: CSS/JS generation returned empty for post 22860 (type: js). Keeping existing file to prevent 404.
[03-Sep-2026 19:31:11 UTC] Spectra: CSS/JS generation returned empty for post 9895 (type: js). Keeping existing file to prevent 404.
[03-Sep-2026 19:32:58 UTC] Spectra: CSS/JS generation returned empty for post 19123 (type: js). Keeping existing file to prevent 404.
[03-Sep-2026 19:34:58 UTC] Spectra: CSS/JS generation returned empty for post 7745 (type: js). Keeping existing file to prevent 404.
[03-Sep-2026 19:44:01 UTC] Spectra: CSS/JS generation returned empty for post 7037 (type: js). Keeping existing file to prevent 404.
[03-Sep-2026 19:48:39 UTC] Spectra: CSS/JS generation returned empty for post 10881 (type: js). Keeping existing file to prevent 404.
[03-Sep-2026 19:54:40 UTC] Spectra: CSS/JS generation returned empty for post 7731 (type: js). Keeping existing file to prevent 404.
[03-Sep-2026 19:58:23 UTC] Spectra: CSS/JS generation returned empty for post 11065 (type: js). Keeping existing file to prevent 404.
[03-Sep-2026 20:02:56 UTC] Spectra: CSS/JS generation returned empty for post 11877 (type: js). Keeping existing file to prevent 404.
[03-Sep-2026 20:05:54 UTC] Spectra: CSS/JS generation returned empty for post 11690 (type: js). Keeping existing file to prevent 404.
[03-Sep-2026 20:05:54 UTC] Spectra: CSS/JS generation returned empty for post 11687 (type: css). Keeping existing file to prevent 404.
[03-Sep-2026 20:05:54 UTC] Spectra: CSS/JS generation returned empty for post 11687 (type: js). Keeping existing file to prevent 404.
[03-Sep-2026 20:08:21 UTC] Spectra: CSS/JS generation returned empty for post 17374 (type: js). Keeping existing file to prevent 404.
[03-Sep-2026 20:13:50 UTC] Spectra: CSS/JS generation returned empty for post 21494 (type: js). Keeping existing file to prevent 404.
[03-Sep-2026 20:15:23 UTC] Spectra: CSS/JS generation returned empty for post 12528 (type: js). Keeping existing file to prevent 404.
[03-Sep-2026 20:17:43 UTC] Spectra: CSS/JS generation returned empty for post 11563 (type: js). Keeping existing file to prevent 404.
[03-Sep-2026 20:18:19 UTC] Spectra: CSS/JS generation returned empty for post 22905 (type: js). Keeping existing file to prevent 404.
[03-Sep-2026 20:24:05 UTC] Spectra: CSS/JS generation returned empty for post 1 (type: js). Keeping existing file to prevent 404.
[03-Sep-2026 20:25:10 UTC] Spectra: CSS/JS generation returned empty for post 8209 (type: js). Keeping existing file to prevent 404.
[03-Sep-2026 20:31:56 UTC] Spectra: CSS/JS generation returned empty for post 24568 (type: js). Keeping existing file to prevent 404.
[03-Sep-2026 20:32:57 UTC] Spectra: CSS/JS generation returned empty for post 21497 (type: js). Keeping existing file to prevent 404.
[03-Sep-2026 20:38:13 UTC] Spectra: CSS/JS generation returned empty for post 23059 (type: js). Keeping existing file to prevent 404.
[03-Sep-2026 20:55:33 UTC] Spectra: CSS/JS generation returned empty for post 21500 (type: js). Keeping existing file to prevent 404.
[03-Sep-2026 21:03:47 UTC] Spectra: CSS/JS generation returned empty for post 22516 (type: js). Keeping existing file to prevent 404.
[03-Sep-2026 21:03:47 UTC] Spectra: CSS/JS generation returned empty for post 11147 (type: js). Keeping existing file to prevent 404.
[03-Sep-2026 21:03:48 UTC] Spectra: CSS/JS generation returned empty for post 11033 (type: js). Keeping existing file to prevent 404.
[03-Sep-2026 21:04:16 UTC] Spectra: CSS/JS generation returned empty for post 28528 (type: js). Keeping existing file to prevent 404.
[03-Sep-2026 21:04:30 UTC] Spectra: CSS/JS generation returned empty for post 23481 (type: js). Keeping existing file to prevent 404.
[03-Sep-2026 21:05:16 UTC] Spectra: CSS/JS generation returned empty for post 28452 (type: js). Keeping existing file to prevent 404.
[03-Sep-2026 21:07:17 UTC] Spectra: CSS/JS generation returned empty for post 26866 (type: js). Keeping existing file to prevent 404.
[03-Sep-2026 21:16:07 UTC] Spectra: CSS/JS generation returned empty for post 30629 (type: js). Keeping existing file to prevent 404.
[03-Sep-2026 21:20:18 UTC] Spectra: CSS/JS generation returned empty for post 6897 (type: js). Keeping existing file to prevent 404.
[03-Sep-2026 21:21:14 UTC] Spectra: CSS/JS generation returned empty for post 23061 (type: js). Keeping existing file to prevent 404.
[03-Sep-2026 21:27:22 UTC] Spectra: CSS/JS generation returned empty for post 20421 (type: js). Keeping existing file to prevent 404.
[03-Sep-2026 21:27:33 UTC] Spectra: CSS/JS generation returned empty for post 17377 (type: js). Keeping existing file to prevent 404.
[03-Sep-2026 21:27:43 UTC] Spectra: CSS/JS generation returned empty for post 31409 (type: js). Keeping existing file to prevent 404.
[03-Sep-2026 21:27:48 UTC] Spectra: CSS/JS generation returned empty for post 11736 (type: js). Keeping existing file to prevent 404.
[03-Sep-2026 21:27:53 UTC] Spectra: CSS/JS generation returned empty for post 11796 (type: js). Keeping existing file to prevent 404.
[03-Sep-2026 21:42:52 UTC] Spectra: CSS/JS generation returned empty for post 12064 (type: js). Keeping existing file to prevent 404.
[03-Sep-2026 21:47:26 UTC] Spectra: CSS/JS generation returned empty for post 20440 (type: js). Keeping existing file to prevent 404.
[03-Sep-2026 21:51:41 UTC] Spectra: CSS/JS generation returned empty for post 21336 (type: js). Keeping existing file to prevent 404.
[03-Sep-2026 21:54:55 UTC] Spectra: CSS/JS generation returned empty for post 20405 (type: js). Keeping existing file to prevent 404.
[03-Sep-2026 22:03:34 UTC] Spectra: CSS/JS generation returned empty for post 17486 (type: js). Keeping existing file to prevent 404.
[03-Sep-2026 22:08:34 UTC] Spectra: CSS/JS generation returned empty for post 29395 (type: js). Keeping existing file to prevent 404.
[03-Sep-2026 22:11:42 UTC] Spectra: CSS/JS generation returned empty for post 31454 (type: js). Keeping existing file to prevent 404.
[03-Sep-2026 22:21:49 UTC] Spectra: CSS/JS generation returned empty for post 11499 (type: js). Keeping existing file to prevent 404.
[03-Sep-2026 22:22:02 UTC] Spectra: CSS/JS generation returned empty for post 22732 (type: js). Keeping existing file to prevent 404.
[03-Sep-2026 22:24:01 UTC] Spectra: CSS/JS generation returned empty for post 20626 (type: js). Keeping existing file to prevent 404.
[03-Sep-2026 23:10:12 UTC] Spectra: CSS/JS generation returned empty for post 21488 (type: js). Keeping existing file to prevent 404.
[04-Sep-2026 00:12:10 UTC] Spectra: CSS/JS generation returned empty for post 24529 (type: js). Keeping existing file to prevent 404.
[04-Sep-2026 00:16:00 UTC] Spectra: CSS/JS generation returned empty for post 10970 (type: js). Keeping existing file to prevent 404.
[04-Sep-2026 00:16:48 UTC] Spectra: CSS/JS generation returned empty for post 7739 (type: js). Keeping existing file to prevent 404.
[04-Sep-2026 00:39:09 UTC] Spectra: CSS/JS generation returned empty for post 21348 (type: js). Keeping existing file to prevent 404.
[04-Sep-2026 01:01:03 UTC] Spectra: CSS/JS generation returned empty for post 5 (type: js). Keeping existing file to prevent 404.
[04-Sep-2026 01:04:36 UTC] Spectra: CSS/JS generation returned empty for post 23044 (type: js). Keeping existing file to prevent 404.
[04-Sep-2026 01:17:41 UTC] Spectra: CSS/JS generation returned empty for post 18574 (type: js). Keeping existing file to prevent 404.
[04-Sep-2026 01:20:51 UTC] Spectra: CSS/JS generation returned empty for post 18557 (type: js). Keeping existing file to prevent 404.
[04-Sep-2026 01:25:46 UTC] Spectra: CSS/JS generation returned empty for post 30868 (type: js). Keeping existing file to prevent 404.
[04-Sep-2026 01:33:15 UTC] Spectra: CSS/JS generation returned empty for post 20636 (type: js). Keeping existing file to prevent 404.
[04-Sep-2026 02:00:37 UTC] Spectra: CSS/JS generation returned empty for post 6991 (type: js). Keeping existing file to prevent 404.
[04-Sep-2026 02:17:46 UTC] Spectra: CSS/JS generation returned empty for post 11762 (type: js). Keeping existing file to prevent 404.
[04-Sep-2026 02:43:34 UTC] Spectra: CSS/JS generation returned empty for post 17048 (type: js). Keeping existing file to prevent 404.
[04-Sep-2026 02:56:36 UTC] Spectra: CSS/JS generation returned empty for post 24726 (type: js). Keeping existing file to prevent 404.
[04-Sep-2026 02:58:37 UTC] Spectra: CSS/JS generation returned empty for post 23063 (type: js). Keeping existing file to prevent 404.
[04-Sep-2026 03:09:47 UTC] Spectra: CSS/JS generation returned empty for post 18494 (type: js). Keeping existing file to prevent 404.
[04-Sep-2026 03:26:09 UTC] Spectra: CSS/JS generation returned empty for post 22852 (type: js). Keeping existing file to prevent 404.
[04-Sep-2026 04:00:50 UTC] Spectra: CSS/JS generation returned empty for post 17368 (type: js). Keeping existing file to prevent 404.
[04-Sep-2026 04:11:55 UTC] Spectra: CSS/JS generation returned empty for post 21351 (type: js). Keeping existing file to prevent 404.
[04-Sep-2026 04:25:56 UTC] Spectra: CSS/JS generation returned empty for post 24184 (type: js). Keeping existing file to prevent 404.
[04-Sep-2026 04:26:10 UTC] Spectra: CSS/JS generation returned empty for post 22878 (type: js). Keeping existing file to prevent 404.
[04-Sep-2026 04:27:27 UTC] Spectra: CSS/JS generation returned empty for post 26056 (type: js). Keeping existing file to prevent 404.
[04-Sep-2026 04:27:40 UTC] Spectra: CSS/JS generation returned empty for post 21505 (type: js). Keeping existing file to prevent 404.
[04-Sep-2026 05:13:48 UTC] Spectra: CSS/JS generation returned empty for post 24187 (type: js). Keeping existing file to prevent 404.
[04-Sep-2026 05:13:48 UTC] Spectra: CSS/JS generation returned empty for post 24191 (type: js). Keeping existing file to prevent 404.
[04-Sep-2026 05:13:48 UTC] Spectra: CSS/JS generation returned empty for post 24552 (type: js). Keeping existing file to prevent 404.
[04-Sep-2026 05:13:48 UTC] Spectra: CSS/JS generation returned empty for post 24582 (type: css). Keeping existing file to prevent 404.
[04-Sep-2026 05:13:48 UTC] Spectra: CSS/JS generation returned empty for post 24582 (type: js). Keeping existing file to prevent 404.
[04-Sep-2026 05:13:48 UTC] Spectra: CSS/JS generation returned empty for post 24591 (type: js). Keeping existing file to prevent 404.
[04-Sep-2026 05:38:24 UTC] Spectra: CSS/JS generation returned empty for post 28478 (type: js). Keeping existing file to prevent 404.
[04-Sep-2026 05:38:45 UTC] Spectra: CSS/JS generation returned empty for post 23282 (type: js). Keeping existing file to prevent 404.
[04-Sep-2026 05:59:38 UTC] Spectra: CSS/JS generation returned empty for post 22511 (type: js). Keeping existing file to prevent 404.
[04-Sep-2026 06:03:23 UTC] Spectra: CSS/JS generation returned empty for post 22501 (type: js). Keeping existing file to prevent 404.
[04-Sep-2026 06:08:08 UTC] Spectra: CSS/JS generation returned empty for post 19169 (type: js). Keeping existing file to prevent 404.
[04-Sep-2026 06:08:08 UTC] Spectra: CSS/JS generation returned empty for post 6897 (type: js). Keeping existing file to prevent 404.
[04-Sep-2026 06:08:11 UTC] Spectra: CSS/JS generation returned empty for post 17368 (type: js). Keeping existing file to prevent 404.
[04-Sep-2026 06:08:13 UTC] Spectra: CSS/JS generation returned empty for post 19123 (type: js). Keeping existing file to prevent 404.
[04-Sep-2026 06:10:00 UTC] Spectra: CSS/JS generation returned empty for post 7745 (type: js). Keeping existing file to prevent 404.
[04-Sep-2026 06:10:40 UTC] Spectra: CSS/JS generation returned empty for post 10927 (type: js). Keeping existing file to prevent 404.
[04-Sep-2026 06:10:55 UTC] Spectra: CSS/JS generation returned empty for post 7745 (type: js). Keeping existing file to prevent 404.
[04-Sep-2026 06:10:57 UTC] Spectra: CSS/JS generation returned empty for post 19169 (type: js). Keeping existing file to prevent 404.
[04-Sep-2026 06:11:03 UTC] Spectra: CSS/JS generation returned empty for post 22816 (type: js). Keeping existing file to prevent 404.
[04-Sep-2026 06:11:09 UTC] Spectra: CSS/JS generation returned empty for post 19123 (type: js). Keeping existing file to prevent 404.
[04-Sep-2026 06:13:12 UTC] Spectra: CSS/JS generation returned empty for post 18413 (type: js). Keeping existing file to prevent 404.
[04-Sep-2026 06:16:14 UTC] Spectra: CSS/JS generation returned empty for post 7739 (type: js). Keeping existing file to prevent 404.
[04-Sep-2026 06:18:50 UTC] Spectra: CSS/JS generation returned empty for post 20632 (type: js). Keeping existing file to prevent 404.
[04-Sep-2026 06:24:10 UTC] Spectra: CSS/JS generation returned empty for post 8209 (type: js). Keeping existing file to prevent 404.
[04-Sep-2026 06:24:16 UTC] Spectra: CSS/JS generation returned empty for post 11359 (type: js). Keeping existing file to prevent 404.
[04-Sep-2026 06:25:38 UTC] Spectra: CSS/JS generation returned empty for post 21327 (type: js). Keeping existing file to prevent 404.
[04-Sep-2026 06:25:42 UTC] Spectra: CSS/JS generation returned empty for post 21323 (type: js). Keeping existing file to prevent 404.
[04-Sep-2026 06:26:03 UTC] Spectra: CSS/JS generation returned empty for post 11372 (type: js). Keeping existing file to prevent 404.
[04-Sep-2026 06:29:14 UTC] Spectra: CSS/JS generation returned empty for post 20371 (type: js). Keeping existing file to prevent 404.
[04-Sep-2026 06:32:03 UTC] Spectra: CSS/JS generation returned empty for post 24187 (type: js). Keeping existing file to prevent 404.
[04-Sep-2026 06:33:42 UTC] Spectra: CSS/JS generation returned empty for post 11033 (type: js). Keeping existing file to prevent 404.
[04-Sep-2026 06:34:25 UTC] Spectra: CSS/JS generation returned empty for post 28452 (type: js). Keeping existing file to prevent 404.
[04-Sep-2026 06:34:59 UTC] Spectra: CSS/JS generation returned empty for post 21344 (type: js). Keeping existing file to prevent 404.
[04-Sep-2026 06:36:17 UTC] Spectra: CSS/JS generation returned empty for post 11499 (type: js). Keeping existing file to prevent 404.
[04-Sep-2026 06:41:06 UTC] Spectra: CSS/JS generation returned empty for post 20405 (type: js). Keeping existing file to prevent 404.
[04-Sep-2026 06:41:06 UTC] Spectra: CSS/JS generation returned empty for post 21500 (type: js). Keeping existing file to prevent 404.
[04-Sep-2026 06:42:53 UTC] Spectra: CSS/JS generation returned empty for post 11771 (type: js). Keeping existing file to prevent 404.
[04-Sep-2026 06:44:02 UTC] Spectra: CSS/JS generation returned empty for post 10861 (type: js). Keeping existing file to prevent 404.
[04-Sep-2026 06:46:16 UTC] Spectra: CSS/JS generation returned empty for post 17048 (type: js). Keeping existing file to prevent 404.
[04-Sep-2026 06:48:21 UTC] Spectra: CSS/JS generation returned empty for post 22905 (type: js). Keeping existing file to prevent 404.
[04-Sep-2026 06:49:05 UTC] Spectra: CSS/JS generation returned empty for post 21336 (type: js). Keeping existing file to prevent 404.
[04-Sep-2026 06:50:19 UTC] Spectra: CSS/JS generation returned empty for post 12064 (type: js). Keeping existing file to prevent 404.
[04-Sep-2026 06:51:10 UTC] Spectra: CSS/JS generation returned empty for post 10970 (type: js). Keeping existing file to prevent 404.
[04-Sep-2026 06:52:50 UTC] Spectra: CSS/JS generation returned empty for post 7731 (type: js). Keeping existing file to prevent 404.
[04-Sep-2026 06:55:58 UTC] Spectra: CSS/JS generation returned empty for post 11796 (type: js). Keeping existing file to prevent 404.
[04-Sep-2026 06:55:58 UTC] Spectra: CSS/JS generation returned empty for post 11728 (type: css). Keeping existing file to prevent 404.
[04-Sep-2026 06:55:58 UTC] Spectra: CSS/JS generation returned empty for post 11728 (type: js). Keeping existing file to prevent 404.
[04-Sep-2026 06:56:44 UTC] Spectra: CSS/JS generation returned empty for post 23294 (type: js). Keeping existing file to prevent 404.
[04-Sep-2026 06:57:36 UTC] Spectra: CSS/JS generation returned empty for post 21265 (type: js). Keeping existing file to prevent 404.
[04-Sep-2026 06:58:56 UTC] Spectra: CSS/JS generation returned empty for post 11507 (type: js). Keeping existing file to prevent 404.
[04-Sep-2026 07:02:20 UTC] Spectra: CSS/JS generation returned empty for post 20440 (type: js). Keeping existing file to prevent 404.
[04-Sep-2026 07:02:25 UTC] Spectra: CSS/JS generation returned empty for post 24568 (type: js). Keeping existing file to prevent 404.
[04-Sep-2026 07:07:37 UTC] Spectra: CSS/JS generation returned empty for post 11762 (type: js). Keeping existing file to prevent 404.
[04-Sep-2026 07:16:41 UTC] Spectra: CSS/JS generation returned empty for post 30868 (type: js). Keeping existing file to prevent 404.
[04-Sep-2026 07:17:05 UTC] Spectra: CSS/JS generation returned empty for post 17368 (type: js). Keeping existing file to prevent 404.
[04-Sep-2026 07:20:36 UTC] Spectra: CSS/JS generation returned empty for post 20421 (type: js). Keeping existing file to prevent 404.
[04-Sep-2026 07:21:06 UTC] Spectra: CSS/JS generation returned empty for post 11133 (type: js). Keeping existing file to prevent 404.
[04-Sep-2026 07:22:10 UTC] Spectra: CSS/JS generation returned empty for post 23044 (type: js). Keeping existing file to prevent 404.
[04-Sep-2026 07:25:37 UTC] Spectra: CSS/JS generation returned empty for post 7037 (type: js). Keeping existing file to prevent 404.
[04-Sep-2026 07:34:13 UTC] Spectra: CSS/JS generation returned empty for post 12528 (type: js). Keeping existing file to prevent 404.
[04-Sep-2026 07:36:22 UTC] Spectra: CSS/JS generation returned empty for post 21497 (type: js). Keeping existing file to prevent 404.
[04-Sep-2026 07:36:55 UTC] Spectra: CSS/JS generation returned empty for post 30629 (type: js). Keeping existing file to prevent 404.
[04-Sep-2026 07:40:16 UTC] Spectra: CSS/JS generation returned empty for post 28528 (type: js). Keeping existing file to prevent 404.
[04-Sep-2026 07:40:56 UTC] Spectra: CSS/JS generation returned empty for post 21348 (type: js). Keeping existing file to prevent 404.
[04-Sep-2026 07:44:19 UTC] Spectra: CSS/JS generation returned empty for post 26866 (type: js). Keeping existing file to prevent 404.
[04-Sep-2026 07:50:49 UTC] Spectra: CSS/JS generation returned empty for post 17374 (type: js). Keeping existing file to prevent 404.
[04-Sep-2026 07:51:15 UTC] Spectra: CSS/JS generation returned empty for post 11144 (type: js). Keeping existing file to prevent 404.
[04-Sep-2026 07:51:31 UTC] Spectra: CSS/JS generation returned empty for post 22878 (type: js). Keeping existing file to prevent 404.
[04-Sep-2026 07:58:28 UTC] Spectra: CSS/JS generation returned empty for post 22511 (type: js). Keeping existing file to prevent 404.
[04-Sep-2026 07:59:26 UTC] Spectra: CSS/JS generation returned empty for post 23059 (type: js). Keeping existing file to prevent 404.
[04-Sep-2026 08:02:37 UTC] Spectra: CSS/JS generation returned empty for post 11147 (type: js). Keeping existing file to prevent 404.
[04-Sep-2026 08:03:15 UTC] Spectra: CSS/JS generation returned empty for post 22852 (type: js). Keeping existing file to prevent 404.
[04-Sep-2026 08:10:25 UTC] Cron reschedule event error for hook: action_scheduler_run_queue, Error code: could_not_set, Error message: The cron event list could not be saved., Data: {"schedule":"every_minute","args":["WP Cron"],"interval":60}
[04-Sep-2026 08:10:25 UTC] Cron unschedule event error for hook: action_scheduler_run_queue, Error code: could_not_set, Error message: The cron event list could not be saved., Data: {"schedule":"every_minute","args":["WP Cron"],"interval":60}
[04-Sep-2026 08:11:42 UTC] Cron reschedule event error for hook: action_scheduler_run_queue, Error code: could_not_set, Error message: The cron event list could not be saved., Data: {"schedule":"every_minute","args":["WP Cron"],"interval":60}
[04-Sep-2026 08:19:17 UTC] Spectra: CSS/JS generation returned empty for post 21494 (type: js). Keeping existing file to prevent 404.
[04-Sep-2026 08:49:45 UTC] Spectra: CSS/JS generation returned empty for post 22860 (type: js). Keeping existing file to prevent 404.
[04-Sep-2026 08:56:06 UTC] Spectra: CSS/JS generation returned empty for post 18494 (type: js). Keeping existing file to prevent 404.
[04-Sep-2026 08:57:51 UTC] Spectra: CSS/JS generation returned empty for post 24191 (type: js). Keeping existing file to prevent 404.
[04-Sep-2026 09:27:18 UTC] Spectra: CSS/JS generation returned empty for post 21505 (type: js). Keeping existing file to prevent 404.
[04-Sep-2026 09:32:54 UTC] Spectra: CSS/JS generation returned empty for post 22927 (type: js). Keeping existing file to prevent 404.
[04-Sep-2026 09:36:29 UTC] Spectra: CSS/JS generation returned empty for post 11306 (type: js). Keeping existing file to prevent 404.
[04-Sep-2026 09:45:09 UTC] Spectra: CSS/JS generation returned empty for post 10249 (type: js). Keeping existing file to prevent 404.
[04-Sep-2026 09:48:41 UTC] Spectra: CSS/JS generation returned empty for post 23282 (type: js). Keeping existing file to prevent 404.
[04-Sep-2026 09:53:04 UTC] Spectra: CSS/JS generation returned empty for post 10669 (type: js). Keeping existing file to prevent 404.
[04-Sep-2026 09:56:29 UTC] Spectra: CSS/JS generation returned empty for post 12060 (type: js). Keeping existing file to prevent 404.
[04-Sep-2026 10:02:20 UTC] Spectra: CSS/JS generation returned empty for post 22933 (type: js). Keeping existing file to prevent 404.
[04-Sep-2026 10:07:29 UTC] Spectra: CSS/JS generation returned empty for post 6897 (type: js). Keeping existing file to prevent 404.
[04-Sep-2026 10:08:52 UTC] Spectra: CSS/JS generation returned empty for post 21351 (type: js). Keeping existing file to prevent 404.
[04-Sep-2026 10:10:59 UTC] Spectra: CSS/JS generation returned empty for post 23481 (type: js). Keeping existing file to prevent 404.
[04-Sep-2026 10:12:23 UTC] Spectra: CSS/JS generation returned empty for post 11690 (type: js). Keeping existing file to prevent 404.
[04-Sep-2026 10:33:54 UTC] Spectra: CSS/JS generation returned empty for post 29395 (type: js). Keeping existing file to prevent 404.
[04-Sep-2026 10:44:26 UTC] Spectra: CSS/JS generation returned empty for post 18557 (type: js). Keeping existing file to prevent 404.
[04-Sep-2026 10:52:51 UTC] Spectra: CSS/JS generation returned empty for post 21491 (type: js). Keeping existing file to prevent 404.
[04-Sep-2026 10:52:51 UTC] Spectra: CSS/JS generation returned empty for post 21488 (type: js). Keeping existing file to prevent 404.
[04-Sep-2026 10:55:02 UTC] Spectra: CSS/JS generation returned empty for post 22516 (type: js). Keeping existing file to prevent 404.
[04-Sep-2026 11:00:09 UTC] Spectra: CSS/JS generation returned empty for post 19169 (type: js). Keeping existing file to prevent 404.
[04-Sep-2026 11:00:37 UTC] Spectra: CSS/JS generation returned empty for post 7037 (type: js). Keeping existing file to prevent 404.
[04-Sep-2026 11:02:25 UTC] Spectra: CSS/JS generation returned empty for post 17048 (type: js). Keeping existing file to prevent 404.
[04-Sep-2026 11:03:08 UTC] Spectra: CSS/JS generation returned empty for post 21488 (type: js). Keeping existing file to prevent 404.
[04-Sep-2026 11:03:40 UTC] Spectra: CSS/JS generation returned empty for post 21497 (type: js). Keeping existing file to prevent 404.
[04-Sep-2026 11:06:30 UTC] Spectra: CSS/JS generation returned empty for post 23481 (type: js). Keeping existing file to prevent 404.
[04-Sep-2026 11:06:30 UTC] Spectra: CSS/JS generation returned empty for post 17374 (type: js). Keeping existing file to prevent 404.
[04-Sep-2026 11:06:30 UTC] Spectra: CSS/JS generation returned empty for post 11033 (type: js). Keeping existing file to prevent 404.
[04-Sep-2026 11:07:22 UTC] Spectra: CSS/JS generation returned empty for post 7739 (type: js). Keeping existing file to prevent 404.
[04-Sep-2026 11:08:18 UTC] Spectra: CSS/JS generation returned empty for post 19123 (type: js). Keeping existing file to prevent 404.
[04-Sep-2026 11:10:25 UTC] Spectra: CSS/JS generation returned empty for post 22927 (type: js). Keeping existing file to prevent 404.
[04-Sep-2026 11:10:43 UTC] Spectra: CSS/JS generation returned empty for post 18106 (type: js). Keeping existing file to prevent 404.
[04-Sep-2026 11:10:44 UTC] Spectra: CSS/JS generation returned empty for post 22732 (type: js). Keeping existing file to prevent 404.
[04-Sep-2026 11:10:53 UTC] Spectra: CSS/JS generation returned empty for post 8209 (type: js). Keeping existing file to prevent 404.
[04-Sep-2026 11:11:02 UTC] Spectra: CSS/JS generation returned empty for post 29397 (type: js). Keeping existing file to prevent 404.
[04-Sep-2026 11:11:11 UTC] Spectra: CSS/JS generation returned empty for post 23288 (type: js). Keeping existing file to prevent 404.
[04-Sep-2026 11:11:17 UTC] Spectra: CSS/JS generation returned empty for post 23799 (type: js). Keeping existing file to prevent 404.
[04-Sep-2026 11:11:26 UTC] Spectra: CSS/JS generation returned empty for post 23063 (type: js). Keeping existing file to prevent 404.
[04-Sep-2026 11:11:32 UTC] Spectra: CSS/JS generation returned empty for post 22852 (type: js). Keeping existing file to prevent 404.
[04-Sep-2026 11:11:46 UTC] Spectra: CSS/JS generation returned empty for post 22878 (type: js). Keeping existing file to prevent 404.
[04-Sep-2026 11:11:53 UTC] Spectra: CSS/JS generation returned empty for post 18494 (type: js). Keeping existing file to prevent 404.
[04-Sep-2026 11:11:54 UTC] Spectra: CSS/JS generation returned empty for post 30629 (type: js). Keeping existing file to prevent 404.
[04-Sep-2026 11:11:59 UTC] Spectra: CSS/JS generation returned empty for post 18431 (type: js). Keeping existing file to prevent 404.
[04-Sep-2026 11:12:06 UTC] Spectra: CSS/JS generation returned empty for post 17486 (type: js). Keeping existing file to prevent 404.
[04-Sep-2026 11:12:11 UTC] Spectra: CSS/JS generation returned empty for post 22816 (type: js). Keeping existing file to prevent 404.
[04-Sep-2026 11:12:23 UTC] Spectra: CSS/JS generation returned empty for post 23294 (type: js). Keeping existing file to prevent 404.
[04-Sep-2026 11:12:29 UTC] Spectra: CSS/JS generation returned empty for post 11147 (type: js). Keeping existing file to prevent 404.
[04-Sep-2026 11:12:30 UTC] Spectra: CSS/JS generation returned empty for post 22931 (type: js). Keeping existing file to prevent 404.
[04-Sep-2026 11:12:47 UTC] Spectra: CSS/JS generation returned empty for post 18574 (type: js). Keeping existing file to prevent 404.
[04-Sep-2026 11:12:53 UTC] Spectra: CSS/JS generation returned empty for post 23061 (type: js). Keeping existing file to prevent 404.
[04-Sep-2026 11:12:57 UTC] Spectra: CSS/JS generation returned empty for post 22905 (type: js). Keeping existing file to prevent 404.
[04-Sep-2026 11:13:06 UTC] Spectra: CSS/JS generation returned empty for post 18534 (type: js). Keeping existing file to prevent 404.
[04-Sep-2026 11:13:08 UTC] Cron unschedule event error for hook: litespeed_task_health, Error code: could_not_set, Error message: The cron event list could not be saved., Data: {"schedule":false,"args":[]}
[04-Sep-2026 11:13:09 UTC] Cron unschedule event error for hook: litespeed_task_health, Error code: could_not_set, Error message: The cron event list could not be saved., Data: {"schedule":false,"args":[]}
[04-Sep-2026 11:13:11 UTC] Spectra: CSS/JS generation returned empty for post 31409 (type: js). Keeping existing file to prevent 404.
[04-Sep-2026 11:13:12 UTC] Cron unschedule event error for hook: litespeed_task_health, Error code: could_not_set, Error message: The cron event list could not be saved., Data: {"schedule":false,"args":[]}
[04-Sep-2026 11:13:20 UTC] Spectra: CSS/JS generation returned empty for post 22935 (type: js). Keeping existing file to prevent 404.
[04-Sep-2026 11:13:22 UTC] Cron unschedule event error for hook: litespeed_task_health, Error code: could_not_set, Error message: The cron event list could not be saved., Data: {"schedule":false,"args":[]}
[04-Sep-2026 11:13:25 UTC] Cron unschedule event error for hook: litespeed_task_health, Error code: could_not_set, Error message: The cron event list could not be saved., Data: {"schedule":false,"args":[]}
[04-Sep-2026 11:13:29 UTC] Spectra: CSS/JS generation returned empty for post 28528 (type: js). Keeping existing file to prevent 404.
[04-Sep-2026 11:13:29 UTC] Spectra: CSS/JS generation returned empty for post 23282 (type: js). Keeping existing file to prevent 404.
[04-Sep-2026 11:13:29 UTC] Cron unschedule event error for hook: litespeed_task_health, Error code: could_not_set, Error message: The cron event list could not be saved., Data: {"schedule":false,"args":[]}
[04-Sep-2026 11:13:31 UTC] Cron unschedule event error for hook: litespeed_task_health, Error code: could_not_set, Error message: The cron event list could not be saved., Data: {"schedule":false,"args":[]}
[04-Sep-2026 11:13:34 UTC] Spectra: CSS/JS generation returned empty for post 23059 (type: js). Keeping existing file to prevent 404.
[04-Sep-2026 11:13:36 UTC] Cron unschedule event error for hook: litespeed_task_health, Error code: could_not_set, Error message: The cron event list could not be saved., Data: {"schedule":false,"args":[]}
[04-Sep-2026 11:13:38 UTC] Spectra: CSS/JS generation returned empty for post 18557 (type: js). Keeping existing file to prevent 404.
[04-Sep-2026 11:13:40 UTC] Cron unschedule event error for hook: litespeed_task_health, Error code: could_not_set, Error message: The cron event list could not be saved., Data: {"schedule":false,"args":[]}
[04-Sep-2026 11:13:41 UTC] Cron unschedule event error for hook: litespeed_task_health, Error code: could_not_set, Error message: The cron event list could not be saved., Data: {"schedule":false,"args":[]}
[04-Sep-2026 11:13:42 UTC] Spectra: CSS/JS generation returned empty for post 23044 (type: js). Keeping existing file to prevent 404.
[04-Sep-2026 11:13:43 UTC] Cron unschedule event error for hook: litespeed_task_health, Error code: could_not_set, Error message: The cron event list could not be saved., Data: {"schedule":false,"args":[]}
[04-Sep-2026 11:13:45 UTC] Cron unschedule event error for hook: litespeed_task_health, Error code: could_not_set, Error message: The cron event list could not be saved., Data: {"schedule":false,"args":[]}
[04-Sep-2026 11:13:46 UTC] Spectra: CSS/JS generation returned empty for post 7745 (type: js). Keeping existing file to prevent 404.
[04-Sep-2026 11:13:49 UTC] Cron unschedule event error for hook: litespeed_task_health, Error code: could_not_set, Error message: The cron event list could not be saved., Data: {"schedule":false,"args":[]}
[04-Sep-2026 11:13:58 UTC] Spectra: CSS/JS generation returned empty for post 18501 (type: js). Keeping existing file to prevent 404.
[04-Sep-2026 11:14:02 UTC] Cron unschedule event error for hook: litespeed_task_health, Error code: could_not_set, Error message: The cron event list could not be saved., Data: {"schedule":false,"args":[]}
[04-Sep-2026 11:14:07 UTC] Spectra: CSS/JS generation returned empty for post 22929 (type: js). Keeping existing file to prevent 404.
[04-Sep-2026 11:14:15 UTC] Spectra: CSS/JS generation returned empty for post 11563 (type: js). Keeping existing file to prevent 404.
[04-Sep-2026 11:14:19 UTC] Spectra: CSS/JS generation returned empty for post 18413 (type: js). Keeping existing file to prevent 404.
[04-Sep-2026 11:14:27 UTC] Spectra: CSS/JS generation returned empty for post 22909 (type: js). Keeping existing file to prevent 404.
[04-Sep-2026 11:15:08 UTC] Spectra: CSS/JS generation returned empty for post 11359 (type: js). Keeping existing file to prevent 404.
[04-Sep-2026 11:17:14 UTC] Spectra: CSS/JS generation returned empty for post 12064 (type: js). Keeping existing file to prevent 404.
[04-Sep-2026 11:18:06 UTC] Spectra: CSS/JS generation returned empty for post 21327 (type: js). Keeping existing file to prevent 404.
[04-Sep-2026 11:18:26 UTC] Spectra: CSS/JS generation returned empty for post 20405 (type: js). Keeping existing file to prevent 404.
[04-Sep-2026 11:19:07 UTC] Spectra: CSS/JS generation returned empty for post 11762 (type: js). Keeping existing file to prevent 404.
[04-Sep-2026 11:19:07 UTC] Spectra: CSS/JS generation returned empty for post 7731 (type: js). Keeping existing file to prevent 404.
[04-Sep-2026 11:19:16 UTC] Spectra: CSS/JS generation returned empty for post 20440 (type: js). Keeping existing file to prevent 404.
[04-Sep-2026 11:22:25 UTC] Spectra: CSS/JS generation returned empty for post 10861 (type: js). Keeping existing file to prevent 404.
[04-Sep-2026 11:24:50 UTC] Spectra: CSS/JS generation returned empty for post 21336 (type: js). Keeping existing file to prevent 404.
[04-Sep-2026 11:32:30 UTC] Spectra: CSS/JS generation returned empty for post 21348 (type: js). Keeping existing file to prevent 404.
[04-Sep-2026 11:32:30 UTC] Spectra: CSS/JS generation returned empty for post 6897 (type: js). Keeping existing file to prevent 404.
[04-Sep-2026 11:33:08 UTC] Spectra: CSS/JS generation returned empty for post 30868 (type: js). Keeping existing file to prevent 404.
[04-Sep-2026 11:34:29 UTC] Spectra: CSS/JS generation returned empty for post 21351 (type: js). Keeping existing file to prevent 404.
[04-Sep-2026 11:35:22 UTC] Spectra: CSS/JS generation returned empty for post 6991 (type: js). Keeping existing file to prevent 404.
[04-Sep-2026 11:36:23 UTC] Spectra: CSS/JS generation returned empty for post 26866 (type: js). Keeping existing file to prevent 404.
[04-Sep-2026 11:37:33 UTC] Spectra: CSS/JS generation returned empty for post 138 (type: js). Keeping existing file to prevent 404.
[04-Sep-2026 11:39:42 UTC] Spectra: CSS/JS generation returned empty for post 17368 (type: js). Keeping existing file to prevent 404.
[04-Sep-2026 11:41:51 UTC] Spectra: CSS/JS generation returned empty for post 11362 (type: js). Keeping existing file to prevent 404.
[04-Sep-2026 11:45:30 UTC] Spectra: CSS/JS generation returned empty for post 20636 (type: js). Keeping existing file to prevent 404.
[04-Sep-2026 11:57:51 UTC] Spectra: CSS/JS generation returned empty for post 20421 (type: js). Keeping existing file to prevent 404.
[04-Sep-2026 11:58:02 UTC] Spectra: CSS/JS generation returned empty for post 22511 (type: js). Keeping existing file to prevent 404.
[04-Sep-2026 11:58:02 UTC] Spectra: CSS/JS generation returned empty for post 22501 (type: css). Keeping existing file to prevent 404.
[04-Sep-2026 11:58:02 UTC] Spectra: CSS/JS generation returned empty for post 22501 (type: js). Keeping existing file to prevent 404.
[04-Sep-2026 12:01:51 UTC] Spectra: CSS/JS generation returned empty for post 9895 (type: js). Keeping existing file to prevent 404.
[04-Sep-2026 12:02:00 UTC] Spectra: CSS/JS generation returned empty for post 28478 (type: js). Keeping existing file to prevent 404.
[04-Sep-2026 12:02:34 UTC] Spectra: CSS/JS generation returned empty for post 28452 (type: js). Keeping existing file to prevent 404.
[04-Sep-2026 12:24:44 UTC] Spectra: CSS/JS generation returned empty for post 17371 (type: js). Keeping existing file to prevent 404.
[04-Sep-2026 12:59:27 UTC] Spectra: CSS/JS generation returned empty for post 24568 (type: js). Keeping existing file to prevent 404.
[04-Sep-2026 13:03:42 UTC] Spectra: CSS/JS generation returned empty for post 26157 (type: js). Keeping existing file to prevent 404.
[04-Sep-2026 13:08:10 UTC] Spectra: CSS/JS generation returned empty for post 17377 (type: js). Keeping existing file to prevent 404.
[04-Sep-2026 13:23:46 UTC] Spectra: CSS/JS generation returned empty for post 21500 (type: js). Keeping existing file to prevent 404.
[04-Sep-2026 13:24:21 UTC] Spectra: CSS/JS generation returned empty for post 12532 (type: js). Keeping existing file to prevent 404.
[04-Sep-2026 13:36:22 UTC] Spectra: CSS/JS generation returned empty for post 11144 (type: js). Keeping existing file to prevent 404.
[04-Sep-2026 13:46:46 UTC] Spectra: CSS/JS generation returned empty for post 21505 (type: js). Keeping existing file to prevent 404.
[04-Sep-2026 13:50:31 UTC] Spectra: CSS/JS generation returned empty for post 24191 (type: js). Keeping existing file to prevent 404.
[04-Sep-2026 13:52:37 UTC] Spectra: CSS/JS generation returned empty for post 22860 (type: js). Keeping existing file to prevent 404.
[04-Sep-2026 13:53:32 UTC] Spectra: CSS/JS generation returned empty for post 12534 (type: js). Keeping existing file to prevent 404.
[04-Sep-2026 13:57:34 UTC] Spectra: CSS/JS generation returned empty for post 21265 (type: js). Keeping existing file to prevent 404.
[04-Sep-2026 13:59:27 UTC] Spectra: CSS/JS generation returned empty for post 18563 (type: js). Keeping existing file to prevent 404.
[04-Sep-2026 14:07:49 UTC] Spectra: CSS/JS generation returned empty for post 11771 (type: js). Keeping existing file to prevent 404.
[04-Sep-2026 14:16:35 UTC] Spectra: CSS/JS generation returned empty for post 25628 (type: js). Keeping existing file to prevent 404.
[04-Sep-2026 14:24:11 UTC] Spectra: CSS/JS generation returned empty for post 21323 (type: js). Keeping existing file to prevent 404.
[04-Sep-2026 14:27:10 UTC] Spectra: CSS/JS generation returned empty for post 10273 (type: js). Keeping existing file to prevent 404.
[04-Sep-2026 14:27:10 UTC] Spectra: CSS/JS generation returned empty for post 10249 (type: js). Keeping existing file to prevent 404.
[04-Sep-2026 14:27:10 UTC] Spectra: CSS/JS generation returned empty for post 10215 (type: css). Keeping existing file to prevent 404.
[04-Sep-2026 14:27:10 UTC] Spectra: CSS/JS generation returned empty for post 10215 (type: js). Keeping existing file to prevent 404.
[04-Sep-2026 14:27:10 UTC] Spectra: CSS/JS generation returned empty for post 10097 (type: css). Keeping existing file to prevent 404.
[04-Sep-2026 14:27:10 UTC] Spectra: CSS/JS generation returned empty for post 10097 (type: js). Keeping existing file to prevent 404.
[04-Sep-2026 14:29:13 UTC] Spectra: CSS/JS generation returned empty for post 13836 (type: js). Keeping existing file to prevent 404.
[04-Sep-2026 14:33:23 UTC] Spectra: CSS/JS generation returned empty for post 11891 (type: js). Keeping existing file to prevent 404.
[04-Sep-2026 14:36:21 UTC] Spectra: CSS/JS generation returned empty for post 1 (type: js). Keeping existing file to prevent 404.
[04-Sep-2026 14:53:42 UTC] Spectra: CSS/JS generation returned empty for post 21332 (type: js). Keeping existing file to prevent 404.
[04-Sep-2026 14:55:27 UTC] Spectra: CSS/JS generation returned empty for post 10953 (type: js). Keeping existing file to prevent 404.
[04-Sep-2026 14:57:26 UTC] Spectra: CSS/JS generation returned empty for post 11736 (type: js). Keeping existing file to prevent 404.
[04-Sep-2026 14:58:19 UTC] Spectra: CSS/JS generation returned empty for post 13760 (type: js). Keeping existing file to prevent 404.
[04-Sep-2026 14:58:19 UTC] Spectra: CSS/JS generation returned empty for post 13755 (type: js). Keeping existing file to prevent 404.
[04-Sep-2026 14:58:19 UTC] Spectra: CSS/JS generation returned empty for post 13747 (type: css). Keeping existing file to prevent 404.
[04-Sep-2026 14:58:19 UTC] Spectra: CSS/JS generation returned empty for post 13747 (type: js). Keeping existing file to prevent 404.
[04-Sep-2026 14:59:15 UTC] Spectra: CSS/JS generation returned empty for post 11877 (type: js). Keeping existing file to prevent 404.
[04-Sep-2026 15:00:09 UTC] Spectra: CSS/JS generation returned empty for post 11690 (type: js). Keeping existing file to prevent 404.
[04-Sep-2026 15:00:09 UTC] Spectra: CSS/JS generation returned empty for post 11687 (type: css). Keeping existing file to prevent 404.
[04-Sep-2026 15:00:09 UTC] Spectra: CSS/JS generation returned empty for post 11687 (type: js). Keeping existing file to prevent 404.
[04-Sep-2026 15:00:53 UTC] Spectra: CSS/JS generation returned empty for post 25632 (type: js). Keeping existing file to prevent 404.
[04-Sep-2026 15:05:40 UTC] Spectra: CSS/JS generation returned empty for post 11499 (type: js). Keeping existing file to prevent 404.
[04-Sep-2026 15:10:54 UTC] Spectra: CSS/JS generation returned empty for post 11024 (type: js). Keeping existing file to prevent 404.
[04-Sep-2026 15:10:54 UTC] Spectra: CSS/JS generation returned empty for post 10970 (type: js). Keeping existing file to prevent 404.
[04-Sep-2026 15:10:54 UTC] Spectra: CSS/JS generation returned empty for post 10927 (type: js). Keeping existing file to prevent 404.
[04-Sep-2026 15:10:54 UTC] Spectra: CSS/JS generation returned empty for post 10907 (type: js). Keeping existing file to prevent 404.
[04-Sep-2026 15:10:54 UTC] Spectra: CSS/JS generation returned empty for post 10881 (type: js). Keeping existing file to prevent 404.
[04-Sep-2026 15:10:54 UTC] Spectra: CSS/JS generation returned empty for post 10669 (type: js). Keeping existing file to prevent 404.
[04-Sep-2026 15:19:21 UTC] Spectra: CSS/JS generation returned empty for post 11507 (type: js). Keeping existing file to prevent 404.
[04-Sep-2026 15:22:04 UTC] Spectra: CSS/JS generation returned empty for post 21494 (type: js). Keeping existing file to prevent 404.
[04-Sep-2026 15:22:04 UTC] Spectra: CSS/JS generation returned empty for post 21491 (type: css). Keeping existing file to prevent 404.
[04-Sep-2026 15:22:04 UTC] Spectra: CSS/JS generation returned empty for post 21491 (type: js). Keeping existing file to prevent 404.
[04-Sep-2026 15:25:10 UTC] Spectra: CSS/JS generation returned empty for post 29395 (type: js). Keeping existing file to prevent 404.
[04-Sep-2026 15:25:39 UTC] Spectra: CSS/JS generation returned empty for post 20632 (type: js). Keeping existing file to prevent 404.
[04-Sep-2026 15:25:39 UTC] Spectra: CSS/JS generation returned empty for post 20626 (type: js). Keeping existing file to prevent 404.
[04-Sep-2026 15:25:39 UTC] Spectra: CSS/JS generation returned empty for post 20618 (type: js). Keeping existing file to prevent 404.
[04-Sep-2026 15:52:05 UTC] Spectra: CSS/JS generation returned empty for post 20371 (type: js). Keeping existing file to prevent 404.
[04-Sep-2026 15:52:33 UTC] Spectra: CSS/JS generation returned empty for post 11133 (type: js). Keeping existing file to prevent 404.
[04-Sep-2026 15:53:09 UTC] Spectra: CSS/JS generation returned empty for post 11065 (type: js). Keeping existing file to prevent 404.
[04-Sep-2026 15:53:32 UTC] Spectra: CSS/JS generation returned empty for post 11062 (type: js). Keeping existing file to prevent 404.
[04-Sep-2026 15:53:52 UTC] Spectra: CSS/JS generation returned empty for post 12536 (type: js). Keeping existing file to prevent 404.
[04-Sep-2026 15:53:52 UTC] Spectra: CSS/JS generation returned empty for post 12538 (type: css). Keeping existing file to prevent 404.
[04-Sep-2026 15:53:52 UTC] Spectra: CSS/JS generation returned empty for post 12538 (type: js). Keeping existing file to prevent 404.
[04-Sep-2026 15:54:13 UTC] Spectra: CSS/JS generation returned empty for post 21604 (type: js). Keeping existing file to prevent 404.
[04-Sep-2026 15:54:13 UTC] Spectra: CSS/JS generation returned empty for post 21601 (type: js). Keeping existing file to prevent 404.
[04-Sep-2026 15:54:13 UTC] Spectra: CSS/JS generation returned empty for post 21593 (type: js). Keeping existing file to prevent 404.
[04-Sep-2026 15:54:13 UTC] Spectra: CSS/JS generation returned empty for post 21588 (type: js). Keeping existing file to prevent 404.
[04-Sep-2026 15:54:58 UTC] Spectra: CSS/JS generation returned empty for post 12524 (type: js). Keeping existing file to prevent 404.
[04-Sep-2026 15:55:19 UTC] Spectra: CSS/JS generation returned empty for post 11517 (type: js). Keeping existing file to prevent 404.
[04-Sep-2026 15:55:19 UTC] Spectra: CSS/JS generation returned empty for post 11541 (type: css). Keeping existing file to prevent 404.
[04-Sep-2026 15:55:19 UTC] Spectra: CSS/JS generation returned empty for post 11541 (type: js). Keeping existing file to prevent 404.
[04-Sep-2026 15:55:43 UTC] Spectra: CSS/JS generation returned empty for post 5 (type: js). Keeping existing file to prevent 404.
[04-Sep-2026 15:56:03 UTC] Spectra: CSS/JS generation returned empty for post 12528 (type: js). Keeping existing file to prevent 404.
[04-Sep-2026 15:56:44 UTC] Spectra: CSS/JS generation returned empty for post 11885 (type: js). Keeping existing file to prevent 404.
[04-Sep-2026 15:57:51 UTC] Spectra: CSS/JS generation returned empty for post 12530 (type: js). Keeping existing file to prevent 404.
[04-Sep-2026 15:57:51 UTC] Spectra: CSS/JS generation returned empty for post 11383 (type: js). Keeping existing file to prevent 404.
[04-Sep-2026 15:58:13 UTC] Spectra: CSS/JS generation returned empty for post 13899 (type: js). Keeping existing file to prevent 404.
[04-Sep-2026 15:58:33 UTC] Spectra: CSS/JS generation returned empty for post 24187 (type: js). Keeping existing file to prevent 404.
[04-Sep-2026 15:58:33 UTC] Spectra: CSS/JS generation returned empty for post 24529 (type: js). Keeping existing file to prevent 404.
[04-Sep-2026 15:58:33 UTC] Spectra: CSS/JS generation returned empty for post 24552 (type: js). Keeping existing file to prevent 404.
[04-Sep-2026 15:58:33 UTC] Spectra: CSS/JS generation returned empty for post 24582 (type: css). Keeping existing file to prevent 404.
[04-Sep-2026 15:58:33 UTC] Spectra: CSS/JS generation returned empty for post 24582 (type: js). Keeping existing file to prevent 404.
[04-Sep-2026 15:58:33 UTC] Spectra: CSS/JS generation returned empty for post 24591 (type: js). Keeping existing file to prevent 404.
[04-Sep-2026 15:58:33 UTC] Spectra: CSS/JS generation returned empty for post 24184 (type: js). Keeping existing file to prevent 404.
[04-Sep-2026 16:02:10 UTC] Cron reschedule event error for hook: action_scheduler_run_queue, Error code: could_not_set, Error message: The cron event list could not be saved., Data: {"schedule":"every_minute","args":["WP Cron"],"interval":60}
[04-Sep-2026 16:02:44 UTC] Spectra: CSS/JS generation returned empty for post 11306 (type: js). Keeping existing file to prevent 404.
[04-Sep-2026 16:02:44 UTC] Spectra: CSS/JS generation returned empty for post 11299 (type: css). Keeping existing file to prevent 404.
[04-Sep-2026 16:02:44 UTC] Spectra: CSS/JS generation returned empty for post 11299 (type: js). Keeping existing file to prevent 404.
[04-Sep-2026 16:02:44 UTC] Spectra: CSS/JS generation returned empty for post 11142 (type: js). Keeping existing file to prevent 404.
[04-Sep-2026 16:16:51 UTC] Spectra: CSS/JS generation returned empty for post 31454 (type: js). Keeping existing file to prevent 404.
[04-Sep-2026 17:42:34 UTC] Spectra: CSS/JS generation returned empty for post 26199 (type: js). Keeping existing file to prevent 404.
[04-Sep-2026 22:47:43 UTC] Spectra: CSS/JS generation returned empty for post 26202 (type: js). Keeping existing file to prevent 404.
[04-Sep-2026 23:26:54 UTC] Spectra: CSS/JS generation returned empty for post 11796 (type: js). Keeping existing file to prevent 404.
[04-Sep-2026 23:57:29 UTC] Spectra: CSS/JS generation returned empty for post 21344 (type: js). Keeping existing file to prevent 404.
[05-Sep-2026 03:44:51 UTC] Spectra: CSS/JS generation returned empty for post 12521 (type: js). Keeping existing file to prevent 404.
[05-Sep-2026 05:51:08 UTC] Spectra: CSS/JS generation returned empty for post 11728 (type: js). Keeping existing file to prevent 404.
[05-Sep-2026 06:11:57 UTC] Spectra: CSS/JS generation returned empty for post 11550 (type: js). Keeping existing file to prevent 404.
[05-Sep-2026 06:15:23 UTC] Spectra: CSS/JS generation returned empty for post 12060 (type: js). Keeping existing file to prevent 404.
[05-Sep-2026 06:20:23 UTC] Spectra: CSS/JS generation returned empty for post 24724 (type: js). Keeping existing file to prevent 404.
[05-Sep-2026 07:28:31 UTC] Spectra: CSS/JS generation returned empty for post 132 (type: js). Keeping existing file to prevent 404.
[05-Sep-2026 07:29:04 UTC] Spectra: CSS/JS generation returned empty for post 24731 (type: js). Keeping existing file to prevent 404.
[05-Sep-2026 09:30:01 UTC] Cron reschedule event error for hook: action_scheduler_run_queue, Error code: could_not_set, Error message: The cron event list could not be saved., Data: {"schedule":"every_minute","args":["WP Cron"],"interval":60}
[05-Sep-2026 10:23:00 UTC] Spectra: CSS/JS generation returned empty for post 126 (type: js). Keeping existing file to prevent 404.
[05-Sep-2026 10:40:55 UTC] Spectra: CSS/JS generation returned empty for post 11527 (type: js). Keeping existing file to prevent 404.
[05-Sep-2026 10:54:19 UTC] Spectra: CSS/JS generation returned empty for post 11372 (type: js). Keeping existing file to prevent 404.
[05-Sep-2026 10:59:51 UTC] Spectra: CSS/JS generation returned empty for post 26077 (type: js). Keeping existing file to prevent 404.
[05-Sep-2026 11:07:51 UTC] Spectra: CSS/JS generation returned empty for post 22933 (type: js). Keeping existing file to prevent 404.
[05-Sep-2026 11:20:06 UTC] Spectra: CSS/JS generation returned empty for post 8714 (type: js). Keeping existing file to prevent 404.
[05-Sep-2026 12:12:30 UTC] Spectra: CSS/JS generation returned empty for post 26181 (type: js). Keeping existing file to prevent 404.
[05-Sep-2026 13:57:45 UTC] Spectra: CSS/JS generation returned empty for post 24729 (type: js). Keeping existing file to prevent 404.
[05-Sep-2026 15:28:09 UTC] Spectra: CSS/JS generation returned empty for post 26056 (type: js). Keeping existing file to prevent 404.
[05-Sep-2026 23:09:47 UTC] Spectra: CSS/JS generation returned empty for post 23804 (type: js). Keeping existing file to prevent 404.
[05-Sep-2026 23:09:55 UTC] Spectra: CSS/JS generation returned empty for post 24726 (type: js). Keeping existing file to prevent 404.
[05-Sep-2026 23:10:18 UTC] Spectra: CSS/JS generation returned empty for post 11743 (type: js). Keeping existing file to prevent 404.
[05-Sep-2026 23:10:28 UTC] Spectra: CSS/JS generation returned empty for post 11368 (type: js). Keeping existing file to prevent 404.
[05-Sep-2026 23:10:29 UTC] Spectra: CSS/JS generation returned empty for post 11364 (type: js). Keeping existing file to prevent 404.
[05-Sep-2026 23:48:58 UTC] Spectra: CSS/JS generation returned empty for post 148 (type: js). Keeping existing file to prevent 404.
[06-Sep-2026 08:31:30 UTC] Cron reschedule event error for hook: action_scheduler_run_queue, Error code: could_not_set, Error message: The cron event list could not be saved., Data: {"schedule":"every_minute","args":["WP Cron"],"interval":60}
[06-Sep-2026 17:32:48 UTC] Cron reschedule event error for hook: action_scheduler_run_queue, Error code: could_not_set, Error message: The cron event list could not be saved., Data: {"schedule":"every_minute","args":["WP Cron"],"interval":60}
[06-Sep-2026 20:38:22 UTC] Cron reschedule event error for hook: action_scheduler_run_queue, Error code: could_not_set, Error message: The cron event list could not be saved., Data: {"schedule":"every_minute","args":["WP Cron"],"interval":60}
[06-Sep-2026 21:16:10 UTC] Cron reschedule event error for hook: litespeed_task_avatar, Error code: could_not_set, Error message: The cron event list could not be saved., Data: {"schedule":"litespeed_filter","args":[],"interval":900}
[07-Sep-2026 00:48:40 UTC] Cron reschedule event error for hook: action_scheduler_run_queue, Error code: could_not_set, Error message: The cron event list could not be saved., Data: {"schedule":"every_minute","args":["WP Cron"],"interval":60}
[07-Sep-2026 01:04:15 UTC] Cron unschedule event error for hook: litespeed_task_health, Error code: could_not_set, Error message: The cron event list could not be saved., Data: {"schedule":false,"args":[]}
[07-Sep-2026 01:04:16 UTC] Cron unschedule event error for hook: action_scheduler_run_queue, Error code: could_not_set, Error message: The cron event list could not be saved., Data: {"schedule":"every_minute","args":["WP Cron"],"interval":60}
[07-Sep-2026 01:04:16 UTC] Cron reschedule event error for hook: jetpack_clean_nonces, Error code: could_not_set, Error message: The cron event list could not be saved., Data: {"schedule":"hourly","args":[],"interval":3600}
[07-Sep-2026 01:36:59 UTC] Cron reschedule event error for hook: litespeed_task_imgoptm_req, Error code: could_not_set, Error message: The cron event list could not be saved., Data: {"schedule":"litespeed_filter","args":[],"interval":900}
[07-Sep-2026 05:37:59 UTC] Spectra: CSS/JS generation returned empty for post 19123 (type: js). Keeping existing file to prevent 404.
[07-Sep-2026 05:38:04 UTC] Spectra: CSS/JS generation returned empty for post 19169 (type: js). Keeping existing file to prevent 404.
[07-Sep-2026 05:40:20 UTC] Spectra: CSS/JS generation returned empty for post 7037 (type: js). Keeping existing file to prevent 404.
[07-Sep-2026 05:42:15 UTC] Spectra: CSS/JS generation returned empty for post 5 (type: js). Keeping existing file to prevent 404.
[07-Sep-2026 05:42:38 UTC] Spectra: CSS/JS generation returned empty for post 28528 (type: js). Keeping existing file to prevent 404.
[07-Sep-2026 05:47:05 UTC] Spectra: CSS/JS generation returned empty for post 22516 (type: js). Keeping existing file to prevent 404.
[07-Sep-2026 05:47:05 UTC] Spectra: CSS/JS generation returned empty for post 20626 (type: js). Keeping existing file to prevent 404.
[07-Sep-2026 05:48:52 UTC] Spectra: CSS/JS generation returned empty for post 7731 (type: js). Keeping existing file to prevent 404.
[07-Sep-2026 05:51:38 UTC] Spectra: CSS/JS generation returned empty for post 19169 (type: js). Keeping existing file to prevent 404.
[07-Sep-2026 05:52:39 UTC] Spectra: CSS/JS generation returned empty for post 21348 (type: js). Keeping existing file to prevent 404.
[07-Sep-2026 05:53:43 UTC] WordPress database error You have an error in your SQL syntax; check the manual that corresponds to your MariaDB server version for the right syntax to use near 'AND umt.meta_value NOT LIKE '%Contributor%' AND umt.meta_value NOT LIKE '%Sub...' at line 11 for query 
		SELECT u.ID, umt1.meta_value as last_update
		FROM wp_users as u
		    LEFT JOIN wp_usermeta AS um ON ( u.ID = um.user_id AND um.meta_key = 'rank_math_robots' )
		    LEFT JOIN wp_usermeta AS umt ON ( u.ID = umt.user_id AND umt.meta_key = 'wp_capabilities' )
		    LEFT JOIN wp_usermeta AS umt1 ON ( u.ID = umt1.user_id AND umt1.meta_key = 'last_update' )
		    WHERE ( (
		 		( um.meta_key = 'rank_math_robots' AND um.meta_value NOT LIKE '%noindex%' )
		 		OR um.user_id IS NULL
			)
			AND (  umt1.meta_key = 'last_update' OR umt1.user_id IS NULL )
			AND ( umt.meta_key ='wp_capabilities' AND (  AND umt.meta_value NOT LIKE '%Contributor%' AND umt.meta_value NOT LIKE '%Subscriber%' ) ) )
		    AND u.ID IN (
			SELECT post_author
			FROM wp_posts as p
			WHERE p.post_status = 'publish' AND p.post_password = ''
			
		)
		ORDER BY umt1.meta_value DESC
		  made by require('wp-blog-header.php'), wp, WP->main, WP->query_posts, WP_Query->query, WP_Query->get_posts, WP_Query->parse_query, do_action_ref_array('parse_query'), WP_Hook->do_action, WP_Hook->apply_filters, RankMath\Sitemap\Router->request_sitemap, RankMath\Sitemap\Sitemap_XML->__construct, RankMath\Sitemap\Sitemap_XML->output, RankMath\Sitemap\Sitemap_XML->has_sitemap_in_cache, RankMath\Sitemap\Sitemap_XML->build_sitemap, RankMath\Sitemap\Generator->get_output, RankMath\Sitemap\Generator->build_sitemap, RankMath\Sitemap\Generator->build_root_map, RankMath\Sitemap\Providers\Author->get_index_links, RankMath\Sitemap\Providers\Author->get_index_users, RankMath\Helpers\DB::get_results, RankMath\Admin\Database\Query_Builder->get_results, RankMath\Admin\Database\Query_Builder->run
[07-Sep-2026 05:54:05 UTC] Spectra: CSS/JS generation returned empty for post 30629 (type: js). Keeping existing file to prevent 404.
[07-Sep-2026 05:54:42 UTC] Spectra: CSS/JS generation returned empty for post 11033 (type: js). Keeping existing file to prevent 404.
[07-Sep-2026 05:55:37 UTC] Spectra: CSS/JS generation returned empty for post 18413 (type: js). Keeping existing file to prevent 404.
[07-Sep-2026 05:56:08 UTC] Spectra: CSS/JS generation returned empty for post 21593 (type: js). Keeping existing file to prevent 404.
[07-Sep-2026 05:56:30 UTC] Spectra: CSS/JS generation returned empty for post 19169 (type: js). Keeping existing file to prevent 404.
[07-Sep-2026 05:57:08 UTC] Spectra: CSS/JS generation returned empty for post 21497 (type: js). Keeping existing file to prevent 404.
[07-Sep-2026 05:58:26 UTC] Spectra: CSS/JS generation returned empty for post 9895 (type: js). Keeping existing file to prevent 404.
[07-Sep-2026 06:01:08 UTC] Spectra: CSS/JS generation returned empty for post 7739 (type: js). Keeping existing file to prevent 404.
[07-Sep-2026 06:01:21 UTC] Spectra: CSS/JS generation returned empty for post 10861 (type: js). Keeping existing file to prevent 404.
[07-Sep-2026 06:02:12 UTC] Spectra: CSS/JS generation returned empty for post 11033 (type: js). Keeping existing file to prevent 404.
[07-Sep-2026 06:02:27 UTC] Spectra: CSS/JS generation returned empty for post 23044 (type: js). Keeping existing file to prevent 404.
[07-Sep-2026 06:08:11 UTC] Spectra: CSS/JS generation returned empty for post 30868 (type: js). Keeping existing file to prevent 404.
[07-Sep-2026 06:13:34 UTC] Spectra: CSS/JS generation returned empty for post 18413 (type: js). Keeping existing file to prevent 404.
[07-Sep-2026 06:15:20 UTC] Spectra: CSS/JS generation returned empty for post 13899 (type: js). Keeping existing file to prevent 404.
[07-Sep-2026 06:15:43 UTC] Spectra: CSS/JS generation returned empty for post 19123 (type: js). Keeping existing file to prevent 404.
[07-Sep-2026 06:15:59 UTC] Spectra: CSS/JS generation returned empty for post 11033 (type: js). Keeping existing file to prevent 404.
[07-Sep-2026 06:17:21 UTC] Spectra: CSS/JS generation returned empty for post 26866 (type: js). Keeping existing file to prevent 404.
[07-Sep-2026 06:19:58 UTC] Spectra: CSS/JS generation returned empty for post 22511 (type: js). Keeping existing file to prevent 404.
[07-Sep-2026 06:20:04 UTC] Spectra: CSS/JS generation returned empty for post 6991 (type: js). Keeping existing file to prevent 404.
[07-Sep-2026 06:21:09 UTC] Spectra: CSS/JS generation returned empty for post 11065 (type: js). Keeping existing file to prevent 404.
[07-Sep-2026 06:24:25 UTC] Spectra: CSS/JS generation returned empty for post 17377 (type: js). Keeping existing file to prevent 404.
[07-Sep-2026 06:24:44 UTC] Spectra: CSS/JS generation returned empty for post 20405 (type: js). Keeping existing file to prevent 404.
[07-Sep-2026 06:24:45 UTC] Spectra: CSS/JS generation returned empty for post 19169 (type: js). Keeping existing file to prevent 404.
[07-Sep-2026 06:24:55 UTC] Spectra: CSS/JS generation returned empty for post 7731 (type: js). Keeping existing file to prevent 404.
[07-Sep-2026 06:25:35 UTC] Spectra: CSS/JS generation returned empty for post 7731 (type: js). Keeping existing file to prevent 404.
[07-Sep-2026 06:29:26 UTC] WordPress database error You have an error in your SQL syntax; check the manual that corresponds to your MariaDB server version for the right syntax to use near 'AND umt.meta_value NOT LIKE '%Contributor%' AND umt.meta_value NOT LIKE '%Sub...' at line 11 for query 
		SELECT u.ID, umt1.meta_value as last_update
		FROM wp_users as u
		    LEFT JOIN wp_usermeta AS um ON ( u.ID = um.user_id AND um.meta_key = 'rank_math_robots' )
		    LEFT JOIN wp_usermeta AS umt ON ( u.ID = umt.user_id AND umt.meta_key = 'wp_capabilities' )
		    LEFT JOIN wp_usermeta AS umt1 ON ( u.ID = umt1.user_id AND umt1.meta_key = 'last_update' )
		    WHERE ( (
		 		( um.meta_key = 'rank_math_robots' AND um.meta_value NOT LIKE '%noindex%' )
		 		OR um.user_id IS NULL
			)
			AND (  umt1.meta_key = 'last_update' OR umt1.user_id IS NULL )
			AND ( umt.meta_key ='wp_capabilities' AND (  AND umt.meta_value NOT LIKE '%Contributor%' AND umt.meta_value NOT LIKE '%Subscriber%' ) ) )
		    AND u.ID IN (
			SELECT post_author
			FROM wp_posts as p
			WHERE p.post_status = 'publish' AND p.post_password = ''
			
		)
		ORDER BY umt1.meta_value DESC
		  made by require('wp-blog-header.php'), wp, WP->main, WP->query_posts, WP_Query->query, WP_Query->get_posts, WP_Query->parse_query, do_action_ref_array('parse_query'), WP_Hook->do_action, WP_Hook->apply_filters, RankMath\Sitemap\Router->request_sitemap, RankMath\Sitemap\Sitemap_XML->__construct, RankMath\Sitemap\Sitemap_XML->output, RankMath\Sitemap\Sitemap_XML->has_sitemap_in_cache, RankMath\Sitemap\Sitemap_XML->build_sitemap, RankMath\Sitemap\Generator->get_output, RankMath\Sitemap\Generator->build_sitemap, RankMath\Sitemap\Generator->build_root_map, RankMath\Sitemap\Providers\Author->get_index_links, RankMath\Sitemap\Providers\Author->get_index_users, RankMath\Helpers\DB::get_results, RankMath\Admin\Database\Query_Builder->get_results, RankMath\Admin\Database\Query_Builder->run
[07-Sep-2026 06:29:46 UTC] Spectra: CSS/JS generation returned empty for post 18557 (type: js). Keeping existing file to prevent 404.
[07-Sep-2026 06:31:39 UTC] Spectra: CSS/JS generation returned empty for post 22905 (type: js). Keeping existing file to prevent 404.
[07-Sep-2026 06:37:10 UTC] Spectra: CSS/JS generation returned empty for post 19123 (type: js). Keeping existing file to prevent 404.
[07-Sep-2026 06:37:10 UTC] Spectra: CSS/JS generation returned empty for post 7745 (type: js). Keeping existing file to prevent 404.
[07-Sep-2026 06:37:10 UTC] Spectra: CSS/JS generation returned empty for post 19169 (type: js). Keeping existing file to prevent 404.
[07-Sep-2026 06:38:07 UTC] Spectra: CSS/JS generation returned empty for post 7731 (type: js). Keeping existing file to prevent 404.
[07-Sep-2026 06:40:59 UTC] Spectra: CSS/JS generation returned empty for post 21336 (type: js). Keeping existing file to prevent 404.
[07-Sep-2026 06:41:29 UTC] Spectra: CSS/JS generation returned empty for post 10669 (type: js). Keeping existing file to prevent 404.
[07-Sep-2026 06:44:15 UTC] Spectra: CSS/JS generation returned empty for post 10861 (type: js). Keeping existing file to prevent 404.
[07-Sep-2026 06:45:45 UTC] Spectra: CSS/JS generation returned empty for post 24568 (type: js). Keeping existing file to prevent 404.
[07-Sep-2026 06:47:33 UTC] Spectra: CSS/JS generation returned empty for post 34962 (type: js). Keeping existing file to prevent 404.
[07-Sep-2026 06:47:33 UTC] Spectra: CSS/JS generation returned empty for post 31454 (type: css). Keeping existing file to prevent 404.
[07-Sep-2026 06:47:33 UTC] Spectra: CSS/JS generation returned empty for post 31454 (type: js). Keeping existing file to prevent 404.
[07-Sep-2026 06:47:33 UTC] Spectra: CSS/JS generation returned empty for post 31409 (type: css). Keeping existing file to prevent 404.
[07-Sep-2026 06:47:33 UTC] Spectra: CSS/JS generation returned empty for post 31409 (type: js). Keeping existing file to prevent 404.
[07-Sep-2026 06:47:33 UTC] Spectra: CSS/JS generation returned empty for post 30868 (type: js). Keeping existing file to prevent 404.
[07-Sep-2026 06:47:33 UTC] Spectra: CSS/JS generation returned empty for post 30629 (type: js). Keeping existing file to prevent 404.
[07-Sep-2026 06:47:33 UTC] Spectra: CSS/JS generation returned empty for post 30370 (type: css). Keeping existing file to prevent 404.
[07-Sep-2026 06:47:33 UTC] Spectra: CSS/JS generation returned empty for post 30370 (type: js). Keeping existing file to prevent 404.
[07-Sep-2026 06:47:33 UTC] Spectra: CSS/JS generation returned empty for post 29397 (type: css). Keeping existing file to prevent 404.
[07-Sep-2026 06:47:33 UTC] Spectra: CSS/JS generation returned empty for post 29397 (type: js). Keeping existing file to prevent 404.
[07-Sep-2026 06:47:33 UTC] Spectra: CSS/JS generation returned empty for post 29395 (type: css). Keeping existing file to prevent 404.
[07-Sep-2026 06:47:33 UTC] Spectra: CSS/JS generation returned empty for post 29395 (type: js). Keeping existing file to prevent 404.
[07-Sep-2026 06:47:33 UTC] Spectra: CSS/JS generation returned empty for post 28528 (type: js). Keeping existing file to prevent 404.
[07-Sep-2026 06:47:33 UTC] Spectra: CSS/JS generation returned empty for post 28478 (type: css). Keeping existing file to prevent 404.
[07-Sep-2026 06:47:33 UTC] Spectra: CSS/JS generation returned empty for post 28478 (type: js). Keeping existing file to prevent 404.
[07-Sep-2026 06:53:28 UTC] Spectra: CSS/JS generation returned empty for post 11499 (type: js). Keeping existing file to prevent 404.
[07-Sep-2026 06:53:50 UTC] Spectra: CSS/JS generation returned empty for post 21327 (type: js). Keeping existing file to prevent 404.
[07-Sep-2026 06:54:06 UTC] Spectra: CSS/JS generation returned empty for post 23481 (type: js). Keeping existing file to prevent 404.
[07-Sep-2026 06:55:14 UTC] Spectra: CSS/JS generation returned empty for post 8209 (type: js). Keeping existing file to prevent 404.
[07-Sep-2026 06:55:15 UTC] Spectra: CSS/JS generation returned empty for post 22929 (type: js). Keeping existing file to prevent 404.
[07-Sep-2026 06:55:15 UTC] Spectra: CSS/JS generation returned empty for post 22931 (type: js). Keeping existing file to prevent 404.
[07-Sep-2026 06:55:30 UTC] Spectra: CSS/JS generation returned empty for post 11033 (type: js). Keeping existing file to prevent 404.
[07-Sep-2026 06:55:37 UTC] Spectra: CSS/JS generation returned empty for post 7731 (type: js). Keeping existing file to prevent 404.
[07-Sep-2026 06:55:56 UTC] Spectra: CSS/JS generation returned empty for post 19169 (type: js). Keeping existing file to prevent 404.
[07-Sep-2026 06:56:28 UTC] Spectra: CSS/JS generation returned empty for post 17377 (type: js). Keeping existing file to prevent 404.
[07-Sep-2026 06:56:29 UTC] Spectra: CSS/JS generation returned empty for post 23059 (type: js). Keeping existing file to prevent 404.
[07-Sep-2026 06:58:48 UTC] Spectra: CSS/JS generation returned empty for post 17368 (type: js). Keeping existing file to prevent 404.
[07-Sep-2026 07:00:16 UTC] WordPress database error You have an error in your SQL syntax; check the manual that corresponds to your MariaDB server version for the right syntax to use near 'AND umt.meta_value NOT LIKE '%Contributor%' AND umt.meta_value NOT LIKE '%Sub...' at line 11 for query 
		SELECT u.ID, umt1.meta_value as last_update
		FROM wp_users as u
		    LEFT JOIN wp_usermeta AS um ON ( u.ID = um.user_id AND um.meta_key = 'rank_math_robots' )
		    LEFT JOIN wp_usermeta AS umt ON ( u.ID = umt.user_id AND umt.meta_key = 'wp_capabilities' )
		    LEFT JOIN wp_usermeta AS umt1 ON ( u.ID = umt1.user_id AND umt1.meta_key = 'last_update' )
		    WHERE ( (
		 		( um.meta_key = 'rank_math_robots' AND um.meta_value NOT LIKE '%noindex%' )
		 		OR um.user_id IS NULL
			)
			AND (  umt1.meta_key = 'last_update' OR umt1.user_id IS NULL )
			AND ( umt.meta_key ='wp_capabilities' AND (  AND umt.meta_value NOT LIKE '%Contributor%' AND umt.meta_value NOT LIKE '%Subscriber%' ) ) )
		    AND u.ID IN (
			SELECT post_author
			FROM wp_posts as p
			WHERE p.post_status = 'publish' AND p.post_password = ''
			
		)
		ORDER BY umt1.meta_value DESC
		  made by require('wp-blog-header.php'), wp, WP->main, WP->query_posts, WP_Query->query, WP_Query->get_posts, WP_Query->parse_query, do_action_ref_array('parse_query'), WP_Hook->do_action, WP_Hook->apply_filters, RankMath\Sitemap\Router->request_sitemap, RankMath\Sitemap\Sitemap_XML->__construct, RankMath\Sitemap\Sitemap_XML->output, RankMath\Sitemap\Sitemap_XML->has_sitemap_in_cache, RankMath\Sitemap\Sitemap_XML->build_sitemap, RankMath\Sitemap\Generator->get_output, RankMath\Sitemap\Generator->build_sitemap, RankMath\Sitemap\Generator->build_root_map, RankMath\Sitemap\Providers\Author->get_index_links, RankMath\Sitemap\Providers\Author->get_index_users, RankMath\Helpers\DB::get_results, RankMath\Admin\Database\Query_Builder->get_results, RankMath\Admin\Database\Query_Builder->run
[07-Sep-2026 07:04:49 UTC] Spectra: CSS/JS generation returned empty for post 7731 (type: js). Keeping existing file to prevent 404.
[07-Sep-2026 07:04:51 UTC] Spectra: CSS/JS generation returned empty for post 30868 (type: js). Keeping existing file to prevent 404.
[07-Sep-2026 07:05:50 UTC] Spectra: CSS/JS generation returned empty for post 20632 (type: js). Keeping existing file to prevent 404.
[07-Sep-2026 07:05:53 UTC] Spectra: CSS/JS generation returned empty for post 19169 (type: js). Keeping existing file to prevent 404.
[07-Sep-2026 07:05:53 UTC] Spectra: CSS/JS generation returned empty for post 19169 (type: js). Keeping existing file to prevent 404.
[07-Sep-2026 07:05:53 UTC] Spectra: CSS/JS generation returned empty for post 19169 (type: js). Keeping existing file to prevent 404.
[07-Sep-2026 07:05:53 UTC] Spectra: CSS/JS generation returned empty for post 19169 (type: js). Keeping existing file to prevent 404.
[07-Sep-2026 07:05:53 UTC] Spectra: CSS/JS generation returned empty for post 19169 (type: js). Keeping existing file to prevent 404.
[07-Sep-2026 07:06:02 UTC] Spectra: CSS/JS generation returned empty for post 8209 (type: js). Keeping existing file to prevent 404.
[07-Sep-2026 07:06:17 UTC] WordPress database error You have an error in your SQL syntax; check the manual that corresponds to your MariaDB server version for the right syntax to use near 'AND umt.meta_value NOT LIKE '%Contributor%' AND umt.meta_value NOT LIKE '%Sub...' at line 11 for query 
		SELECT u.ID, umt1.meta_value as last_update
		FROM wp_users as u
		    LEFT JOIN wp_usermeta AS um ON ( u.ID = um.user_id AND um.meta_key = 'rank_math_robots' )
		    LEFT JOIN wp_usermeta AS umt ON ( u.ID = umt.user_id AND umt.meta_key = 'wp_capabilities' )
		    LEFT JOIN wp_usermeta AS umt1 ON ( u.ID = umt1.user_id AND umt1.meta_key = 'last_update' )
		    WHERE ( (
		 		( um.meta_key = 'rank_math_robots' AND um.meta_value NOT LIKE '%noindex%' )
		 		OR um.user_id IS NULL
			)
			AND (  umt1.meta_key = 'last_update' OR umt1.user_id IS NULL )
			AND ( umt.meta_key ='wp_capabilities' AND (  AND umt.meta_value NOT LIKE '%Contributor%' AND umt.meta_value NOT LIKE '%Subscriber%' ) ) )
		    AND u.ID IN (
			SELECT post_author
			FROM wp_posts as p
			WHERE p.post_status = 'publish' AND p.post_password = ''
			
		)
		ORDER BY umt1.meta_value DESC
		  made by require('wp-blog-header.php'), wp, WP->main, WP->query_posts, WP_Query->query, WP_Query->get_posts, WP_Query->parse_query, do_action_ref_array('parse_query'), WP_Hook->do_action, WP_Hook->apply_filters, RankMath\Sitemap\Router->request_sitemap, RankMath\Sitemap\Sitemap_XML->__construct, RankMath\Sitemap\Sitemap_XML->output, RankMath\Sitemap\Sitemap_XML->has_sitemap_in_cache, RankMath\Sitemap\Sitemap_XML->build_sitemap, RankMath\Sitemap\Generator->get_output, RankMath\Sitemap\Generator->build_sitemap, RankMath\Sitemap\Generator->build_root_map, RankMath\Sitemap\Providers\Author->get_index_links, RankMath\Sitemap\Providers\Author->get_index_users, RankMath\Helpers\DB::get_results, RankMath\Admin\Database\Query_Builder->get_results, RankMath\Admin\Database\Query_Builder->run
[07-Sep-2026 07:06:29 UTC] Spectra: CSS/JS generation returned empty for post 21332 (type: js). Keeping existing file to prevent 404.
[07-Sep-2026 07:08:25 UTC] Spectra: CSS/JS generation returned empty for post 21327 (type: js). Keeping existing file to prevent 404.
[07-Sep-2026 07:09:46 UTC] Spectra: CSS/JS generation returned empty for post 11147 (type: js). Keeping existing file to prevent 404.
[07-Sep-2026 07:10:58 UTC] Spectra: CSS/JS generation returned empty for post 19169 (type: js). Keeping existing file to prevent 404.
[07-Sep-2026 07:11:15 UTC] Spectra: CSS/JS generation returned empty for post 10953 (type: js). Keeping existing file to prevent 404.
[07-Sep-2026 07:14:25 UTC] Spectra: CSS/JS generation returned empty for post 11033 (type: js). Keeping existing file to prevent 404.
[07-Sep-2026 07:20:26 UTC] Spectra: CSS/JS generation returned empty for post 24184 (type: js). Keeping existing file to prevent 404.
[07-Sep-2026 07:22:49 UTC] Spectra: CSS/JS generation returned empty for post 26866 (type: js). Keeping existing file to prevent 404.
[07-Sep-2026 07:24:36 UTC] Spectra: CSS/JS generation returned empty for post 17048 (type: js). Keeping existing file to prevent 404.
[07-Sep-2026 07:25:00 UTC] Spectra: CSS/JS generation returned empty for post 7731 (type: js). Keeping existing file to prevent 404.
[07-Sep-2026 07:25:03 UTC] Spectra: CSS/JS generation returned empty for post 21348 (type: js). Keeping existing file to prevent 404.
[07-Sep-2026 07:25:24 UTC] Spectra: CSS/JS generation returned empty for post 18494 (type: js). Keeping existing file to prevent 404.
[07-Sep-2026 07:25:27 UTC] Spectra: CSS/JS generation returned empty for post 19169 (type: js). Keeping existing file to prevent 404.
[07-Sep-2026 07:26:29 UTC] Spectra: CSS/JS generation returned empty for post 17374 (type: js). Keeping existing file to prevent 404.
[07-Sep-2026 07:27:43 UTC] Spectra: CSS/JS generation returned empty for post 19169 (type: js). Keeping existing file to prevent 404.
[07-Sep-2026 07:28:08 UTC] Spectra: CSS/JS generation returned empty for post 25628 (type: js). Keeping existing file to prevent 404.
[07-Sep-2026 07:28:08 UTC] Spectra: CSS/JS generation returned empty for post 7731 (type: js). Keeping existing file to prevent 404.
[07-Sep-2026 07:29:09 UTC] Spectra: CSS/JS generation returned empty for post 20440 (type: js). Keeping existing file to prevent 404.
[07-Sep-2026 07:29:50 UTC] WordPress database error You have an error in your SQL syntax; check the manual that corresponds to your MariaDB server version for the right syntax to use near 'AND umt.meta_value NOT LIKE '%Contributor%' AND umt.meta_value NOT LIKE '%Sub...' at line 11 for query 
		SELECT u.ID, umt1.meta_value as last_update
		FROM wp_users as u
		    LEFT JOIN wp_usermeta AS um ON ( u.ID = um.user_id AND um.meta_key = 'rank_math_robots' )
		    LEFT JOIN wp_usermeta AS umt ON ( u.ID = umt.user_id AND umt.meta_key = 'wp_capabilities' )
		    LEFT JOIN wp_usermeta AS umt1 ON ( u.ID = umt1.user_id AND umt1.meta_key = 'last_update' )
		    WHERE ( (
		 		( um.meta_key = 'rank_math_robots' AND um.meta_value NOT LIKE '%noindex%' )
		 		OR um.user_id IS NULL
			)
			AND (  umt1.meta_key = 'last_update' OR umt1.user_id IS NULL )
			AND ( umt.meta_key ='wp_capabilities' AND (  AND umt.meta_value NOT LIKE '%Contributor%' AND umt.meta_value NOT LIKE '%Subscriber%' ) ) )
		    AND u.ID IN (
			SELECT post_author
			FROM wp_posts as p
			WHERE p.post_status = 'publish' AND p.post_password = ''
			
		)
		ORDER BY umt1.meta_value DESC
		  made by require('wp-blog-header.php'), wp, WP->main, WP->query_posts, WP_Query->query, WP_Query->get_posts, WP_Query->parse_query, do_action_ref_array('parse_query'), WP_Hook->do_action, WP_Hook->apply_filters, RankMath\Sitemap\Router->request_sitemap, RankMath\Sitemap\Sitemap_XML->__construct, RankMath\Sitemap\Sitemap_XML->output, RankMath\Sitemap\Sitemap_XML->has_sitemap_in_cache, RankMath\Sitemap\Sitemap_XML->build_sitemap, RankMath\Sitemap\Generator->get_output, RankMath\Sitemap\Generator->build_sitemap, RankMath\Sitemap\Generator->build_root_map, RankMath\Sitemap\Providers\Author->get_index_links, RankMath\Sitemap\Providers\Author->get_index_users, RankMath\Helpers\DB::get_results, RankMath\Admin\Database\Query_Builder->get_results, RankMath\Admin\Database\Query_Builder->run
[07-Sep-2026 07:32:13 UTC] Spectra: CSS/JS generation returned empty for post 12064 (type: js). Keeping existing file to prevent 404.
[07-Sep-2026 07:35:23 UTC] Spectra: CSS/JS generation returned empty for post 20405 (type: js). Keeping existing file to prevent 404.
[07-Sep-2026 07:35:23 UTC] Spectra: CSS/JS generation returned empty for post 21336 (type: js). Keeping existing file to prevent 404.
[07-Sep-2026 07:35:52 UTC] Spectra: CSS/JS generation returned empty for post 21505 (type: js). Keeping existing file to prevent 404.
[07-Sep-2026 07:36:08 UTC] Spectra: CSS/JS generation returned empty for post 28528 (type: js). Keeping existing file to prevent 404.
[07-Sep-2026 07:37:23 UTC] Spectra: CSS/JS generation returned empty for post 17048 (type: js). Keeping existing file to prevent 404.
[07-Sep-2026 07:38:36 UTC] Spectra: CSS/JS generation returned empty for post 18431 (type: js). Keeping existing file to prevent 404.
[07-Sep-2026 07:41:34 UTC] Spectra: CSS/JS generation returned empty for post 23044 (type: js). Keeping existing file to prevent 404.
[07-Sep-2026 07:41:42 UTC] Spectra: CSS/JS generation returned empty for post 21327 (type: js). Keeping existing file to prevent 404.
[07-Sep-2026 07:42:46 UTC] Spectra: CSS/JS generation returned empty for post 21351 (type: js). Keeping existing file to prevent 404.
[07-Sep-2026 07:42:48 UTC] Spectra: CSS/JS generation returned empty for post 20421 (type: js). Keeping existing file to prevent 404.
[07-Sep-2026 07:42:49 UTC] Spectra: CSS/JS generation returned empty for post 19169 (type: js). Keeping existing file to prevent 404.
[07-Sep-2026 07:43:48 UTC] Spectra: CSS/JS generation returned empty for post 21265 (type: js). Keeping existing file to prevent 404.
[07-Sep-2026 07:44:32 UTC] Spectra: CSS/JS generation returned empty for post 18106 (type: js). Keeping existing file to prevent 404.
[07-Sep-2026 07:48:17 UTC] Spectra: CSS/JS generation returned empty for post 11033 (type: js). Keeping existing file to prevent 404.
[07-Sep-2026 07:48:18 UTC] Spectra: CSS/JS generation returned empty for post 11762 (type: js). Keeping existing file to prevent 404.
[07-Sep-2026 07:48:29 UTC] Spectra: CSS/JS generation returned empty for post 18413 (type: js). Keeping existing file to prevent 404.
[07-Sep-2026 07:53:17 UTC] Spectra: CSS/JS generation returned empty for post 26866 (type: js). Keeping existing file to prevent 404.
[07-Sep-2026 07:55:30 UTC] Spectra: CSS/JS generation returned empty for post 6897 (type: js). Keeping existing file to prevent 404.
[07-Sep-2026 07:57:53 UTC] Spectra: CSS/JS generation returned empty for post 10970 (type: js). Keeping existing file to prevent 404.
[07-Sep-2026 07:59:08 UTC] Spectra: CSS/JS generation returned empty for post 19123 (type: js). Keeping existing file to prevent 404.
[07-Sep-2026 07:59:14 UTC] Spectra: CSS/JS generation returned empty for post 7037 (type: js). Keeping existing file to prevent 404.
[07-Sep-2026 08:00:10 UTC] Spectra: CSS/JS generation returned empty for post 21323 (type: js). Keeping existing file to prevent 404.
[07-Sep-2026 08:00:36 UTC] Spectra: CSS/JS generation returned empty for post 20632 (type: js). Keeping existing file to prevent 404.
[07-Sep-2026 08:00:59 UTC] Spectra: CSS/JS generation returned empty for post 10861 (type: js). Keeping existing file to prevent 404.
[07-Sep-2026 08:01:58 UTC] Spectra: CSS/JS generation returned empty for post 8209 (type: js). Keeping existing file to prevent 404.
[07-Sep-2026 08:01:58 UTC] Spectra: CSS/JS generation returned empty for post 17377 (type: js). Keeping existing file to prevent 404.
[07-Sep-2026 08:02:14 UTC] Spectra: CSS/JS generation returned empty for post 19169 (type: js). Keeping existing file to prevent 404.
[07-Sep-2026 08:02:37 UTC] Spectra: CSS/JS generation returned empty for post 18431 (type: js). Keeping existing file to prevent 404.
[07-Sep-2026 08:04:17 UTC] Spectra: CSS/JS generation returned empty for post 18431 (type: js). Keeping existing file to prevent 404.
[07-Sep-2026 08:04:41 UTC] Spectra: CSS/JS generation returned empty for post 22816 (type: js). Keeping existing file to prevent 404.
[07-Sep-2026 08:04:45 UTC] Spectra: CSS/JS generation returned empty for post 19169 (type: js). Keeping existing file to prevent 404.
[07-Sep-2026 08:06:00 UTC] Spectra: CSS/JS generation returned empty for post 11033 (type: js). Keeping existing file to prevent 404.
[07-Sep-2026 08:06:25 UTC] Spectra: CSS/JS generation returned empty for post 11563 (type: js). Keeping existing file to prevent 404.
[07-Sep-2026 08:06:50 UTC] Spectra: CSS/JS generation returned empty for post 20405 (type: js). Keeping existing file to prevent 404.
[07-Sep-2026 08:07:44 UTC] Spectra: CSS/JS generation returned empty for post 21351 (type: js). Keeping existing file to prevent 404.
[07-Sep-2026 08:07:45 UTC] WordPress database error You have an error in your SQL syntax; check the manual that corresponds to your MariaDB server version for the right syntax to use near 'AND umt.meta_value NOT LIKE '%Contributor%' AND umt.meta_value NOT LIKE '%Sub...' at line 11 for query 
		SELECT u.ID, umt1.meta_value as last_update
		FROM wp_users as u
		    LEFT JOIN wp_usermeta AS um ON ( u.ID = um.user_id AND um.meta_key = 'rank_math_robots' )
		    LEFT JOIN wp_usermeta AS umt ON ( u.ID = umt.user_id AND umt.meta_key = 'wp_capabilities' )
		    LEFT JOIN wp_usermeta AS umt1 ON ( u.ID = umt1.user_id AND umt1.meta_key = 'last_update' )
		    WHERE ( (
		 		( um.meta_key = 'rank_math_robots' AND um.meta_value NOT LIKE '%noindex%' )
		 		OR um.user_id IS NULL
			)
			AND (  umt1.meta_key = 'last_update' OR umt1.user_id IS NULL )
			AND ( umt.meta_key ='wp_capabilities' AND (  AND umt.meta_value NOT LIKE '%Contributor%' AND umt.meta_value NOT LIKE '%Subscriber%' ) ) )
		    AND u.ID IN (
			SELECT post_author
			FROM wp_posts as p
			WHERE p.post_status = 'publish' AND p.post_password = ''
			
		)
		ORDER BY umt1.meta_value DESC
		  made by require('wp-blog-header.php'), wp, WP->main, WP->query_posts, WP_Query->query, WP_Query->get_posts, WP_Query->parse_query, do_action_ref_array('parse_query'), WP_Hook->do_action, WP_Hook->apply_filters, RankMath\Sitemap\Router->request_sitemap, RankMath\Sitemap\Sitemap_XML->__construct, RankMath\Sitemap\Sitemap_XML->output, RankMath\Sitemap\Sitemap_XML->has_sitemap_in_cache, RankMath\Sitemap\Sitemap_XML->build_sitemap, RankMath\Sitemap\Generator->get_output, RankMath\Sitemap\Generator->build_sitemap, RankMath\Sitemap\Generator->build_root_map, RankMath\Sitemap\Providers\Author->get_index_links, RankMath\Sitemap\Providers\Author->get_index_users, RankMath\Helpers\DB::get_results, RankMath\Admin\Database\Query_Builder->get_results, RankMath\Admin\Database\Query_Builder->run
[07-Sep-2026 08:09:53 UTC] Spectra: CSS/JS generation returned empty for post 11147 (type: js). Keeping existing file to prevent 404.
[07-Sep-2026 08:12:42 UTC] Spectra: CSS/JS generation returned empty for post 20440 (type: js). Keeping existing file to prevent 404.
[07-Sep-2026 08:12:43 UTC] Cron reschedule event error for hook: litespeed_task_imgoptm_req, Error code: could_not_set, Error message: The cron event list could not be saved., Data: {"schedule":"litespeed_filter","args":[],"interval":900}
[07-Sep-2026 08:12:43 UTC] Cron reschedule event error for hook: action_scheduler_run_queue, Error code: could_not_set, Error message: The cron event list could not be saved., Data: {"schedule":"every_minute","args":["WP Cron"],"interval":60}
[07-Sep-2026 08:17:44 UTC] Spectra: CSS/JS generation returned empty for post 21327 (type: js). Keeping existing file to prevent 404.
[07-Sep-2026 08:24:05 UTC] Spectra: CSS/JS generation returned empty for post 26866 (type: js). Keeping existing file to prevent 404.
[07-Sep-2026 08:24:22 UTC] Spectra: CSS/JS generation returned empty for post 19123 (type: js). Keeping existing file to prevent 404.
[07-Sep-2026 08:31:09 UTC] Spectra: CSS/JS generation returned empty for post 17048 (type: js). Keeping existing file to prevent 404.
[07-Sep-2026 08:44:40 UTC] Spectra: CSS/JS generation returned empty for post 13755 (type: js). Keeping existing file to prevent 404.
[07-Sep-2026 09:02:33 UTC] Spectra: CSS/JS generation returned empty for post 22878 (type: js). Keeping existing file to prevent 404.
[07-Sep-2026 09:04:10 UTC] Spectra: CSS/JS generation returned empty for post 19169 (type: js). Keeping existing file to prevent 404.
[07-Sep-2026 09:04:23 UTC] Spectra: CSS/JS generation returned empty for post 18431 (type: js). Keeping existing file to prevent 404.
[07-Sep-2026 09:09:03 UTC] Spectra: CSS/JS generation returned empty for post 20421 (type: js). Keeping existing file to prevent 404.
[07-Sep-2026 09:09:05 UTC] WordPress database error You have an error in your SQL syntax; check the manual that corresponds to your MariaDB server version for the right syntax to use near 'AND umt.meta_value NOT LIKE '%Contributor%' AND umt.meta_value NOT LIKE '%Sub...' at line 11 for query 
		SELECT u.ID, umt1.meta_value as last_update
		FROM wp_users as u
		    LEFT JOIN wp_usermeta AS um ON ( u.ID = um.user_id AND um.meta_key = 'rank_math_robots' )
		    LEFT JOIN wp_usermeta AS umt ON ( u.ID = umt.user_id AND umt.meta_key = 'wp_capabilities' )
		    LEFT JOIN wp_usermeta AS umt1 ON ( u.ID = umt1.user_id AND umt1.meta_key = 'last_update' )
		    WHERE ( (
		 		( um.meta_key = 'rank_math_robots' AND um.meta_value NOT LIKE '%noindex%' )
		 		OR um.user_id IS NULL
			)
			AND (  umt1.meta_key = 'last_update' OR umt1.user_id IS NULL )
			AND ( umt.meta_key ='wp_capabilities' AND (  AND umt.meta_value NOT LIKE '%Contributor%' AND umt.meta_value NOT LIKE '%Subscriber%' ) ) )
		    AND u.ID IN (
			SELECT post_author
			FROM wp_posts as p
			WHERE p.post_status = 'publish' AND p.post_password = ''
			
		)
		ORDER BY umt1.meta_value DESC
		  made by require('wp-blog-header.php'), wp, WP->main, WP->query_posts, WP_Query->query, WP_Query->get_posts, WP_Query->parse_query, do_action_ref_array('parse_query'), WP_Hook->do_action, WP_Hook->apply_filters, RankMath\Sitemap\Router->request_sitemap, RankMath\Sitemap\Sitemap_XML->__construct, RankMath\Sitemap\Sitemap_XML->output, RankMath\Sitemap\Sitemap_XML->has_sitemap_in_cache, RankMath\Sitemap\Sitemap_XML->build_sitemap, RankMath\Sitemap\Generator->get_output, RankMath\Sitemap\Generator->build_sitemap, RankMath\Sitemap\Generator->build_root_map, RankMath\Sitemap\Providers\Author->get_index_links, RankMath\Sitemap\Providers\Author->get_index_users, RankMath\Helpers\DB::get_results, RankMath\Admin\Database\Query_Builder->get_results, RankMath\Admin\Database\Query_Builder->run
[07-Sep-2026 09:10:59 UTC] Spectra: CSS/JS generation returned empty for post 23481 (type: js). Keeping existing file to prevent 404.
[07-Sep-2026 09:11:19 UTC] Spectra: CSS/JS generation returned empty for post 28452 (type: js). Keeping existing file to prevent 404.
[07-Sep-2026 09:11:20 UTC] Spectra: CSS/JS generation returned empty for post 19169 (type: js). Keeping existing file to prevent 404.
[07-Sep-2026 09:12:33 UTC] Spectra: CSS/JS generation returned empty for post 18431 (type: js). Keeping existing file to prevent 404.
[07-Sep-2026 09:15:04 UTC] Spectra: CSS/JS generation returned empty for post 18431 (type: js). Keeping existing file to prevent 404.
[07-Sep-2026 09:15:19 UTC] Spectra: CSS/JS generation returned empty for post 19169 (type: js). Keeping existing file to prevent 404.
[07-Sep-2026 09:16:17 UTC] Spectra: CSS/JS generation returned empty for post 30629 (type: js). Keeping existing file to prevent 404.
[07-Sep-2026 09:16:53 UTC] Spectra: CSS/JS generation returned empty for post 20405 (type: js). Keeping existing file to prevent 404.
[07-Sep-2026 09:17:13 UTC] WordPress database error You have an error in your SQL syntax; check the manual that corresponds to your MariaDB server version for the right syntax to use near 'AND umt.meta_value NOT LIKE '%Contributor%' AND umt.meta_value NOT LIKE '%Sub...' at line 11 for query 
		SELECT u.ID, umt1.meta_value as last_update
		FROM wp_users as u
		    LEFT JOIN wp_usermeta AS um ON ( u.ID = um.user_id AND um.meta_key = 'rank_math_robots' )
		    LEFT JOIN wp_usermeta AS umt ON ( u.ID = umt.user_id AND umt.meta_key = 'wp_capabilities' )
		    LEFT JOIN wp_usermeta AS umt1 ON ( u.ID = umt1.user_id AND umt1.meta_key = 'last_update' )
		    WHERE ( (
		 		( um.meta_key = 'rank_math_robots' AND um.meta_value NOT LIKE '%noindex%' )
		 		OR um.user_id IS NULL
			)
			AND (  umt1.meta_key = 'last_update' OR umt1.user_id IS NULL )
			AND ( umt.meta_key ='wp_capabilities' AND (  AND umt.meta_value NOT LIKE '%Contributor%' AND umt.meta_value NOT LIKE '%Subscriber%' ) ) )
		    AND u.ID IN (
			SELECT post_author
			FROM wp_posts as p
			WHERE p.post_status = 'publish' AND p.post_password = ''
			
		)
		ORDER BY umt1.meta_value DESC
		  made by require('wp-blog-header.php'), wp, WP->main, WP->query_posts, WP_Query->query, WP_Query->get_posts, WP_Query->parse_query, do_action_ref_array('parse_query'), WP_Hook->do_action, WP_Hook->apply_filters, RankMath\Sitemap\Router->request_sitemap, RankMath\Sitemap\Sitemap_XML->__construct, RankMath\Sitemap\Sitemap_XML->output, RankMath\Sitemap\Sitemap_XML->has_sitemap_in_cache, RankMath\Sitemap\Sitemap_XML->build_sitemap, RankMath\Sitemap\Generator->get_output, RankMath\Sitemap\Generator->build_sitemap, RankMath\Sitemap\Generator->build_root_map, RankMath\Sitemap\Providers\Author->get_index_links, RankMath\Sitemap\Providers\Author->get_index_users, RankMath\Helpers\DB::get_results, RankMath\Admin\Database\Query_Builder->get_results, RankMath\Admin\Database\Query_Builder->run
[07-Sep-2026 09:17:29 UTC] Spectra: CSS/JS generation returned empty for post 29395 (type: js). Keeping existing file to prevent 404.
[07-Sep-2026 09:17:56 UTC] Spectra: CSS/JS generation returned empty for post 18557 (type: js). Keeping existing file to prevent 404.
[07-Sep-2026 09:20:11 UTC] PHP Warning:  Trying to access array offset on false in /home/u434629889/domains/faisaltown.org/public_html/wp-content/plugins/elementor/includes/managers/image.php on line 113
[07-Sep-2026 09:20:11 UTC] PHP Warning:  Trying to access array offset on false in /home/u434629889/domains/faisaltown.org/public_html/wp-content/plugins/elementor/includes/managers/image.php on line 113
[07-Sep-2026 09:20:11 UTC] PHP Warning:  Trying to access array offset on false in /home/u434629889/domains/faisaltown.org/public_html/wp-content/plugins/elementor/includes/managers/image.php on line 113
[07-Sep-2026 09:20:11 UTC] PHP Warning:  Trying to access array offset on false in /home/u434629889/domains/faisaltown.org/public_html/wp-content/plugins/elementor/includes/managers/image.php on line 113
[07-Sep-2026 09:20:11 UTC] PHP Warning:  Trying to access array offset on false in /home/u434629889/domains/faisaltown.org/public_html/wp-content/plugins/elementor/includes/managers/image.php on line 113
[07-Sep-2026 09:20:11 UTC] PHP Warning:  Trying to access array offset on false in /home/u434629889/domains/faisaltown.org/public_html/wp-content/plugins/elementor/includes/managers/image.php on line 113
[07-Sep-2026 09:20:11 UTC] PHP Warning:  Trying to access array offset on false in /home/u434629889/domains/faisaltown.org/public_html/wp-content/plugins/elementor/includes/managers/image.php on line 113
[07-Sep-2026 09:20:11 UTC] PHP Warning:  Trying to access array offset on false in /home/u434629889/domains/faisaltown.org/public_html/wp-content/plugins/elementor/includes/managers/image.php on line 113
[07-Sep-2026 09:22:35 UTC] Spectra: CSS/JS generation returned empty for post 22927 (type: js). Keeping existing file to prevent 404.
[07-Sep-2026 09:22:45 UTC] Spectra: CSS/JS generation returned empty for post 21327 (type: js). Keeping existing file to prevent 404.
[07-Sep-2026 09:23:33 UTC] Spectra: CSS/JS generation returned empty for post 23288 (type: js). Keeping existing file to prevent 404.
[07-Sep-2026 09:23:49 UTC] Spectra: CSS/JS generation returned empty for post 11033 (type: js). Keeping existing file to prevent 404.
[07-Sep-2026 09:23:53 UTC] Spectra: CSS/JS generation returned empty for post 19169 (type: js). Keeping existing file to prevent 404.
[07-Sep-2026 09:24:33 UTC] Spectra: CSS/JS generation returned empty for post 21327 (type: js). Keeping existing file to prevent 404.
[07-Sep-2026 09:24:58 UTC] PHP Warning:  Trying to access array offset on false in /home/u434629889/domains/faisaltown.org/public_html/wp-content/plugins/elementor/includes/managers/image.php on line 113
[07-Sep-2026 09:25:10 UTC] Spectra: CSS/JS generation returned empty for post 17048 (type: js). Keeping existing file to prevent 404.
[07-Sep-2026 09:25:58 UTC] Spectra: CSS/JS generation returned empty for post 8209 (type: js). Keeping existing file to prevent 404.
[07-Sep-2026 09:26:21 UTC] Spectra: CSS/JS generation returned empty for post 18557 (type: js). Keeping existing file to prevent 404.
[07-Sep-2026 09:26:23 UTC] Spectra: CSS/JS generation returned empty for post 19169 (type: js). Keeping existing file to prevent 404.
[07-Sep-2026 09:26:58 UTC] Spectra: CSS/JS generation returned empty for post 28452 (type: js). Keeping existing file to prevent 404.
[07-Sep-2026 09:29:32 UTC] Spectra: CSS/JS generation returned empty for post 18557 (type: js). Keeping existing file to prevent 404.
[07-Sep-2026 09:29:34 UTC] Spectra: CSS/JS generation returned empty for post 19169 (type: js). Keeping existing file to prevent 404.
[07-Sep-2026 09:29:51 UTC] Spectra: CSS/JS generation returned empty for post 21336 (type: js). Keeping existing file to prevent 404.
[07-Sep-2026 09:31:02 UTC] WordPress database error You have an error in your SQL syntax; check the manual that corresponds to your MariaDB server version for the right syntax to use near 'AND umt.meta_value NOT LIKE '%Contributor%' AND umt.meta_value NOT LIKE '%Sub...' at line 11 for query 
		SELECT u.ID, umt1.meta_value as last_update
		FROM wp_users as u
		    LEFT JOIN wp_usermeta AS um ON ( u.ID = um.user_id AND um.meta_key = 'rank_math_robots' )
		    LEFT JOIN wp_usermeta AS umt ON ( u.ID = umt.user_id AND umt.meta_key = 'wp_capabilities' )
		    LEFT JOIN wp_usermeta AS umt1 ON ( u.ID = umt1.user_id AND umt1.meta_key = 'last_update' )
		    WHERE ( (
		 		( um.meta_key = 'rank_math_robots' AND um.meta_value NOT LIKE '%noindex%' )
		 		OR um.user_id IS NULL
			)
			AND (  umt1.meta_key = 'last_update' OR umt1.user_id IS NULL )
			AND ( umt.meta_key ='wp_capabilities' AND (  AND umt.meta_value NOT LIKE '%Contributor%' AND umt.meta_value NOT LIKE '%Subscriber%' ) ) )
		    AND u.ID IN (
			SELECT post_author
			FROM wp_posts as p
			WHERE p.post_status = 'publish' AND p.post_password = ''
			
		)
		ORDER BY umt1.meta_value DESC
		  made by require('wp-blog-header.php'), wp, WP->main, WP->query_posts, WP_Query->query, WP_Query->get_posts, WP_Query->parse_query, do_action_ref_array('parse_query'), WP_Hook->do_action, WP_Hook->apply_filters, RankMath\Sitemap\Router->request_sitemap, RankMath\Sitemap\Sitemap_XML->__construct, RankMath\Sitemap\Sitemap_XML->output, RankMath\Sitemap\Sitemap_XML->has_sitemap_in_cache, RankMath\Sitemap\Sitemap_XML->build_sitemap, RankMath\Sitemap\Generator->get_output, RankMath\Sitemap\Generator->build_sitemap, RankMath\Sitemap\Generator->build_root_map, RankMath\Sitemap\Providers\Author->get_index_links, RankMath\Sitemap\Providers\Author->get_index_users, RankMath\Helpers\DB::get_results, RankMath\Admin\Database\Query_Builder->get_results, RankMath\Admin\Database\Query_Builder->run
[07-Sep-2026 09:31:21 UTC] Spectra: CSS/JS generation returned empty for post 19169 (type: js). Keeping existing file to prevent 404.
[07-Sep-2026 09:31:26 UTC] Spectra: CSS/JS generation returned empty for post 21344 (type: js). Keeping existing file to prevent 404.
[07-Sep-2026 09:31:55 UTC] Spectra: CSS/JS generation returned empty for post 19169 (type: js). Keeping existing file to prevent 404.
[07-Sep-2026 09:32:03 UTC] Spectra: CSS/JS generation returned empty for post 18557 (type: js). Keeping existing file to prevent 404.
[07-Sep-2026 09:32:03 UTC] Spectra: CSS/JS generation returned empty for post 21494 (type: js). Keeping existing file to prevent 404.
[07-Sep-2026 09:33:08 UTC] Spectra: CSS/JS generation returned empty for post 26866 (type: js). Keeping existing file to prevent 404.
[07-Sep-2026 09:34:20 UTC] Spectra: CSS/JS generation returned empty for post 21323 (type: js). Keeping existing file to prevent 404.
[07-Sep-2026 09:36:55 UTC] WordPress database error You have an error in your SQL syntax; check the manual that corresponds to your MariaDB server version for the right syntax to use near 'AND umt.meta_value NOT LIKE '%Contributor%' AND umt.meta_value NOT LIKE '%Sub...' at line 11 for query 
		SELECT u.ID, umt1.meta_value as last_update
		FROM wp_users as u
		    LEFT JOIN wp_usermeta AS um ON ( u.ID = um.user_id AND um.meta_key = 'rank_math_robots' )
		    LEFT JOIN wp_usermeta AS umt ON ( u.ID = umt.user_id AND umt.meta_key = 'wp_capabilities' )
		    LEFT JOIN wp_usermeta AS umt1 ON ( u.ID = umt1.user_id AND umt1.meta_key = 'last_update' )
		    WHERE ( (
		 		( um.meta_key = 'rank_math_robots' AND um.meta_value NOT LIKE '%noindex%' )
		 		OR um.user_id IS NULL
			)
			AND (  umt1.meta_key = 'last_update' OR umt1.user_id IS NULL )
			AND ( umt.meta_key ='wp_capabilities' AND (  AND umt.meta_value NOT LIKE '%Contributor%' AND umt.meta_value NOT LIKE '%Subscriber%' ) ) )
		    AND u.ID IN (
			SELECT post_author
			FROM wp_posts as p
			WHERE p.post_status = 'publish' AND p.post_password = ''
			
		)
		ORDER BY umt1.meta_value DESC
		  made by require('wp-blog-header.php'), wp, WP->main, WP->query_posts, WP_Query->query, WP_Query->get_posts, WP_Query->parse_query, do_action_ref_array('parse_query'), WP_Hook->do_action, WP_Hook->apply_filters, RankMath\Sitemap\Router->request_sitemap, RankMath\Sitemap\Sitemap_XML->__construct, RankMath\Sitemap\Sitemap_XML->output, RankMath\Sitemap\Sitemap_XML->has_sitemap_in_cache, RankMath\Sitemap\Sitemap_XML->build_sitemap, RankMath\Sitemap\Generator->get_output, RankMath\Sitemap\Generator->build_sitemap, RankMath\Sitemap\Generator->build_root_map, RankMath\Sitemap\Providers\Author->get_index_links, RankMath\Sitemap\Providers\Author->get_index_users, RankMath\Helpers\DB::get_results, RankMath\Admin\Database\Query_Builder->get_results, RankMath\Admin\Database\Query_Builder->run
[07-Sep-2026 09:39:09 UTC] Spectra: CSS/JS generation returned empty for post 11147 (type: js). Keeping existing file to prevent 404.
[07-Sep-2026 09:39:53 UTC] Spectra: CSS/JS generation returned empty for post 7745 (type: js). Keeping existing file to prevent 404.
[07-Sep-2026 09:43:48 UTC] Spectra: CSS/JS generation returned empty for post 11033 (type: js). Keeping existing file to prevent 404.
[07-Sep-2026 09:43:50 UTC] Spectra: CSS/JS generation returned empty for post 19123 (type: js). Keeping existing file to prevent 404.
[07-Sep-2026 09:44:23 UTC] Spectra: CSS/JS generation returned empty for post 17048 (type: js). Keeping existing file to prevent 404.
[07-Sep-2026 09:44:29 UTC] Spectra: CSS/JS generation returned empty for post 17374 (type: js). Keeping existing file to prevent 404.
[07-Sep-2026 09:51:00 UTC] Spectra: CSS/JS generation returned empty for post 17048 (type: js). Keeping existing file to prevent 404.
[07-Sep-2026 09:51:04 UTC] Spectra: CSS/JS generation returned empty for post 19169 (type: js). Keeping existing file to prevent 404.
[07-Sep-2026 09:51:15 UTC] Spectra: CSS/JS generation returned empty for post 18557 (type: js). Keeping existing file to prevent 404.
[07-Sep-2026 09:51:42 UTC] Spectra: CSS/JS generation returned empty for post 22511 (type: js). Keeping existing file to prevent 404.
[07-Sep-2026 09:52:08 UTC] Spectra: CSS/JS generation returned empty for post 20405 (type: js). Keeping existing file to prevent 404.
[07-Sep-2026 09:52:42 UTC] Spectra: CSS/JS generation returned empty for post 19123 (type: js). Keeping existing file to prevent 404.
[07-Sep-2026 09:52:46 UTC] Spectra: CSS/JS generation returned empty for post 18431 (type: js). Keeping existing file to prevent 404.
[07-Sep-2026 09:52:49 UTC] Spectra: CSS/JS generation returned empty for post 7731 (type: js). Keeping existing file to prevent 404.
[07-Sep-2026 09:54:43 UTC] Spectra: CSS/JS generation returned empty for post 7037 (type: js). Keeping existing file to prevent 404.
[07-Sep-2026 09:56:06 UTC] WordPress database error You have an error in your SQL syntax; check the manual that corresponds to your MariaDB server version for the right syntax to use near 'AND umt.meta_value NOT LIKE '%Contributor%' AND umt.meta_value NOT LIKE '%Sub...' at line 11 for query 
		SELECT u.ID, umt1.meta_value as last_update
		FROM wp_users as u
		    LEFT JOIN wp_usermeta AS um ON ( u.ID = um.user_id AND um.meta_key = 'rank_math_robots' )
		    LEFT JOIN wp_usermeta AS umt ON ( u.ID = umt.user_id AND umt.meta_key = 'wp_capabilities' )
		    LEFT JOIN wp_usermeta AS umt1 ON ( u.ID = umt1.user_id AND umt1.meta_key = 'last_update' )
		    WHERE ( (
		 		( um.meta_key = 'rank_math_robots' AND um.meta_value NOT LIKE '%noindex%' )
		 		OR um.user_id IS NULL
			)
			AND (  umt1.meta_key = 'last_update' OR umt1.user_id IS NULL )
			AND ( umt.meta_key ='wp_capabilities' AND (  AND umt.meta_value NOT LIKE '%Contributor%' AND umt.meta_value NOT LIKE '%Subscriber%' ) ) )
		    AND u.ID IN (
			SELECT post_author
			FROM wp_posts as p
			WHERE p.post_status = 'publish' AND p.post_password = ''
			
		)
		ORDER BY umt1.meta_value DESC
		  made by require('wp-blog-header.php'), wp, WP->main, WP->query_posts, WP_Query->query, WP_Query->get_posts, WP_Query->parse_query, do_action_ref_array('parse_query'), WP_Hook->do_action, WP_Hook->apply_filters, RankMath\Sitemap\Router->request_sitemap, RankMath\Sitemap\Sitemap_XML->__construct, RankMath\Sitemap\Sitemap_XML->output, RankMath\Sitemap\Sitemap_XML->has_sitemap_in_cache, RankMath\Sitemap\Sitemap_XML->build_sitemap, RankMath\Sitemap\Generator->get_output, RankMath\Sitemap\Generator->build_sitemap, RankMath\Sitemap\Generator->build_root_map, RankMath\Sitemap\Providers\Author->get_index_links, RankMath\Sitemap\Providers\Author->get_index_users, RankMath\Helpers\DB::get_results, RankMath\Admin\Database\Query_Builder->get_results, RankMath\Admin\Database\Query_Builder->run
[07-Sep-2026 09:56:45 UTC] Spectra: CSS/JS generation returned empty for post 17377 (type: js). Keeping existing file to prevent 404.
[07-Sep-2026 09:56:46 UTC] Spectra: CSS/JS generation returned empty for post 19169 (type: js). Keeping existing file to prevent 404.
[07-Sep-2026 09:57:05 UTC] Spectra: CSS/JS generation returned empty for post 18557 (type: js). Keeping existing file to prevent 404.
[07-Sep-2026 09:57:28 UTC] Spectra: CSS/JS generation returned empty for post 11743 (type: js). Keeping existing file to prevent 404.
[07-Sep-2026 09:59:30 UTC] Spectra: CSS/JS generation returned empty for post 21327 (type: js). Keeping existing file to prevent 404.
[07-Sep-2026 10:01:00 UTC] Spectra: CSS/JS generation returned empty for post 21336 (type: js). Keeping existing file to prevent 404.
[07-Sep-2026 10:02:40 UTC] WordPress database error You have an error in your SQL syntax; check the manual that corresponds to your MariaDB server version for the right syntax to use near 'AND umt.meta_value NOT LIKE '%Contributor%' AND umt.meta_value NOT LIKE '%Sub...' at line 11 for query 
		SELECT u.ID, umt1.meta_value as last_update
		FROM wp_users as u
		    LEFT JOIN wp_usermeta AS um ON ( u.ID = um.user_id AND um.meta_key = 'rank_math_robots' )
		    LEFT JOIN wp_usermeta AS umt ON ( u.ID = umt.user_id AND umt.meta_key = 'wp_capabilities' )
		    LEFT JOIN wp_usermeta AS umt1 ON ( u.ID = umt1.user_id AND umt1.meta_key = 'last_update' )
		    WHERE ( (
		 		( um.meta_key = 'rank_math_robots' AND um.meta_value NOT LIKE '%noindex%' )
		 		OR um.user_id IS NULL
			)
			AND (  umt1.meta_key = 'last_update' OR umt1.user_id IS NULL )
			AND ( umt.meta_key ='wp_capabilities' AND (  AND umt.meta_value NOT LIKE '%Contributor%' AND umt.meta_value NOT LIKE '%Subscriber%' ) ) )
		    AND u.ID IN (
			SELECT post_author
			FROM wp_posts as p
			WHERE p.post_status = 'publish' AND p.post_password = ''
			
		)
		ORDER BY umt1.meta_value DESC
		  made by require('wp-blog-header.php'), wp, WP->main, WP->query_posts, WP_Query->query, WP_Query->get_posts, WP_Query->parse_query, do_action_ref_array('parse_query'), WP_Hook->do_action, WP_Hook->apply_filters, RankMath\Sitemap\Router->request_sitemap, RankMath\Sitemap\Sitemap_XML->__construct, RankMath\Sitemap\Sitemap_XML->output, RankMath\Sitemap\Sitemap_XML->has_sitemap_in_cache, RankMath\Sitemap\Sitemap_XML->build_sitemap, RankMath\Sitemap\Generator->get_output, RankMath\Sitemap\Generator->build_sitemap, RankMath\Sitemap\Generator->build_root_map, RankMath\Sitemap\Providers\Author->get_index_links, RankMath\Sitemap\Providers\Author->get_index_users, RankMath\Helpers\DB::get_results, RankMath\Admin\Database\Query_Builder->get_results, RankMath\Admin\Database\Query_Builder->run
[07-Sep-2026 10:02:43 UTC] Spectra: CSS/JS generation returned empty for post 22878 (type: js). Keeping existing file to prevent 404.
[07-Sep-2026 10:02:56 UTC] Spectra: CSS/JS generation returned empty for post 21488 (type: js). Keeping existing file to prevent 404.
[07-Sep-2026 10:03:18 UTC] Spectra: CSS/JS generation returned empty for post 23059 (type: js). Keeping existing file to prevent 404.
[07-Sep-2026 10:07:34 UTC] Spectra: CSS/JS generation returned empty for post 21494 (type: js). Keeping existing file to prevent 404.
[07-Sep-2026 10:07:43 UTC] Spectra: CSS/JS generation returned empty for post 7731 (type: js). Keeping existing file to prevent 404.
[07-Sep-2026 10:10:31 UTC] Spectra: CSS/JS generation returned empty for post 17048 (type: js). Keeping existing file to prevent 404.
[07-Sep-2026 10:12:08 UTC] Spectra: CSS/JS generation returned empty for post 19169 (type: js). Keeping existing file to prevent 404.
[07-Sep-2026 10:12:08 UTC] Spectra: CSS/JS generation returned empty for post 11033 (type: js). Keeping existing file to prevent 404.
[07-Sep-2026 10:12:16 UTC] Spectra: CSS/JS generation returned empty for post 18557 (type: js). Keeping existing file to prevent 404.
[07-Sep-2026 10:12:22 UTC] Spectra: CSS/JS generation returned empty for post 22816 (type: js). Keeping existing file to prevent 404.
[07-Sep-2026 10:13:09 UTC] Spectra: CSS/JS generation returned empty for post 18563 (type: js). Keeping existing file to prevent 404.
[07-Sep-2026 10:15:11 UTC] Spectra: CSS/JS generation returned empty for post 22905 (type: js). Keeping existing file to prevent 404.
[07-Sep-2026 10:17:01 UTC] WordPress database error You have an error in your SQL syntax; check the manual that corresponds to your MariaDB server version for the right syntax to use near 'AND umt.meta_value NOT LIKE '%Contributor%' AND umt.meta_value NOT LIKE '%Sub...' at line 11 for query 
		SELECT u.ID, umt1.meta_value as last_update
		FROM wp_users as u
		    LEFT JOIN wp_usermeta AS um ON ( u.ID = um.user_id AND um.meta_key = 'rank_math_robots' )
		    LEFT JOIN wp_usermeta AS umt ON ( u.ID = umt.user_id AND umt.meta_key = 'wp_capabilities' )
		    LEFT JOIN wp_usermeta AS umt1 ON ( u.ID = umt1.user_id AND umt1.meta_key = 'last_update' )
		    WHERE ( (
		 		( um.meta_key = 'rank_math_robots' AND um.meta_value NOT LIKE '%noindex%' )
		 		OR um.user_id IS NULL
			)
			AND (  umt1.meta_key = 'last_update' OR umt1.user_id IS NULL )
			AND ( umt.meta_key ='wp_capabilities' AND (  AND umt.meta_value NOT LIKE '%Contributor%' AND umt.meta_value NOT LIKE '%Subscriber%' ) ) )
		    AND u.ID IN (
			SELECT post_author
			FROM wp_posts as p
			WHERE p.post_status = 'publish' AND p.post_password = ''
			
		)
		ORDER BY umt1.meta_value DESC
		  made by require('wp-blog-header.php'), wp, WP->main, WP->query_posts, WP_Query->query, WP_Query->get_posts, WP_Query->parse_query, do_action_ref_array('parse_query'), WP_Hook->do_action, WP_Hook->apply_filters, RankMath\Sitemap\Router->request_sitemap, RankMath\Sitemap\Sitemap_XML->__construct, RankMath\Sitemap\Sitemap_XML->output, RankMath\Sitemap\Sitemap_XML->has_sitemap_in_cache, RankMath\Sitemap\Sitemap_XML->build_sitemap, RankMath\Sitemap\Generator->get_output, RankMath\Sitemap\Generator->build_sitemap, RankMath\Sitemap\Generator->build_root_map, RankMath\Sitemap\Providers\Author->get_index_links, RankMath\Sitemap\Providers\Author->get_index_users, RankMath\Helpers\DB::get_results, RankMath\Admin\Database\Query_Builder->get_results, RankMath\Admin\Database\Query_Builder->run
[07-Sep-2026 10:17:34 UTC] PHP Warning:  Undefined array key "editor_post_id" in /home/u434629889/domains/faisaltown.org/public_html/wp-content/plugins/elementor-pro/modules/theme-builder/classes/conditions-manager.php on line 184
[07-Sep-2026 10:17:34 UTC] PHP Warning:  Undefined array key "editor_post_id" in /home/u434629889/domains/faisaltown.org/public_html/wp-content/plugins/elementor/modules/history/revisions-manager.php on line 363
[07-Sep-2026 10:20:58 UTC] Spectra: CSS/JS generation returned empty for post 19169 (type: js). Keeping existing file to prevent 404.
[07-Sep-2026 10:21:06 UTC] Spectra: CSS/JS generation returned empty for post 11033 (type: js). Keeping existing file to prevent 404.
[07-Sep-2026 10:21:19 UTC] Spectra: CSS/JS generation returned empty for post 18563 (type: js). Keeping existing file to prevent 404.
[07-Sep-2026 10:21:19 UTC] Spectra: CSS/JS generation returned empty for post 13972 (type: js). Keeping existing file to prevent 404.
[07-Sep-2026 10:22:50 UTC] WordPress database error You have an error in your SQL syntax; check the manual that corresponds to your MariaDB server version for the right syntax to use near 'AND umt.meta_value NOT LIKE '%Contributor%' AND umt.meta_value NOT LIKE '%Sub...' at line 11 for query 
		SELECT u.ID, umt1.meta_value as last_update
		FROM wp_users as u
		    LEFT JOIN wp_usermeta AS um ON ( u.ID = um.user_id AND um.meta_key = 'rank_math_robots' )
		    LEFT JOIN wp_usermeta AS umt ON ( u.ID = umt.user_id AND umt.meta_key = 'wp_capabilities' )
		    LEFT JOIN wp_usermeta AS umt1 ON ( u.ID = umt1.user_id AND umt1.meta_key = 'last_update' )
		    WHERE ( (
		 		( um.meta_key = 'rank_math_robots' AND um.meta_value NOT LIKE '%noindex%' )
		 		OR um.user_id IS NULL
			)
			AND (  umt1.meta_key = 'last_update' OR umt1.user_id IS NULL )
			AND ( umt.meta_key ='wp_capabilities' AND (  AND umt.meta_value NOT LIKE '%Contributor%' AND umt.meta_value NOT LIKE '%Subscriber%' ) ) )
		    AND u.ID IN (
			SELECT post_author
			FROM wp_posts as p
			WHERE p.post_status = 'publish' AND p.post_password = ''
			
		)
		ORDER BY umt1.meta_value DESC
		  made by require('wp-blog-header.php'), wp, WP->main, WP->query_posts, WP_Query->query, WP_Query->get_posts, WP_Query->parse_query, do_action_ref_array('parse_query'), WP_Hook->do_action, WP_Hook->apply_filters, RankMath\Sitemap\Router->request_sitemap, RankMath\Sitemap\Sitemap_XML->__construct, RankMath\Sitemap\Sitemap_XML->output, RankMath\Sitemap\Sitemap_XML->has_sitemap_in_cache, RankMath\Sitemap\Sitemap_XML->build_sitemap, RankMath\Sitemap\Generator->get_output, RankMath\Sitemap\Generator->build_sitemap, RankMath\Sitemap\Generator->build_root_map, RankMath\Sitemap\Providers\Author->get_index_links, RankMath\Sitemap\Providers\Author->get_index_users, RankMath\Helpers\DB::get_results, RankMath\Admin\Database\Query_Builder->get_results, RankMath\Admin\Database\Query_Builder->run
[07-Sep-2026 10:26:28 UTC] Spectra: CSS/JS generation returned empty for post 19169 (type: js). Keeping existing file to prevent 404.
[07-Sep-2026 10:26:53 UTC] Spectra: CSS/JS generation returned empty for post 18494 (type: js). Keeping existing file to prevent 404.
[07-Sep-2026 10:28:04 UTC] Spectra: CSS/JS generation returned empty for post 8209 (type: js). Keeping existing file to prevent 404.
[07-Sep-2026 10:28:28 UTC] Spectra: CSS/JS generation returned empty for post 18563 (type: js). Keeping existing file to prevent 404.
[07-Sep-2026 10:29:17 UTC] Spectra: CSS/JS generation returned empty for post 11563 (type: js). Keeping existing file to prevent 404.
[07-Sep-2026 10:29:18 UTC] Spectra: CSS/JS generation returned empty for post 19169 (type: js). Keeping existing file to prevent 404.
[07-Sep-2026 10:30:47 UTC] Spectra: CSS/JS generation returned empty for post 11033 (type: js). Keeping existing file to prevent 404.
[07-Sep-2026 10:31:53 UTC] Spectra: CSS/JS generation returned empty for post 18494 (type: js). Keeping existing file to prevent 404.
[07-Sep-2026 10:32:00 UTC] Spectra: CSS/JS generation returned empty for post 22516 (type: js). Keeping existing file to prevent 404.
[07-Sep-2026 10:32:59 UTC] Spectra: CSS/JS generation returned empty for post 28452 (type: js). Keeping existing file to prevent 404.
[07-Sep-2026 10:33:21 UTC] WordPress database error You have an error in your SQL syntax; check the manual that corresponds to your MariaDB server version for the right syntax to use near 'AND umt.meta_value NOT LIKE '%Contributor%' AND umt.meta_value NOT LIKE '%Sub...' at line 11 for query 
		SELECT u.ID, umt1.meta_value as last_update
		FROM wp_users as u
		    LEFT JOIN wp_usermeta AS um ON ( u.ID = um.user_id AND um.meta_key = 'rank_math_robots' )
		    LEFT JOIN wp_usermeta AS umt ON ( u.ID = umt.user_id AND umt.meta_key = 'wp_capabilities' )
		    LEFT JOIN wp_usermeta AS umt1 ON ( u.ID = umt1.user_id AND umt1.meta_key = 'last_update' )
		    WHERE ( (
		 		( um.meta_key = 'rank_math_robots' AND um.meta_value NOT LIKE '%noindex%' )
		 		OR um.user_id IS NULL
			)
			AND (  umt1.meta_key = 'last_update' OR umt1.user_id IS NULL )
			AND ( umt.meta_key ='wp_capabilities' AND (  AND umt.meta_value NOT LIKE '%Contributor%' AND umt.meta_value NOT LIKE '%Subscriber%' ) ) )
		    AND u.ID IN (
			SELECT post_author
			FROM wp_posts as p
			WHERE p.post_status = 'publish' AND p.post_password = ''
			
		)
		ORDER BY umt1.meta_value DESC
		  made by require('wp-blog-header.php'), wp, WP->main, WP->query_posts, WP_Query->query, WP_Query->get_posts, WP_Query->parse_query, do_action_ref_array('parse_query'), WP_Hook->do_action, WP_Hook->apply_filters, RankMath\Sitemap\Router->request_sitemap, RankMath\Sitemap\Sitemap_XML->__construct, RankMath\Sitemap\Sitemap_XML->output, RankMath\Sitemap\Sitemap_XML->has_sitemap_in_cache, RankMath\Sitemap\Sitemap_XML->build_sitemap, RankMath\Sitemap\Generator->get_output, RankMath\Sitemap\Generator->build_sitemap, RankMath\Sitemap\Generator->build_root_map, RankMath\Sitemap\Providers\Author->get_index_links, RankMath\Sitemap\Providers\Author->get_index_users, RankMath\Helpers\DB::get_results, RankMath\Admin\Database\Query_Builder->get_results, RankMath\Admin\Database\Query_Builder->run
[07-Sep-2026 10:36:30 UTC] Spectra: CSS/JS generation returned empty for post 21488 (type: js). Keeping existing file to prevent 404.
[07-Sep-2026 10:37:42 UTC] Spectra: CSS/JS generation returned empty for post 21327 (type: js). Keeping existing file to prevent 404.
[07-Sep-2026 10:37:52 UTC] Spectra: CSS/JS generation returned empty for post 22860 (type: js). Keeping existing file to prevent 404.
[07-Sep-2026 10:38:32 UTC] Spectra: CSS/JS generation returned empty for post 19123 (type: js). Keeping existing file to prevent 404.
[07-Sep-2026 10:40:35 UTC] Spectra: CSS/JS generation returned empty for post 19169 (type: js). Keeping existing file to prevent 404.
[07-Sep-2026 10:40:40 UTC] Spectra: CSS/JS generation returned empty for post 17486 (type: js). Keeping existing file to prevent 404.
[07-Sep-2026 10:41:32 UTC] Spectra: CSS/JS generation returned empty for post 7745 (type: js). Keeping existing file to prevent 404.
[07-Sep-2026 10:43:20 UTC] Spectra: CSS/JS generation returned empty for post 22816 (type: js). Keeping existing file to prevent 404.
[07-Sep-2026 10:45:39 UTC] Spectra: CSS/JS generation returned empty for post 11563 (type: js). Keeping existing file to prevent 404.
[07-Sep-2026 10:48:25 UTC] Spectra: CSS/JS generation returned empty for post 24568 (type: js). Keeping existing file to prevent 404.
[07-Sep-2026 10:48:26 UTC] Spectra: CSS/JS generation returned empty for post 19169 (type: js). Keeping existing file to prevent 404.
[07-Sep-2026 10:51:38 UTC] Spectra: CSS/JS generation returned empty for post 21494 (type: js). Keeping existing file to prevent 404.
[07-Sep-2026 10:55:24 UTC] Spectra: CSS/JS generation returned empty for post 12064 (type: js). Keeping existing file to prevent 404.
[07-Sep-2026 10:56:06 UTC] Spectra: CSS/JS generation returned empty for post 21336 (type: js). Keeping existing file to prevent 404.
[07-Sep-2026 10:56:12 UTC] Cron unschedule event error for hook: litespeed_task_health, Error code: could_not_set, Error message: The cron event list could not be saved., Data: {"schedule":false,"args":[]}
[07-Sep-2026 10:56:13 UTC] Cron unschedule event error for hook: litespeed_task_health, Error code: could_not_set, Error message: The cron event list could not be saved., Data: {"schedule":false,"args":[]}
[07-Sep-2026 10:56:14 UTC] Cron unschedule event error for hook: litespeed_task_health, Error code: could_not_set, Error message: The cron event list could not be saved., Data: {"schedule":false,"args":[]}
[07-Sep-2026 10:56:34 UTC] Spectra: CSS/JS generation returned empty for post 7037 (type: js). Keeping existing file to prevent 404.
[07-Sep-2026 10:56:40 UTC] Spectra: CSS/JS generation returned empty for post 18563 (type: js). Keeping existing file to prevent 404.
[07-Sep-2026 10:57:28 UTC] Spectra: CSS/JS generation returned empty for post 19169 (type: js). Keeping existing file to prevent 404.
[07-Sep-2026 10:57:37 UTC] Cron unschedule event error for hook: litespeed_task_health, Error code: could_not_set, Error message: The cron event list could not be saved., Data: {"schedule":false,"args":[]}
[07-Sep-2026 10:57:39 UTC] Cron unschedule event error for hook: litespeed_task_health, Error code: could_not_set, Error message: The cron event list could not be saved., Data: {"schedule":false,"args":[]}
[07-Sep-2026 10:57:39 UTC] Spectra: CSS/JS generation returned empty for post 26202 (type: js). Keeping existing file to prevent 404.
[07-Sep-2026 10:57:40 UTC] Spectra: CSS/JS generation returned empty for post 22929 (type: js). Keeping existing file to prevent 404.
[07-Sep-2026 10:57:40 UTC] Spectra: CSS/JS generation returned empty for post 25628 (type: js). Keeping existing file to prevent 404.
[07-Sep-2026 10:57:40 UTC] Spectra: CSS/JS generation returned empty for post 7731 (type: js). Keeping existing file to prevent 404.
[07-Sep-2026 10:57:40 UTC] Spectra: CSS/JS generation returned empty for post 17377 (type: js). Keeping existing file to prevent 404.
[07-Sep-2026 10:57:40 UTC] Cron unschedule event error for hook: litespeed_task_health, Error code: could_not_set, Error message: The cron event list could not be saved., Data: {"schedule":false,"args":[]}
[07-Sep-2026 10:57:41 UTC] Cron unschedule event error for hook: litespeed_task_health, Error code: could_not_set, Error message: The cron event list could not be saved., Data: {"schedule":false,"args":[]}
[07-Sep-2026 10:57:42 UTC] Cron unschedule event error for hook: litespeed_task_health, Error code: could_not_set, Error message: The cron event list could not be saved., Data: {"schedule":false,"args":[]}
[07-Sep-2026 10:57:42 UTC] Cron unschedule event error for hook: litespeed_task_health, Error code: could_not_set, Error message: The cron event list could not be saved., Data: {"schedule":false,"args":[]}
[07-Sep-2026 10:57:55 UTC] Cron unschedule event error for hook: litespeed_task_health, Error code: could_not_set, Error message: The cron event list could not be saved., Data: {"schedule":false,"args":[]}
[07-Sep-2026 10:58:51 UTC] Cron unschedule event error for hook: litespeed_task_health, Error code: could_not_set, Error message: The cron event list could not be saved., Data: {"schedule":false,"args":[]}
[07-Sep-2026 10:59:00 UTC] Spectra: CSS/JS generation returned empty for post 23282 (type: js). Keeping existing file to prevent 404.
[07-Sep-2026 11:01:30 UTC] WordPress database error You have an error in your SQL syntax; check the manual that corresponds to your MariaDB server version for the right syntax to use near 'AND umt.meta_value NOT LIKE '%Contributor%' AND umt.meta_value NOT LIKE '%Sub...' at line 11 for query 
		SELECT u.ID, umt1.meta_value as last_update
		FROM wp_users as u
		    LEFT JOIN wp_usermeta AS um ON ( u.ID = um.user_id AND um.meta_key = 'rank_math_robots' )
		    LEFT JOIN wp_usermeta AS umt ON ( u.ID = umt.user_id AND umt.meta_key = 'wp_capabilities' )
		    LEFT JOIN wp_usermeta AS umt1 ON ( u.ID = umt1.user_id AND umt1.meta_key = 'last_update' )
		    WHERE ( (
		 		( um.meta_key = 'rank_math_robots' AND um.meta_value NOT LIKE '%noindex%' )
		 		OR um.user_id IS NULL
			)
			AND (  umt1.meta_key = 'last_update' OR umt1.user_id IS NULL )
			AND ( umt.meta_key ='wp_capabilities' AND (  AND umt.meta_value NOT LIKE '%Contributor%' AND umt.meta_value NOT LIKE '%Subscriber%' ) ) )
		    AND u.ID IN (
			SELECT post_author
			FROM wp_posts as p
			WHERE p.post_status = 'publish' AND p.post_password = ''
			
		)
		ORDER BY umt1.meta_value DESC
		  made by require('wp-blog-header.php'), wp, WP->main, WP->query_posts, WP_Query->query, WP_Query->get_posts, WP_Query->parse_query, do_action_ref_array('parse_query'), WP_Hook->do_action, WP_Hook->apply_filters, RankMath\Sitemap\Router->request_sitemap, RankMath\Sitemap\Sitemap_XML->__construct, RankMath\Sitemap\Sitemap_XML->output, RankMath\Sitemap\Sitemap_XML->has_sitemap_in_cache, RankMath\Sitemap\Sitemap_XML->build_sitemap, RankMath\Sitemap\Generator->get_output, RankMath\Sitemap\Generator->build_sitemap, RankMath\Sitemap\Generator->build_root_map, RankMath\Sitemap\Providers\Author->get_index_links, RankMath\Sitemap\Providers\Author->get_index_users, RankMath\Helpers\DB::get_results, RankMath\Admin\Database\Query_Builder->get_results, RankMath\Admin\Database\Query_Builder->run
[07-Sep-2026 11:04:32 UTC] Spectra: CSS/JS generation returned empty for post 18574 (type: js). Keeping existing file to prevent 404.
[07-Sep-2026 11:04:32 UTC] Spectra: CSS/JS generation returned empty for post 23059 (type: js). Keeping existing file to prevent 404.
[07-Sep-2026 11:04:46 UTC] Spectra: CSS/JS generation returned empty for post 22860 (type: js). Keeping existing file to prevent 404.
[07-Sep-2026 11:05:20 UTC] Spectra: CSS/JS generation returned empty for post 31409 (type: js). Keeping existing file to prevent 404.
[07-Sep-2026 11:07:22 UTC] Spectra: CSS/JS generation returned empty for post 19169 (type: js). Keeping existing file to prevent 404.
[07-Sep-2026 11:07:26 UTC] Cron unschedule event error for hook: litespeed_task_health, Error code: could_not_set, Error message: The cron event list could not be saved., Data: {"schedule":false,"args":[]}
[07-Sep-2026 11:07:27 UTC] Cron unschedule event error for hook: litespeed_task_health, Error code: could_not_set, Error message: The cron event list could not be saved., Data: {"schedule":false,"args":[]}
[07-Sep-2026 11:07:28 UTC] Cron unschedule event error for hook: litespeed_task_health, Error code: could_not_set, Error message: The cron event list could not be saved., Data: {"schedule":false,"args":[]}
[07-Sep-2026 11:07:28 UTC] Cron unschedule event error for hook: litespeed_task_health, Error code: could_not_set, Error message: The cron event list could not be saved., Data: {"schedule":false,"args":[]}
[07-Sep-2026 11:07:29 UTC] Cron unschedule event error for hook: litespeed_task_health, Error code: could_not_set, Error message: The cron event list could not be saved., Data: {"schedule":false,"args":[]}
[07-Sep-2026 11:07:32 UTC] Cron unschedule event error for hook: litespeed_task_health, Error code: could_not_set, Error message: The cron event list could not be saved., Data: {"schedule":false,"args":[]}
[07-Sep-2026 11:07:48 UTC] Cron unschedule event error for hook: litespeed_task_health, Error code: could_not_set, Error message: The cron event list could not be saved., Data: {"schedule":false,"args":[]}
[07-Sep-2026 11:09:27 UTC] Spectra: CSS/JS generation returned empty for post 21265 (type: js). Keeping existing file to prevent 404.
[07-Sep-2026 11:09:28 UTC] Spectra: CSS/JS generation returned empty for post 20626 (type: js). Keeping existing file to prevent 404.
[07-Sep-2026 11:09:28 UTC] Spectra: CSS/JS generation returned empty for post 21327 (type: js). Keeping existing file to prevent 404.
[07-Sep-2026 11:10:41 UTC] Spectra: CSS/JS generation returned empty for post 11062 (type: js). Keeping existing file to prevent 404.
[07-Sep-2026 11:13:21 UTC] Spectra: CSS/JS generation returned empty for post 7739 (type: js). Keeping existing file to prevent 404.
[07-Sep-2026 11:13:31 UTC] Spectra: CSS/JS generation returned empty for post 19169 (type: js). Keeping existing file to prevent 404.
[07-Sep-2026 11:13:42 UTC] Spectra: CSS/JS generation returned empty for post 18563 (type: js). Keeping existing file to prevent 404.
[07-Sep-2026 11:14:16 UTC] Spectra: CSS/JS generation returned empty for post 20636 (type: js). Keeping existing file to prevent 404.
[07-Sep-2026 11:15:25 UTC] Spectra: CSS/JS generation returned empty for post 28452 (type: js). Keeping existing file to prevent 404.
[07-Sep-2026 11:15:25 UTC] Spectra: CSS/JS generation returned empty for post 21323 (type: js). Keeping existing file to prevent 404.
[07-Sep-2026 11:18:29 UTC] WordPress database error You have an error in your SQL syntax; check the manual that corresponds to your MariaDB server version for the right syntax to use near 'AND umt.meta_value NOT LIKE '%Contributor%' AND umt.meta_value NOT LIKE '%Sub...' at line 11 for query 
		SELECT u.ID, umt1.meta_value as last_update
		FROM wp_users as u
		    LEFT JOIN wp_usermeta AS um ON ( u.ID = um.user_id AND um.meta_key = 'rank_math_robots' )
		    LEFT JOIN wp_usermeta AS umt ON ( u.ID = umt.user_id AND umt.meta_key = 'wp_capabilities' )
		    LEFT JOIN wp_usermeta AS umt1 ON ( u.ID = umt1.user_id AND umt1.meta_key = 'last_update' )
		    WHERE ( (
		 		( um.meta_key = 'rank_math_robots' AND um.meta_value NOT LIKE '%noindex%' )
		 		OR um.user_id IS NULL
			)
			AND (  umt1.meta_key = 'last_update' OR umt1.user_id IS NULL )
			AND ( umt.meta_key ='wp_capabilities' AND (  AND umt.meta_value NOT LIKE '%Contributor%' AND umt.meta_value NOT LIKE '%Subscriber%' ) ) )
		    AND u.ID IN (
			SELECT post_author
			FROM wp_posts as p
			WHERE p.post_status = 'publish' AND p.post_password = ''
			
		)
		ORDER BY umt1.meta_value DESC
		  made by require('wp-blog-header.php'), wp, WP->main, WP->query_posts, WP_Query->query, WP_Query->get_posts, WP_Query->parse_query, do_action_ref_array('parse_query'), WP_Hook->do_action, WP_Hook->apply_filters, RankMath\Sitemap\Router->request_sitemap, RankMath\Sitemap\Sitemap_XML->__construct, RankMath\Sitemap\Sitemap_XML->output, RankMath\Sitemap\Sitemap_XML->has_sitemap_in_cache, RankMath\Sitemap\Sitemap_XML->build_sitemap, RankMath\Sitemap\Generator->get_output, RankMath\Sitemap\Generator->build_sitemap, RankMath\Sitemap\Generator->build_root_map, RankMath\Sitemap\Providers\Author->get_index_links, RankMath\Sitemap\Providers\Author->get_index_users, RankMath\Helpers\DB::get_results, RankMath\Admin\Database\Query_Builder->get_results, RankMath\Admin\Database\Query_Builder->run
[07-Sep-2026 11:19:04 UTC] Spectra: CSS/JS generation returned empty for post 19169 (type: js). Keeping existing file to prevent 404.
[07-Sep-2026 11:19:05 UTC] Spectra: CSS/JS generation returned empty for post 18413 (type: js). Keeping existing file to prevent 404.
[07-Sep-2026 11:22:14 UTC] Spectra: CSS/JS generation returned empty for post 19169 (type: js). Keeping existing file to prevent 404.
[07-Sep-2026 11:23:26 UTC] Spectra: CSS/JS generation returned empty for post 22905 (type: js). Keeping existing file to prevent 404.
[07-Sep-2026 11:23:33 UTC] Spectra: CSS/JS generation returned empty for post 23061 (type: js). Keeping existing file to prevent 404.
[07-Sep-2026 11:26:25 UTC] Spectra: CSS/JS generation returned empty for post 11133 (type: js). Keeping existing file to prevent 404.
[07-Sep-2026 11:26:28 UTC] Spectra: CSS/JS generation returned empty for post 8209 (type: js). Keeping existing file to prevent 404.
[07-Sep-2026 11:27:13 UTC] Spectra: CSS/JS generation returned empty for post 18563 (type: js). Keeping existing file to prevent 404.
[07-Sep-2026 11:27:24 UTC] Spectra: CSS/JS generation returned empty for post 11033 (type: js). Keeping existing file to prevent 404.
[07-Sep-2026 11:28:12 UTC] Spectra: CSS/JS generation returned empty for post 7739 (type: js). Keeping existing file to prevent 404.
[07-Sep-2026 11:29:05 UTC] Spectra: CSS/JS generation returned empty for post 19123 (type: js). Keeping existing file to prevent 404.
[07-Sep-2026 11:29:05 UTC] Cron reschedule event error for hook: action_scheduler_run_queue, Error code: could_not_set, Error message: The cron event list could not be saved., Data: {"schedule":"every_minute","args":["WP Cron"],"interval":60}
[07-Sep-2026 11:29:05 UTC] Cron unschedule event error for hook: action_scheduler_run_queue, Error code: could_not_set, Error message: The cron event list could not be saved., Data: {"schedule":"every_minute","args":["WP Cron"],"interval":60}
[07-Sep-2026 11:29:06 UTC] Cron reschedule event error for hook: action_scheduler_run_queue, Error code: could_not_set, Error message: The cron event list could not be saved., Data: {"schedule":"every_minute","args":["WP Cron"],"interval":60}
[07-Sep-2026 11:29:06 UTC] Cron unschedule event error for hook: action_scheduler_run_queue, Error code: could_not_set, Error message: The cron event list could not be saved., Data: {"schedule":"every_minute","args":["WP Cron"],"interval":60}
[07-Sep-2026 11:29:13 UTC] Cron reschedule event error for hook: action_scheduler_run_queue, Error code: could_not_set, Error message: The cron event list could not be saved., Data: {"schedule":"every_minute","args":["WP Cron"],"interval":60}
[07-Sep-2026 11:29:13 UTC] Cron unschedule event error for hook: action_scheduler_run_queue, Error code: could_not_set, Error message: The cron event list could not be saved., Data: {"schedule":"every_minute","args":["WP Cron"],"interval":60}
[07-Sep-2026 11:29:19 UTC] Cron reschedule event error for hook: action_scheduler_run_queue, Error code: could_not_set, Error message: The cron event list could not be saved., Data: {"schedule":"every_minute","args":["WP Cron"],"interval":60}
[07-Sep-2026 11:30:32 UTC] Spectra: CSS/JS generation returned empty for post 20636 (type: js). Keeping existing file to prevent 404.
[07-Sep-2026 11:30:36 UTC] Spectra: CSS/JS generation returned empty for post 19169 (type: js). Keeping existing file to prevent 404.
[07-Sep-2026 11:31:39 UTC] Spectra: CSS/JS generation returned empty for post 21351 (type: js). Keeping existing file to prevent 404.
[07-Sep-2026 11:31:55 UTC] WordPress database error You have an error in your SQL syntax; check the manual that corresponds to your MariaDB server version for the right syntax to use near 'AND umt.meta_value NOT LIKE '%Contributor%' AND umt.meta_value NOT LIKE '%Sub...' at line 11 for query 
		SELECT u.ID, umt1.meta_value as last_update
		FROM wp_users as u
		    LEFT JOIN wp_usermeta AS um ON ( u.ID = um.user_id AND um.meta_key = 'rank_math_robots' )
		    LEFT JOIN wp_usermeta AS umt ON ( u.ID = umt.user_id AND umt.meta_key = 'wp_capabilities' )
		    LEFT JOIN wp_usermeta AS umt1 ON ( u.ID = umt1.user_id AND umt1.meta_key = 'last_update' )
		    WHERE ( (
		 		( um.meta_key = 'rank_math_robots' AND um.meta_value NOT LIKE '%noindex%' )
		 		OR um.user_id IS NULL
			)
			AND (  umt1.meta_key = 'last_update' OR umt1.user_id IS NULL )
			AND ( umt.meta_key ='wp_capabilities' AND (  AND umt.meta_value NOT LIKE '%Contributor%' AND umt.meta_value NOT LIKE '%Subscriber%' ) ) )
		    AND u.ID IN (
			SELECT post_author
			FROM wp_posts as p
			WHERE p.post_status = 'publish' AND p.post_password = ''
			
		)
		ORDER BY umt1.meta_value DESC
		  made by require('wp-blog-header.php'), wp, WP->main, WP->query_posts, WP_Query->query, WP_Query->get_posts, WP_Query->parse_query, do_action_ref_array('parse_query'), WP_Hook->do_action, WP_Hook->apply_filters, RankMath\Sitemap\Router->request_sitemap, RankMath\Sitemap\Sitemap_XML->__construct, RankMath\Sitemap\Sitemap_XML->output, RankMath\Sitemap\Sitemap_XML->has_sitemap_in_cache, RankMath\Sitemap\Sitemap_XML->build_sitemap, RankMath\Sitemap\Generator->get_output, RankMath\Sitemap\Generator->build_sitemap, RankMath\Sitemap\Generator->build_root_map, RankMath\Sitemap\Providers\Author->get_index_links, RankMath\Sitemap\Providers\Author->get_index_users, RankMath\Helpers\DB::get_results, RankMath\Admin\Database\Query_Builder->get_results, RankMath\Admin\Database\Query_Builder->run
[07-Sep-2026 11:33:44 UTC] Spectra: CSS/JS generation returned empty for post 18563 (type: js). Keeping existing file to prevent 404.
[07-Sep-2026 11:33:46 UTC] Spectra: CSS/JS generation returned empty for post 18574 (type: js). Keeping existing file to prevent 404.
[07-Sep-2026 11:33:49 UTC] Spectra: CSS/JS generation returned empty for post 19169 (type: js). Keeping existing file to prevent 404.
[07-Sep-2026 11:34:55 UTC] Spectra: CSS/JS generation returned empty for post 17048 (type: js). Keeping existing file to prevent 404.
[07-Sep-2026 11:35:22 UTC] Spectra: CSS/JS generation returned empty for post 17486 (type: js). Keeping existing file to prevent 404.
[07-Sep-2026 11:36:07 UTC] Spectra: CSS/JS generation returned empty for post 21336 (type: js). Keeping existing file to prevent 404.
[07-Sep-2026 11:36:07 UTC] Spectra: CSS/JS generation returned empty for post 20405 (type: js). Keeping existing file to prevent 404.
[07-Sep-2026 11:36:07 UTC] Spectra: CSS/JS generation returned empty for post 20636 (type: js). Keeping existing file to prevent 404.
[07-Sep-2026 11:36:49 UTC] Spectra: CSS/JS generation returned empty for post 12060 (type: js). Keeping existing file to prevent 404.
[07-Sep-2026 11:36:50 UTC] Spectra: CSS/JS generation returned empty for post 7731 (type: js). Keeping existing file to prevent 404.
[07-Sep-2026 11:39:12 UTC] WordPress database error You have an error in your SQL syntax; check the manual that corresponds to your MariaDB server version for the right syntax to use near 'AND umt.meta_value NOT LIKE '%Contributor%' AND umt.meta_value NOT LIKE '%Sub...' at line 11 for query 
		SELECT u.ID, umt1.meta_value as last_update
		FROM wp_users as u
		    LEFT JOIN wp_usermeta AS um ON ( u.ID = um.user_id AND um.meta_key = 'rank_math_robots' )
		    LEFT JOIN wp_usermeta AS umt ON ( u.ID = umt.user_id AND umt.meta_key = 'wp_capabilities' )
		    LEFT JOIN wp_usermeta AS umt1 ON ( u.ID = umt1.user_id AND umt1.meta_key = 'last_update' )
		    WHERE ( (
		 		( um.meta_key = 'rank_math_robots' AND um.meta_value NOT LIKE '%noindex%' )
		 		OR um.user_id IS NULL
			)
			AND (  umt1.meta_key = 'last_update' OR umt1.user_id IS NULL )
			AND ( umt.meta_key ='wp_capabilities' AND (  AND umt.meta_value NOT LIKE '%Contributor%' AND umt.meta_value NOT LIKE '%Subscriber%' ) ) )
		    AND u.ID IN (
			SELECT post_author
			FROM wp_posts as p
			WHERE p.post_status = 'publish' AND p.post_password = ''
			
		)
		ORDER BY umt1.meta_value DESC
		  made by require('wp-blog-header.php'), wp, WP->main, WP->query_posts, WP_Query->query, WP_Query->get_posts, WP_Query->parse_query, do_action_ref_array('parse_query'), WP_Hook->do_action, WP_Hook->apply_filters, RankMath\Sitemap\Router->request_sitemap, RankMath\Sitemap\Sitemap_XML->__construct, RankMath\Sitemap\Sitemap_XML->output, RankMath\Sitemap\Sitemap_XML->has_sitemap_in_cache, RankMath\Sitemap\Sitemap_XML->build_sitemap, RankMath\Sitemap\Generator->get_output, RankMath\Sitemap\Generator->build_sitemap, RankMath\Sitemap\Generator->build_root_map, RankMath\Sitemap\Providers\Author->get_index_links, RankMath\Sitemap\Providers\Author->get_index_users, RankMath\Helpers\DB::get_results, RankMath\Admin\Database\Query_Builder->get_results, RankMath\Admin\Database\Query_Builder->run
[07-Sep-2026 11:39:15 UTC] Spectra: CSS/JS generation returned empty for post 11144 (type: js). Keeping existing file to prevent 404.
[07-Sep-2026 11:39:21 UTC] Spectra: CSS/JS generation returned empty for post 18563 (type: js). Keeping existing file to prevent 404.
[07-Sep-2026 11:40:48 UTC] Spectra: CSS/JS generation returned empty for post 18413 (type: js). Keeping existing file to prevent 404.
[07-Sep-2026 11:41:15 UTC] Spectra: CSS/JS generation returned empty for post 18563 (type: js). Keeping existing file to prevent 404.
[07-Sep-2026 11:41:17 UTC] Spectra: CSS/JS generation returned empty for post 21348 (type: js). Keeping existing file to prevent 404.
[07-Sep-2026 11:42:34 UTC] Spectra: CSS/JS generation returned empty for post 19123 (type: js). Keeping existing file to prevent 404.
[07-Sep-2026 11:42:34 UTC] Spectra: CSS/JS generation returned empty for post 17374 (type: js). Keeping existing file to prevent 404.
[07-Sep-2026 11:42:38 UTC] Spectra: CSS/JS generation returned empty for post 19169 (type: js). Keeping existing file to prevent 404.
[07-Sep-2026 11:43:18 UTC] Spectra: CSS/JS generation returned empty for post 18563 (type: js). Keeping existing file to prevent 404.
[07-Sep-2026 11:43:55 UTC] Spectra: CSS/JS generation returned empty for post 18563 (type: js). Keeping existing file to prevent 404.
[07-Sep-2026 11:45:01 UTC] Spectra: CSS/JS generation returned empty for post 22931 (type: js). Keeping existing file to prevent 404.
[07-Sep-2026 11:45:31 UTC] Spectra: CSS/JS generation returned empty for post 19169 (type: js). Keeping existing file to prevent 404.
[07-Sep-2026 11:45:50 UTC] Spectra: CSS/JS generation returned empty for post 11762 (type: js). Keeping existing file to prevent 404.
[07-Sep-2026 11:45:51 UTC] WordPress database error You have an error in your SQL syntax; check the manual that corresponds to your MariaDB server version for the right syntax to use near 'AND umt.meta_value NOT LIKE '%Contributor%' AND umt.meta_value NOT LIKE '%Sub...' at line 11 for query 
		SELECT u.ID, umt1.meta_value as last_update
		FROM wp_users as u
		    LEFT JOIN wp_usermeta AS um ON ( u.ID = um.user_id AND um.meta_key = 'rank_math_robots' )
		    LEFT JOIN wp_usermeta AS umt ON ( u.ID = umt.user_id AND umt.meta_key = 'wp_capabilities' )
		    LEFT JOIN wp_usermeta AS umt1 ON ( u.ID = umt1.user_id AND umt1.meta_key = 'last_update' )
		    WHERE ( (
		 		( um.meta_key = 'rank_math_robots' AND um.meta_value NOT LIKE '%noindex%' )
		 		OR um.user_id IS NULL
			)
			AND (  umt1.meta_key = 'last_update' OR umt1.user_id IS NULL )
			AND ( umt.meta_key ='wp_capabilities' AND (  AND umt.meta_value NOT LIKE '%Contributor%' AND umt.meta_value NOT LIKE '%Subscriber%' ) ) )
		    AND u.ID IN (
			SELECT post_author
			FROM wp_posts as p
			WHERE p.post_status = 'publish' AND p.post_password = ''
			
		)
		ORDER BY umt1.meta_value DESC
		  made by require('wp-blog-header.php'), wp, WP->main, WP->query_posts, WP_Query->query, WP_Query->get_posts, WP_Query->parse_query, do_action_ref_array('parse_query'), WP_Hook->do_action, WP_Hook->apply_filters, RankMath\Sitemap\Router->request_sitemap, RankMath\Sitemap\Sitemap_XML->__construct, RankMath\Sitemap\Sitemap_XML->output, RankMath\Sitemap\Sitemap_XML->has_sitemap_in_cache, RankMath\Sitemap\Sitemap_XML->build_sitemap, RankMath\Sitemap\Generator->get_output, RankMath\Sitemap\Generator->build_sitemap, RankMath\Sitemap\Generator->build_root_map, RankMath\Sitemap\Providers\Author->get_index_links, RankMath\Sitemap\Providers\Author->get_index_users, RankMath\Helpers\DB::get_results, RankMath\Admin\Database\Query_Builder->get_results, RankMath\Admin\Database\Query_Builder->run
[07-Sep-2026 11:46:58 UTC] Spectra: CSS/JS generation returned empty for post 1 (type: js). Keeping existing file to prevent 404.
[07-Sep-2026 11:47:15 UTC] Spectra: CSS/JS generation returned empty for post 20421 (type: js). Keeping existing file to prevent 404.
[07-Sep-2026 11:51:11 UTC] Spectra: CSS/JS generation returned empty for post 9895 (type: js). Keeping existing file to prevent 404.
[07-Sep-2026 11:54:13 UTC] Spectra: CSS/JS generation returned empty for post 7037 (type: js). Keeping existing file to prevent 404.
[07-Sep-2026 11:56:05 UTC] Spectra: CSS/JS generation returned empty for post 18557 (type: js). Keeping existing file to prevent 404.
[07-Sep-2026 11:57:13 UTC] Spectra: CSS/JS generation returned empty for post 21500 (type: js). Keeping existing file to prevent 404.
[07-Sep-2026 11:59:30 UTC] Spectra: CSS/JS generation returned empty for post 17377 (type: js). Keeping existing file to prevent 404.
[07-Sep-2026 11:59:40 UTC] Spectra: CSS/JS generation returned empty for post 11033 (type: js). Keeping existing file to prevent 404.
[07-Sep-2026 12:00:41 UTC] Spectra: CSS/JS generation returned empty for post 10669 (type: js). Keeping existing file to prevent 404.
[07-Sep-2026 12:01:44 UTC] Spectra: CSS/JS generation returned empty for post 21327 (type: js). Keeping existing file to prevent 404.
[07-Sep-2026 12:01:44 UTC] Spectra: CSS/JS generation returned empty for post 23288 (type: js). Keeping existing file to prevent 404.
[07-Sep-2026 12:05:51 UTC] Spectra: CSS/JS generation returned empty for post 23061 (type: js). Keeping existing file to prevent 404.
[07-Sep-2026 12:05:55 UTC] Spectra: CSS/JS generation returned empty for post 21323 (type: js). Keeping existing file to prevent 404.
[07-Sep-2026 12:06:23 UTC] Spectra: CSS/JS generation returned empty for post 21336 (type: js). Keeping existing file to prevent 404.
[07-Sep-2026 12:09:37 UTC] Spectra: CSS/JS generation returned empty for post 11372 (type: js). Keeping existing file to prevent 404.
[07-Sep-2026 12:13:14 UTC] Spectra: CSS/JS generation returned empty for post 11359 (type: js). Keeping existing file to prevent 404.
[07-Sep-2026 12:15:03 UTC] Spectra: CSS/JS generation returned empty for post 7745 (type: js). Keeping existing file to prevent 404.
[07-Sep-2026 12:23:17 UTC] Spectra: CSS/JS generation returned empty for post 7731 (type: js). Keeping existing file to prevent 404.
[07-Sep-2026 12:23:59 UTC] Spectra: CSS/JS generation returned empty for post 11147 (type: js). Keeping existing file to prevent 404.
[07-Sep-2026 12:26:05 UTC] Spectra: CSS/JS generation returned empty for post 11144 (type: js). Keeping existing file to prevent 404.
[07-Sep-2026 12:28:35 UTC] Spectra: CSS/JS generation returned empty for post 19123 (type: js). Keeping existing file to prevent 404.
[07-Sep-2026 12:31:40 UTC] Spectra: CSS/JS generation returned empty for post 12315 (type: js). Keeping existing file to prevent 404.
[07-Sep-2026 12:35:34 UTC] Spectra: CSS/JS generation returned empty for post 11563 (type: js). Keeping existing file to prevent 404.
[07-Sep-2026 12:37:23 UTC] Spectra: CSS/JS generation returned empty for post 11499 (type: js). Keeping existing file to prevent 404.
[07-Sep-2026 12:38:33 UTC] Spectra: CSS/JS generation returned empty for post 19169 (type: js). Keeping existing file to prevent 404.
[07-Sep-2026 12:39:17 UTC] Spectra: CSS/JS generation returned empty for post 9895 (type: js). Keeping existing file to prevent 404.
[07-Sep-2026 12:41:10 UTC] Spectra: CSS/JS generation returned empty for post 24184 (type: js). Keeping existing file to prevent 404.
[07-Sep-2026 12:43:52 UTC] Spectra: CSS/JS generation returned empty for post 24568 (type: js). Keeping existing file to prevent 404.
[07-Sep-2026 12:46:48 UTC] Cron unschedule event error for hook: litespeed_task_health, Error code: could_not_set, Error message: The cron event list could not be saved., Data: {"schedule":false,"args":[]}
[07-Sep-2026 12:46:48 UTC] Cron unschedule event error for hook: litespeed_task_health, Error code: could_not_set, Error message: The cron event list could not be saved., Data: {"schedule":false,"args":[]}
[07-Sep-2026 12:46:48 UTC] Cron unschedule event error for hook: litespeed_task_health, Error code: could_not_set, Error message: The cron event list could not be saved., Data: {"schedule":false,"args":[]}
[07-Sep-2026 12:46:49 UTC] Cron unschedule event error for hook: litespeed_task_health, Error code: could_not_set, Error message: The cron event list could not be saved., Data: {"schedule":false,"args":[]}
[07-Sep-2026 12:47:24 UTC] Cron unschedule event error for hook: litespeed_task_health, Error code: could_not_set, Error message: The cron event list could not be saved., Data: {"schedule":false,"args":[]}
[07-Sep-2026 12:48:39 UTC] Cron reschedule event error for hook: action_scheduler_run_queue, Error code: could_not_set, Error message: The cron event list could not be saved., Data: {"schedule":"every_minute","args":["WP Cron"],"interval":60}
[07-Sep-2026 12:48:39 UTC] Cron reschedule event error for hook: action_scheduler_run_queue, Error code: could_not_set, Error message: The cron event list could not be saved., Data: {"schedule":"every_minute","args":["WP Cron"],"interval":60}
[07-Sep-2026 12:48:39 UTC] Cron unschedule event error for hook: action_scheduler_run_queue, Error code: could_not_set, Error message: The cron event list could not be saved., Data: {"schedule":"every_minute","args":["WP Cron"],"interval":60}
[07-Sep-2026 12:48:40 UTC] Cron reschedule event error for hook: action_scheduler_run_queue, Error code: could_not_set, Error message: The cron event list could not be saved., Data: {"schedule":"every_minute","args":["WP Cron"],"interval":60}
[07-Sep-2026 12:48:40 UTC] Cron unschedule event error for hook: action_scheduler_run_queue, Error code: could_not_set, Error message: The cron event list could not be saved., Data: {"schedule":"every_minute","args":["WP Cron"],"interval":60}
[07-Sep-2026 12:48:50 UTC] Cron reschedule event error for hook: action_scheduler_run_queue, Error code: could_not_set, Error message: The cron event list could not be saved., Data: {"schedule":"every_minute","args":["WP Cron"],"interval":60}
[07-Sep-2026 12:48:50 UTC] Cron unschedule event error for hook: action_scheduler_run_queue, Error code: could_not_set, Error message: The cron event list could not be saved., Data: {"schedule":"every_minute","args":["WP Cron"],"interval":60}
[07-Sep-2026 12:49:06 UTC] Cron reschedule event error for hook: action_scheduler_run_queue, Error code: could_not_set, Error message: The cron event list could not be saved., Data: {"schedule":"every_minute","args":["WP Cron"],"interval":60}
[07-Sep-2026 12:56:25 UTC] WordPress database error You have an error in your SQL syntax; check the manual that corresponds to your MariaDB server version for the right syntax to use near 'AND umt.meta_value NOT LIKE '%Contributor%' AND umt.meta_value NOT LIKE '%Sub...' at line 11 for query 
		SELECT u.ID, umt1.meta_value as last_update
		FROM wp_users as u
		    LEFT JOIN wp_usermeta AS um ON ( u.ID = um.user_id AND um.meta_key = 'rank_math_robots' )
		    LEFT JOIN wp_usermeta AS umt ON ( u.ID = umt.user_id AND umt.meta_key = 'wp_capabilities' )
		    LEFT JOIN wp_usermeta AS umt1 ON ( u.ID = umt1.user_id AND umt1.meta_key = 'last_update' )
		    WHERE ( (
		 		( um.meta_key = 'rank_math_robots' AND um.meta_value NOT LIKE '%noindex%' )
		 		OR um.user_id IS NULL
			)
			AND (  umt1.meta_key = 'last_update' OR umt1.user_id IS NULL )
			AND ( umt.meta_key ='wp_capabilities' AND (  AND umt.meta_value NOT LIKE '%Contributor%' AND umt.meta_value NOT LIKE '%Subscriber%' ) ) )
		    AND u.ID IN (
			SELECT post_author
			FROM wp_posts as p
			WHERE p.post_status = 'publish' AND p.post_password = ''
			
		)
		ORDER BY umt1.meta_value DESC
		  made by require('wp-blog-header.php'), wp, WP->main, WP->query_posts, WP_Query->query, WP_Query->get_posts, WP_Query->parse_query, do_action_ref_array('parse_query'), WP_Hook->do_action, WP_Hook->apply_filters, RankMath\Sitemap\Router->request_sitemap, RankMath\Sitemap\Sitemap_XML->__construct, RankMath\Sitemap\Sitemap_XML->output, RankMath\Sitemap\Sitemap_XML->has_sitemap_in_cache, RankMath\Sitemap\Sitemap_XML->build_sitemap, RankMath\Sitemap\Generator->get_output, RankMath\Sitemap\Generator->build_sitemap, RankMath\Sitemap\Generator->build_root_map, RankMath\Sitemap\Providers\Author->get_index_links, RankMath\Sitemap\Providers\Author->get_index_users, RankMath\Helpers\DB::get_results, RankMath\Admin\Database\Query_Builder->get_results, RankMath\Admin\Database\Query_Builder->run
[07-Sep-2026 12:57:54 UTC] Spectra: CSS/JS generation returned empty for post 19169 (type: js). Keeping existing file to prevent 404.
[07-Sep-2026 12:58:03 UTC] Spectra: CSS/JS generation returned empty for post 7745 (type: js). Keeping existing file to prevent 404.
[07-Sep-2026 12:58:04 UTC] Spectra: CSS/JS generation returned empty for post 30629 (type: js). Keeping existing file to prevent 404.
[07-Sep-2026 12:58:14 UTC] PHP Warning:  foreach() argument must be of type array|object, int given in /home/u434629889/domains/faisaltown.org/public_html/wp-content/plugins/all-in-one-wp-migration/uninstall.php on line 39
[07-Sep-2026 12:58:57 UTC] Spectra: CSS/JS generation returned empty for post 19169 (type: js). Keeping existing file to prevent 404.
[07-Sep-2026 12:59:16 UTC] Spectra: CSS/JS generation returned empty for post 30629 (type: js). Keeping existing file to prevent 404.
[07-Sep-2026 12:59:30 UTC] Spectra: CSS/JS generation returned empty for post 11372 (type: js). Keeping existing file to prevent 404.
[07-Sep-2026 13:03:51 UTC] Spectra: CSS/JS generation returned empty for post 21327 (type: js). Keeping existing file to prevent 404.
[07-Sep-2026 13:04:06 UTC] Spectra: CSS/JS generation returned empty for post 22816 (type: js). Keeping existing file to prevent 404.
[07-Sep-2026 13:05:29 UTC] Spectra: CSS/JS generation returned empty for post 22860 (type: js). Keeping existing file to prevent 404.
[07-Sep-2026 13:10:27 UTC] Spectra: CSS/JS generation returned empty for post 20440 (type: js). Keeping existing file to prevent 404.
[07-Sep-2026 13:23:48 UTC] Spectra: CSS/JS generation returned empty for post 28452 (type: js). Keeping existing file to prevent 404.
[07-Sep-2026 13:25:53 UTC] Spectra: CSS/JS generation returned empty for post 26077 (type: js). Keeping existing file to prevent 404.
[07-Sep-2026 13:29:42 UTC] Spectra: CSS/JS generation returned empty for post 11024 (type: js). Keeping existing file to prevent 404.
[07-Sep-2026 13:31:45 UTC] Spectra: CSS/JS generation returned empty for post 10907 (type: js). Keeping existing file to prevent 404.
[07-Sep-2026 13:32:43 UTC] Spectra: CSS/JS generation returned empty for post 7745 (type: js). Keeping existing file to prevent 404.
[07-Sep-2026 13:46:12 UTC] Spectra: CSS/JS generation returned empty for post 23063 (type: js). Keeping existing file to prevent 404.
[07-Sep-2026 13:48:21 UTC] Spectra: CSS/JS generation returned empty for post 21348 (type: js). Keeping existing file to prevent 404.
[07-Sep-2026 13:51:45 UTC] Spectra: CSS/JS generation returned empty for post 12064 (type: js). Keeping existing file to prevent 404.
[07-Sep-2026 13:53:57 UTC] Spectra: CSS/JS generation returned empty for post 22905 (type: js). Keeping existing file to prevent 404.
[07-Sep-2026 14:04:23 UTC] Spectra: CSS/JS generation returned empty for post 24191 (type: js). Keeping existing file to prevent 404.
[07-Sep-2026 14:04:55 UTC] Spectra: CSS/JS generation returned empty for post 24529 (type: js). Keeping existing file to prevent 404.
[07-Sep-2026 14:05:44 UTC] Spectra: CSS/JS generation returned empty for post 24184 (type: js). Keeping existing file to prevent 404.
[07-Sep-2026 14:07:32 UTC] Spectra: CSS/JS generation returned empty for post 21497 (type: js). Keeping existing file to prevent 404.
[07-Sep-2026 14:17:10 UTC] Spectra: CSS/JS generation returned empty for post 22732 (type: js). Keeping existing file to prevent 404.
[07-Sep-2026 14:18:14 UTC] Spectra: CSS/JS generation returned empty for post 23061 (type: js). Keeping existing file to prevent 404.
[07-Sep-2026 14:18:16 UTC] Spectra: CSS/JS generation returned empty for post 19123 (type: js). Keeping existing file to prevent 404.
[07-Sep-2026 14:20:47 UTC] Spectra: CSS/JS generation returned empty for post 26866 (type: js). Keeping existing file to prevent 404.
[07-Sep-2026 14:21:18 UTC] Spectra: CSS/JS generation returned empty for post 17048 (type: js). Keeping existing file to prevent 404.
[07-Sep-2026 14:23:50 UTC] Spectra: CSS/JS generation returned empty for post 11771 (type: js). Keeping existing file to prevent 404.
[07-Sep-2026 14:36:09 UTC] Spectra: CSS/JS generation returned empty for post 22933 (type: js). Keeping existing file to prevent 404.
[07-Sep-2026 14:36:24 UTC] Spectra: CSS/JS generation returned empty for post 22511 (type: js). Keeping existing file to prevent 404.
[07-Sep-2026 14:39:47 UTC] Spectra: CSS/JS generation returned empty for post 20636 (type: js). Keeping existing file to prevent 404.
[07-Sep-2026 14:46:30 UTC] Spectra: CSS/JS generation returned empty for post 21593 (type: js). Keeping existing file to prevent 404.
[07-Sep-2026 14:47:34 UTC] Spectra: CSS/JS generation returned empty for post 20405 (type: js). Keeping existing file to prevent 404.
[07-Sep-2026 14:48:43 UTC] Spectra: CSS/JS generation returned empty for post 21336 (type: js). Keeping existing file to prevent 404.
[07-Sep-2026 14:55:35 UTC] Spectra: CSS/JS generation returned empty for post 22929 (type: js). Keeping existing file to prevent 404.
[07-Sep-2026 14:55:35 UTC] Spectra: CSS/JS generation returned empty for post 17486 (type: js). Keeping existing file to prevent 404.
[07-Sep-2026 15:02:40 UTC] Spectra: CSS/JS generation returned empty for post 21494 (type: js). Keeping existing file to prevent 404.
[07-Sep-2026 15:13:07 UTC] Spectra: CSS/JS generation returned empty for post 7739 (type: js). Keeping existing file to prevent 404.
[07-Sep-2026 15:13:07 UTC] Spectra: CSS/JS generation returned empty for post 7731 (type: css). Keeping existing file to prevent 404.
[07-Sep-2026 15:13:07 UTC] Spectra: CSS/JS generation returned empty for post 7731 (type: js). Keeping existing file to prevent 404.
[07-Sep-2026 15:13:07 UTC] Spectra: CSS/JS generation returned empty for post 7037 (type: css). Keeping existing file to prevent 404.
[07-Sep-2026 15:13:07 UTC] Spectra: CSS/JS generation returned empty for post 7037 (type: js). Keeping existing file to prevent 404.
[07-Sep-2026 15:13:07 UTC] Spectra: CSS/JS generation returned empty for post 6897 (type: css). Keeping existing file to prevent 404.
[07-Sep-2026 15:13:07 UTC] Spectra: CSS/JS generation returned empty for post 6897 (type: js). Keeping existing file to prevent 404.
[07-Sep-2026 15:25:42 UTC] Spectra: CSS/JS generation returned empty for post 21351 (type: js). Keeping existing file to prevent 404.
[07-Sep-2026 15:26:04 UTC] Spectra: CSS/JS generation returned empty for post 11033 (type: js). Keeping existing file to prevent 404.
[07-Sep-2026 15:28:03 UTC] Spectra: CSS/JS generation returned empty for post 21332 (type: js). Keeping existing file to prevent 404.
[07-Sep-2026 15:35:53 UTC] Spectra: CSS/JS generation returned empty for post 22878 (type: js). Keeping existing file to prevent 404.
[07-Sep-2026 15:48:11 UTC] Spectra: CSS/JS generation returned empty for post 21265 (type: js). Keeping existing file to prevent 404.
[07-Sep-2026 15:49:02 UTC] Spectra: CSS/JS generation returned empty for post 21323 (type: js). Keeping existing file to prevent 404.
[07-Sep-2026 15:52:18 UTC] Spectra: CSS/JS generation returned empty for post 10861 (type: js). Keeping existing file to prevent 404.
[07-Sep-2026 15:59:59 UTC] Spectra: CSS/JS generation returned empty for post 11499 (type: js). Keeping existing file to prevent 404.
[07-Sep-2026 16:07:11 UTC] Spectra: CSS/JS generation returned empty for post 31454 (type: js). Keeping existing file to prevent 404.
[07-Sep-2026 16:12:22 UTC] Spectra: CSS/JS generation returned empty for post 10215 (type: js). Keeping existing file to prevent 404.
[07-Sep-2026 16:21:23 UTC] Spectra: CSS/JS generation returned empty for post 23481 (type: js). Keeping existing file to prevent 404.
[07-Sep-2026 16:27:52 UTC] Spectra: CSS/JS generation returned empty for post 11563 (type: js). Keeping existing file to prevent 404.
[07-Sep-2026 16:35:42 UTC] Spectra: CSS/JS generation returned empty for post 11359 (type: js). Keeping existing file to prevent 404.
[07-Sep-2026 16:36:16 UTC] Spectra: CSS/JS generation returned empty for post 23804 (type: js). Keeping existing file to prevent 404.
[07-Sep-2026 16:47:09 UTC] Spectra: CSS/JS generation returned empty for post 12532 (type: js). Keeping existing file to prevent 404.
[07-Sep-2026 16:48:13 UTC] Spectra: CSS/JS generation returned empty for post 23044 (type: js). Keeping existing file to prevent 404.
[07-Sep-2026 16:50:35 UTC] Spectra: CSS/JS generation returned empty for post 10669 (type: js). Keeping existing file to prevent 404.
[07-Sep-2026 17:00:55 UTC] Spectra: CSS/JS generation returned empty for post 11736 (type: js). Keeping existing file to prevent 404.
[07-Sep-2026 17:02:23 UTC] Spectra: CSS/JS generation returned empty for post 9895 (type: js). Keeping existing file to prevent 404.
[07-Sep-2026 17:06:19 UTC] Spectra: CSS/JS generation returned empty for post 17377 (type: js). Keeping existing file to prevent 404.
[07-Sep-2026 17:06:50 UTC] Spectra: CSS/JS generation returned empty for post 1 (type: js). Keeping existing file to prevent 404.
[07-Sep-2026 17:17:52 UTC] Spectra: CSS/JS generation returned empty for post 24731 (type: js). Keeping existing file to prevent 404.
[07-Sep-2026 17:19:39 UTC] Spectra: CSS/JS generation returned empty for post 30868 (type: js). Keeping existing file to prevent 404.
[07-Sep-2026 17:20:20 UTC] Spectra: CSS/JS generation returned empty for post 5 (type: js). Keeping existing file to prevent 404.
[07-Sep-2026 17:20:52 UTC] Spectra: CSS/JS generation returned empty for post 12532 (type: js). Keeping existing file to prevent 404.
[07-Sep-2026 17:21:50 UTC] Spectra: CSS/JS generation returned empty for post 19169 (type: js). Keeping existing file to prevent 404.
[07-Sep-2026 17:26:03 UTC] Spectra: CSS/JS generation returned empty for post 22732 (type: js). Keeping existing file to prevent 404.
[07-Sep-2026 17:26:13 UTC] Spectra: CSS/JS generation returned empty for post 30629 (type: js). Keeping existing file to prevent 404.
[07-Sep-2026 17:26:30 UTC] Spectra: CSS/JS generation returned empty for post 10669 (type: js). Keeping existing file to prevent 404.
[07-Sep-2026 17:28:52 UTC] Spectra: CSS/JS generation returned empty for post 20405 (type: js). Keeping existing file to prevent 404.
[07-Sep-2026 17:33:03 UTC] Spectra: CSS/JS generation returned empty for post 30629 (type: js). Keeping existing file to prevent 404.
[07-Sep-2026 17:34:01 UTC] Spectra: CSS/JS generation returned empty for post 21327 (type: js). Keeping existing file to prevent 404.
[07-Sep-2026 17:34:06 UTC] Spectra: CSS/JS generation returned empty for post 21323 (type: js). Keeping existing file to prevent 404.
[07-Sep-2026 17:35:00 UTC] Spectra: CSS/JS generation returned empty for post 23063 (type: js). Keeping existing file to prevent 404.
[07-Sep-2026 17:37:24 UTC] Spectra: CSS/JS generation returned empty for post 11147 (type: js). Keeping existing file to prevent 404.
[07-Sep-2026 17:39:02 UTC] Spectra: CSS/JS generation returned empty for post 13972 (type: js). Keeping existing file to prevent 404.
[07-Sep-2026 17:39:04 UTC] Spectra: CSS/JS generation returned empty for post 19169 (type: js). Keeping existing file to prevent 404.
[07-Sep-2026 17:39:05 UTC] PHP Deprecated:  Function utf8_decode() is deprecated in /home/u434629889/domains/faisaltown.org/public_html/wp-content/plugins/elementor-pro/modules/screenshots/module.php on line 33
[07-Sep-2026 17:39:13 UTC] PHP Warning:  mysqli_real_connect(): (HY000/2002): Operation not permitted in /home/u434629889/domains/faisaltown.org/public_html/wp-includes/class-wpdb.php on line 1990
[07-Sep-2026 17:39:13 UTC] PHP Warning:  mysqli_real_connect(): (HY000/2002): Operation not permitted in /home/u434629889/domains/faisaltown.org/public_html/wp-includes/class-wpdb.php on line 1990
[07-Sep-2026 17:39:13 UTC] PHP Warning:  mysqli_real_connect(): (HY000/2002): Operation not permitted in /home/u434629889/domains/faisaltown.org/public_html/wp-includes/class-wpdb.php on line 1990
[07-Sep-2026 17:39:13 UTC] PHP Warning:  mysqli_real_connect(): (HY000/2002): Operation not permitted in /home/u434629889/domains/faisaltown.org/public_html/wp-includes/class-wpdb.php on line 1990
[07-Sep-2026 17:39:13 UTC] PHP Warning:  mysqli_real_connect(): (HY000/2002): Operation not permitted in /home/u434629889/domains/faisaltown.org/public_html/wp-includes/class-wpdb.php on line 1990
[07-Sep-2026 17:39:13 UTC] PHP Warning:  mysqli_real_connect(): (HY000/2002): Operation not permitted in /home/u434629889/domains/faisaltown.org/public_html/wp-includes/class-wpdb.php on line 1990
[07-Sep-2026 17:39:13 UTC] PHP Warning:  mysqli_real_connect(): (HY000/2002): Operation not permitted in /home/u434629889/domains/faisaltown.org/public_html/wp-includes/class-wpdb.php on line 1990
[07-Sep-2026 17:39:13 UTC] PHP Warning:  mysqli_real_connect(): (HY000/2002): Operation not permitted in /home/u434629889/domains/faisaltown.org/public_html/wp-includes/class-wpdb.php on line 1990
[07-Sep-2026 17:39:13 UTC] PHP Warning:  mysqli_real_connect(): (HY000/2002): Operation not permitted in /home/u434629889/domains/faisaltown.org/public_html/wp-includes/class-wpdb.php on line 1990
[07-Sep-2026 17:39:13 UTC] PHP Warning:  mysqli_real_connect(): (HY000/2002): Operation not permitted in /home/u434629889/domains/faisaltown.org/public_html/wp-includes/class-wpdb.php on line 1990
[07-Sep-2026 17:39:13 UTC] PHP Warning:  mysqli_real_connect(): (HY000/2002): Operation not permitted in /home/u434629889/domains/faisaltown.org/public_html/wp-includes/class-wpdb.php on line 1990
[07-Sep-2026 17:39:13 UTC] PHP Warning:  mysqli_real_connect(): (HY000/2002): Operation not permitted in /home/u434629889/domains/faisaltown.org/public_html/wp-includes/class-wpdb.php on line 1990
[07-Sep-2026 17:39:13 UTC] PHP Warning:  mysqli_real_connect(): (HY000/2002): Operation not permitted in /home/u434629889/domains/faisaltown.org/public_html/wp-includes/class-wpdb.php on line 1990
[07-Sep-2026 17:39:13 UTC] PHP Warning:  mysqli_real_connect(): (HY000/2002): Operation not permitted in /home/u434629889/domains/faisaltown.org/public_html/wp-includes/class-wpdb.php on line 1990
[07-Sep-2026 17:39:13 UTC] PHP Warning:  mysqli_real_connect(): (HY000/2002): Operation not permitted in /home/u434629889/domains/faisaltown.org/public_html/wp-includes/class-wpdb.php on line 1990
[07-Sep-2026 17:39:13 UTC] PHP Warning:  mysqli_real_connect(): (HY000/2002): Operation not permitted in /home/u434629889/domains/faisaltown.org/public_html/wp-includes/class-wpdb.php on line 1990
[07-Sep-2026 17:39:13 UTC] PHP Warning:  mysqli_real_connect(): (HY000/2002): Operation not permitted in /home/u434629889/domains/faisaltown.org/public_html/wp-includes/class-wpdb.php on line 1990
[07-Sep-2026 17:39:13 UTC] PHP Warning:  mysqli_real_connect(): (HY000/2002): Operation not permitted in /home/u434629889/domains/faisaltown.org/public_html/wp-includes/class-wpdb.php on line 1990
[07-Sep-2026 17:39:13 UTC] PHP Warning:  mysqli_real_connect(): (HY000/2002): Operation not permitted in /home/u434629889/domains/faisaltown.org/public_html/wp-includes/class-wpdb.php on line 1990
[07-Sep-2026 17:39:13 UTC] PHP Warning:  mysqli_real_connect(): (HY000/2002): Operation not permitted in /home/u434629889/domains/faisaltown.org/public_html/wp-includes/class-wpdb.php on line 1990
[07-Sep-2026 17:39:13 UTC] PHP Warning:  mysqli_real_connect(): (HY000/2002): Operation not permitted in /home/u434629889/domains/faisaltown.org/public_html/wp-includes/class-wpdb.php on line 1990
[07-Sep-2026 17:39:13 UTC] PHP Warning:  mysqli_real_connect(): (HY000/2002): Operation not permitted in /home/u434629889/domains/faisaltown.org/public_html/wp-includes/class-wpdb.php on line 1990
[07-Sep-2026 17:39:13 UTC] PHP Warning:  mysqli_real_connect(): (HY000/2002): Operation not permitted in /home/u434629889/domains/faisaltown.org/public_html/wp-includes/class-wpdb.php on line 1990
[07-Sep-2026 17:39:13 UTC] PHP Warning:  mysqli_real_connect(): (HY000/2002): Operation not permitted in /home/u434629889/domains/faisaltown.org/public_html/wp-includes/class-wpdb.php on line 1990
[07-Sep-2026 17:39:13 UTC] PHP Warning:  mysqli_real_connect(): (HY000/2002): Operation not permitted in /home/u434629889/domains/faisaltown.org/public_html/wp-includes/class-wpdb.php on line 1990
[07-Sep-2026 17:39:13 UTC] PHP Warning:  mysqli_real_connect(): (HY000/2002): Operation not permitted in /home/u434629889/domains/faisaltown.org/public_html/wp-includes/class-wpdb.php on line 1990
[07-Sep-2026 17:39:13 UTC] PHP Warning:  mysqli_real_connect(): (HY000/2002): Operation not permitted in /home/u434629889/domains/faisaltown.org/public_html/wp-includes/class-wpdb.php on line 1990
[07-Sep-2026 17:39:13 UTC] PHP Warning:  mysqli_real_connect(): (HY000/2002): Operation not permitted in /home/u434629889/domains/faisaltown.org/public_html/wp-includes/class-wpdb.php on line 1990
[07-Sep-2026 17:39:13 UTC] PHP Warning:  mysqli_real_connect(): (HY000/2002): Operation not permitted in /home/u434629889/domains/faisaltown.org/public_html/wp-includes/class-wpdb.php on line 1990
[07-Sep-2026 17:39:13 UTC] PHP Warning:  mysqli_real_connect(): (HY000/2002): Operation not permitted in /home/u434629889/domains/faisaltown.org/public_html/wp-includes/class-wpdb.php on line 1990
[07-Sep-2026 17:39:13 UTC] PHP Warning:  mysqli_real_connect(): (HY000/2002): Operation not permitted in /home/u434629889/domains/faisaltown.org/public_html/wp-includes/class-wpdb.php on line 1990
[07-Sep-2026 17:39:13 UTC] PHP Warning:  mysqli_real_connect(): (HY000/2002): Operation not permitted in /home/u434629889/domains/faisaltown.org/public_html/wp-includes/class-wpdb.php on line 1990
[07-Sep-2026 17:39:13 UTC] PHP Warning:  mysqli_real_connect(): (HY000/2002): Operation not permitted in /home/u434629889/domains/faisaltown.org/public_html/wp-includes/class-wpdb.php on line 1990
[07-Sep-2026 17:39:13 UTC] PHP Warning:  mysqli_real_connect(): (HY000/2002): Operation not permitted in /home/u434629889/domains/faisaltown.org/public_html/wp-includes/class-wpdb.php on line 1990
[07-Sep-2026 17:39:13 UTC] PHP Warning:  mysqli_real_connect(): (HY000/2002): Operation not permitted in /home/u434629889/domains/faisaltown.org/public_html/wp-includes/class-wpdb.php on line 1990
[07-Sep-2026 17:39:13 UTC] PHP Warning:  mysqli_real_connect(): (HY000/2002): Operation not permitted in /home/u434629889/domains/faisaltown.org/public_html/wp-includes/class-wpdb.php on line 1990
[07-Sep-2026 17:39:13 UTC] PHP Warning:  mysqli_real_connect(): (HY000/2002): Operation not permitted in /home/u434629889/domains/faisaltown.org/public_html/wp-includes/class-wpdb.php on line 1990
[07-Sep-2026 17:39:13 UTC] PHP Warning:  mysqli_real_connect(): (HY000/2002): Operation not permitted in /home/u434629889/domains/faisaltown.org/public_html/wp-includes/class-wpdb.php on line 1990
[07-Sep-2026 17:39:13 UTC] PHP Warning:  mysqli_real_connect(): (HY000/2002): Operation not permitted in /home/u434629889/domains/faisaltown.org/public_html/wp-includes/class-wpdb.php on line 1990
[07-Sep-2026 17:39:13 UTC] PHP Warning:  mysqli_real_connect(): (HY000/2002): Operation not permitted in /home/u434629889/domains/faisaltown.org/public_html/wp-includes/class-wpdb.php on line 1990
[07-Sep-2026 17:39:13 UTC] PHP Warning:  mysqli_real_connect(): (HY000/2002): Operation not permitted in /home/u434629889/domains/faisaltown.org/public_html/wp-includes/class-wpdb.php on line 1990
[07-Sep-2026 17:39:13 UTC] PHP Warning:  mysqli_real_connect(): (HY000/2002): Operation not permitted in /home/u434629889/domains/faisaltown.org/public_html/wp-includes/class-wpdb.php on line 1990
[07-Sep-2026 17:39:13 UTC] PHP Warning:  mysqli_real_connect(): (HY000/2002): Operation not permitted in /home/u434629889/domains/faisaltown.org/public_html/wp-includes/class-wpdb.php on line 1990
[07-Sep-2026 17:39:13 UTC] PHP Warning:  mysqli_real_connect(): (HY000/2002): Operation not permitted in /home/u434629889/domains/faisaltown.org/public_html/wp-includes/class-wpdb.php on line 1990
[07-Sep-2026 17:39:13 UTC] PHP Warning:  mysqli_real_connect(): (HY000/2002): Operation not permitted in /home/u434629889/domains/faisaltown.org/public_html/wp-includes/class-wpdb.php on line 1990
[07-Sep-2026 17:39:13 UTC] PHP Warning:  mysqli_real_connect(): (HY000/2002): Operation not permitted in /home/u434629889/domains/faisaltown.org/public_html/wp-includes/class-wpdb.php on line 1990
[07-Sep-2026 17:39:13 UTC] PHP Warning:  mysqli_real_connect(): (HY000/2002): Operation not permitted in /home/u434629889/domains/faisaltown.org/public_html/wp-includes/class-wpdb.php on line 1990
[07-Sep-2026 17:39:13 UTC] PHP Warning:  mysqli_real_connect(): (HY000/2002): Operation not permitted in /home/u434629889/domains/faisaltown.org/public_html/wp-includes/class-wpdb.php on line 1990
[07-Sep-2026 17:39:13 UTC] PHP Warning:  mysqli_real_connect(): (HY000/2002): Operation not permitted in /home/u434629889/domains/faisaltown.org/public_html/wp-includes/class-wpdb.php on line 1990
[07-Sep-2026 17:39:13 UTC] PHP Warning:  mysqli_real_connect(): (HY000/2002): Operation not permitted in /home/u434629889/domains/faisaltown.org/public_html/wp-includes/class-wpdb.php on line 1990
[07-Sep-2026 17:39:13 UTC] PHP Warning:  mysqli_real_connect(): (HY000/2002): Operation not permitted in /home/u434629889/domains/faisaltown.org/public_html/wp-includes/class-wpdb.php on line 1990
[07-Sep-2026 17:39:13 UTC] PHP Warning:  mysqli_real_connect(): (HY000/2002): Operation not permitted in /home/u434629889/domains/faisaltown.org/public_html/wp-includes/class-wpdb.php on line 1990
[07-Sep-2026 17:39:13 UTC] PHP Warning:  mysqli_real_connect(): (HY000/2002): Operation not permitted in /home/u434629889/domains/faisaltown.org/public_html/wp-includes/class-wpdb.php on line 1990
[07-Sep-2026 17:39:13 UTC] PHP Warning:  mysqli_real_connect(): (HY000/2002): Operation not permitted in /home/u434629889/domains/faisaltown.org/public_html/wp-includes/class-wpdb.php on line 1990
[07-Sep-2026 17:39:13 UTC] PHP Warning:  mysqli_real_connect(): (HY000/2002): Operation not permitted in /home/u434629889/domains/faisaltown.org/public_html/wp-includes/class-wpdb.php on line 1990
[07-Sep-2026 17:39:13 UTC] PHP Warning:  mysqli_real_connect(): (HY000/2002): Operation not permitted in /home/u434629889/domains/faisaltown.org/public_html/wp-includes/class-wpdb.php on line 1990
[07-Sep-2026 17:39:13 UTC] PHP Warning:  mysqli_real_connect(): (HY000/2002): Operation not permitted in /home/u434629889/domains/faisaltown.org/public_html/wp-includes/class-wpdb.php on line 1990
[07-Sep-2026 17:39:14 UTC] PHP Warning:  mysqli_real_connect(): (HY000/2002): Operation not permitted in /home/u434629889/domains/faisaltown.org/public_html/wp-includes/class-wpdb.php on line 1990
[07-Sep-2026 17:39:14 UTC] PHP Warning:  mysqli_real_connect(): (HY000/2002): Operation not permitted in /home/u434629889/domains/faisaltown.org/public_html/wp-includes/class-wpdb.php on line 1990
[07-Sep-2026 17:39:14 UTC] PHP Warning:  mysqli_real_connect(): (HY000/2002): Operation not permitted in /home/u434629889/domains/faisaltown.org/public_html/wp-includes/class-wpdb.php on line 1990
[07-Sep-2026 17:39:14 UTC] PHP Warning:  mysqli_real_connect(): (HY000/2002): Operation not permitted in /home/u434629889/domains/faisaltown.org/public_html/wp-includes/class-wpdb.php on line 1990
[07-Sep-2026 17:39:14 UTC] PHP Warning:  mysqli_real_connect(): (HY000/2002): Operation not permitted in /home/u434629889/domains/faisaltown.org/public_html/wp-includes/class-wpdb.php on line 1990
[07-Sep-2026 17:39:14 UTC] PHP Warning:  mysqli_real_connect(): (HY000/2002): Operation not permitted in /home/u434629889/domains/faisaltown.org/public_html/wp-includes/class-wpdb.php on line 1990
[07-Sep-2026 17:39:14 UTC] PHP Warning:  mysqli_real_connect(): (HY000/2002): Operation not permitted in /home/u434629889/domains/faisaltown.org/public_html/wp-includes/class-wpdb.php on line 1990
[07-Sep-2026 17:39:14 UTC] PHP Warning:  mysqli_real_connect(): (HY000/2002): Operation not permitted in /home/u434629889/domains/faisaltown.org/public_html/wp-includes/class-wpdb.php on line 1990
[07-Sep-2026 17:39:14 UTC] PHP Warning:  mysqli_real_connect(): (HY000/2002): Operation not permitted in /home/u434629889/domains/faisaltown.org/public_html/wp-includes/class-wpdb.php on line 1990
[07-Sep-2026 17:39:14 UTC] PHP Warning:  mysqli_real_connect(): (HY000/2002): Operation not permitted in /home/u434629889/domains/faisaltown.org/public_html/wp-includes/class-wpdb.php on line 1990
[07-Sep-2026 17:39:14 UTC] PHP Warning:  mysqli_real_connect(): (HY000/2002): Operation not permitted in /home/u434629889/domains/faisaltown.org/public_html/wp-includes/class-wpdb.php on line 1990
[07-Sep-2026 17:39:14 UTC] PHP Warning:  mysqli_real_connect(): (HY000/2002): Operation not permitted in /home/u434629889/domains/faisaltown.org/public_html/wp-includes/class-wpdb.php on line 1990
[07-Sep-2026 17:39:14 UTC] PHP Warning:  mysqli_real_connect(): (HY000/2002): Operation not permitted in /home/u434629889/domains/faisaltown.org/public_html/wp-includes/class-wpdb.php on line 1990
[07-Sep-2026 17:39:14 UTC] PHP Warning:  mysqli_real_connect(): (HY000/2002): Operation not permitted in /home/u434629889/domains/faisaltown.org/public_html/wp-includes/class-wpdb.php on line 1990
[07-Sep-2026 17:39:14 UTC] PHP Warning:  mysqli_real_connect(): (HY000/2002): Operation not permitted in /home/u434629889/domains/faisaltown.org/public_html/wp-includes/class-wpdb.php on line 1990
[07-Sep-2026 17:39:14 UTC] PHP Warning:  mysqli_real_connect(): (HY000/2002): Operation not permitted in /home/u434629889/domains/faisaltown.org/public_html/wp-includes/class-wpdb.php on line 1990
[07-Sep-2026 17:39:14 UTC] PHP Warning:  mysqli_real_connect(): (HY000/2002): Operation not permitted in /home/u434629889/domains/faisaltown.org/public_html/wp-includes/class-wpdb.php on line 1990
[07-Sep-2026 17:39:14 UTC] PHP Warning:  mysqli_real_connect(): (HY000/2002): Operation not permitted in /home/u434629889/domains/faisaltown.org/public_html/wp-includes/class-wpdb.php on line 1990
[07-Sep-2026 17:39:14 UTC] PHP Warning:  mysqli_real_connect(): (HY000/2002): Operation not permitted in /home/u434629889/domains/faisaltown.org/public_html/wp-includes/class-wpdb.php on line 1990
[07-Sep-2026 17:39:14 UTC] PHP Warning:  mysqli_real_connect(): (HY000/2002): Operation not permitted in /home/u434629889/domains/faisaltown.org/public_html/wp-includes/class-wpdb.php on line 1990
[07-Sep-2026 17:39:14 UTC] PHP Warning:  mysqli_real_connect(): (HY000/2002): Operation not permitted in /home/u434629889/domains/faisaltown.org/public_html/wp-includes/class-wpdb.php on line 1990
[07-Sep-2026 17:39:14 UTC] PHP Warning:  mysqli_real_connect(): (HY000/2002): Operation not permitted in /home/u434629889/domains/faisaltown.org/public_html/wp-includes/class-wpdb.php on line 1990
[07-Sep-2026 17:39:14 UTC] PHP Warning:  mysqli_real_connect(): (HY000/2002): Operation not permitted in /home/u434629889/domains/faisaltown.org/public_html/wp-includes/class-wpdb.php on line 1990
[07-Sep-2026 17:39:14 UTC] PHP Warning:  mysqli_real_connect(): (HY000/2002): Operation not permitted in /home/u434629889/domains/faisaltown.org/public_html/wp-includes/class-wpdb.php on line 1990
[07-Sep-2026 17:39:14 UTC] PHP Warning:  mysqli_real_connect(): (HY000/2002): Operation not permitted in /home/u434629889/domains/faisaltown.org/public_html/wp-includes/class-wpdb.php on line 1990
[07-Sep-2026 17:39:15 UTC] PHP Warning:  mysqli_real_connect(): (HY000/2002): Operation not permitted in /home/u434629889/domains/faisaltown.org/public_html/wp-includes/class-wpdb.php on line 1990
[07-Sep-2026 17:39:15 UTC] PHP Warning:  mysqli_real_connect(): (HY000/2002): Operation not permitted in /home/u434629889/domains/faisaltown.org/public_html/wp-includes/class-wpdb.php on line 1990
[07-Sep-2026 17:39:15 UTC] PHP Warning:  mysqli_real_connect(): (HY000/2002): Operation not permitted in /home/u434629889/domains/faisaltown.org/public_html/wp-includes/class-wpdb.php on line 1990
[07-Sep-2026 17:39:15 UTC] PHP Warning:  mysqli_real_connect(): (HY000/2002): Operation not permitted in /home/u434629889/domains/faisaltown.org/public_html/wp-includes/class-wpdb.php on line 1990
[07-Sep-2026 17:39:15 UTC] PHP Warning:  mysqli_real_connect(): (HY000/2002): Operation not permitted in /home/u434629889/domains/faisaltown.org/public_html/wp-includes/class-wpdb.php on line 1990
[07-Sep-2026 17:39:15 UTC] PHP Warning:  mysqli_real_connect(): (HY000/2002): Operation not permitted in /home/u434629889/domains/faisaltown.org/public_html/wp-includes/class-wpdb.php on line 1990
[07-Sep-2026 17:39:15 UTC] PHP Warning:  mysqli_real_connect(): (HY000/2002): Operation not permitted in /home/u434629889/domains/faisaltown.org/public_html/wp-includes/class-wpdb.php on line 1990
[07-Sep-2026 17:39:15 UTC] PHP Warning:  mysqli_real_connect(): (HY000/2002): Operation not permitted in /home/u434629889/domains/faisaltown.org/public_html/wp-includes/class-wpdb.php on line 1990
[07-Sep-2026 17:39:15 UTC] PHP Warning:  mysqli_real_connect(): (HY000/2002): Operation not permitted in /home/u434629889/domains/faisaltown.org/public_html/wp-includes/class-wpdb.php on line 1990
[07-Sep-2026 17:39:15 UTC] PHP Warning:  mysqli_real_connect(): (HY000/2002): Operation not permitted in /home/u434629889/domains/faisaltown.org/public_html/wp-includes/class-wpdb.php on line 1990
[07-Sep-2026 17:39:15 UTC] PHP Warning:  mysqli_real_connect(): (HY000/2002): Operation not permitted in /home/u434629889/domains/faisaltown.org/public_html/wp-includes/class-wpdb.php on line 1990
[07-Sep-2026 17:39:15 UTC] PHP Warning:  mysqli_real_connect(): (HY000/2002): Operation not permitted in /home/u434629889/domains/faisaltown.org/public_html/wp-includes/class-wpdb.php on line 1990
[07-Sep-2026 17:39:15 UTC] PHP Warning:  mysqli_real_connect(): (HY000/2002): Operation not permitted in /home/u434629889/domains/faisaltown.org/public_html/wp-includes/class-wpdb.php on line 1990
[07-Sep-2026 17:39:15 UTC] PHP Warning:  mysqli_real_connect(): (HY000/2002): Operation not permitted in /home/u434629889/domains/faisaltown.org/public_html/wp-includes/class-wpdb.php on line 1990
[07-Sep-2026 17:39:15 UTC] PHP Warning:  mysqli_real_connect(): (HY000/2002): Operation not permitted in /home/u434629889/domains/faisaltown.org/public_html/wp-includes/class-wpdb.php on line 1990
[07-Sep-2026 17:39:15 UTC] PHP Warning:  mysqli_real_connect(): (HY000/2002): Operation not permitted in /home/u434629889/domains/faisaltown.org/public_html/wp-includes/class-wpdb.php on line 1990
[07-Sep-2026 17:39:15 UTC] PHP Warning:  mysqli_real_connect(): (HY000/2002): Operation not permitted in /home/u434629889/domains/faisaltown.org/public_html/wp-includes/class-wpdb.php on line 1990
[07-Sep-2026 17:39:15 UTC] PHP Warning:  mysqli_real_connect(): (HY000/2002): Operation not permitted in /home/u434629889/domains/faisaltown.org/public_html/wp-includes/class-wpdb.php on line 1990
[07-Sep-2026 17:39:15 UTC] PHP Warning:  mysqli_real_connect(): (HY000/2002): Operation not permitted in /home/u434629889/domains/faisaltown.org/public_html/wp-includes/class-wpdb.php on line 1990
[07-Sep-2026 17:39:15 UTC] PHP Warning:  mysqli_real_connect(): (HY000/2002): Operation not permitted in /home/u434629889/domains/faisaltown.org/public_html/wp-includes/class-wpdb.php on line 1990
[07-Sep-2026 17:39:15 UTC] PHP Warning:  mysqli_real_connect(): (HY000/2002): Operation not permitted in /home/u434629889/domains/faisaltown.org/public_html/wp-includes/class-wpdb.php on line 1990
[07-Sep-2026 17:39:15 UTC] PHP Warning:  mysqli_real_connect(): (HY000/2002): Operation not permitted in /home/u434629889/domains/faisaltown.org/public_html/wp-includes/class-wpdb.php on line 1990
[07-Sep-2026 17:39:15 UTC] PHP Warning:  mysqli_real_connect(): (HY000/2002): Operation not permitted in /home/u434629889/domains/faisaltown.org/public_html/wp-includes/class-wpdb.php on line 1990
[07-Sep-2026 17:39:15 UTC] PHP Warning:  mysqli_real_connect(): (HY000/2002): Operation not permitted in /home/u434629889/domains/faisaltown.org/public_html/wp-includes/class-wpdb.php on line 1990
[07-Sep-2026 17:39:16 UTC] Spectra: CSS/JS generation returned empty for post 13747 (type: js). Keeping existing file to prevent 404.
[07-Sep-2026 17:39:16 UTC] PHP Warning:  mysqli_real_connect(): (HY000/2002): Operation not permitted in /home/u434629889/domains/faisaltown.org/public_html/wp-includes/class-wpdb.php on line 1990
[07-Sep-2026 17:39:16 UTC] PHP Warning:  mysqli_real_connect(): (HY000/2002): Operation not permitted in /home/u434629889/domains/faisaltown.org/public_html/wp-includes/class-wpdb.php on line 1990
[07-Sep-2026 17:39:16 UTC] PHP Warning:  mysqli_real_connect(): (HY000/2002): Operation not permitted in /home/u434629889/domains/faisaltown.org/public_html/wp-includes/class-wpdb.php on line 1990
[07-Sep-2026 17:39:16 UTC] PHP Warning:  mysqli_real_connect(): (HY000/2002): Operation not permitted in /home/u434629889/domains/faisaltown.org/public_html/wp-includes/class-wpdb.php on line 1990
[07-Sep-2026 17:39:16 UTC] PHP Warning:  mysqli_real_connect(): (HY000/2002): Operation not permitted in /home/u434629889/domains/faisaltown.org/public_html/wp-includes/class-wpdb.php on line 1990
[07-Sep-2026 17:39:16 UTC] PHP Warning:  mysqli_real_connect(): (HY000/2002): Operation not permitted in /home/u434629889/domains/faisaltown.org/public_html/wp-includes/class-wpdb.php on line 1990
[07-Sep-2026 17:39:16 UTC] PHP Warning:  mysqli_real_connect(): (HY000/2002): Operation not permitted in /home/u434629889/domains/faisaltown.org/public_html/wp-includes/class-wpdb.php on line 1990
[07-Sep-2026 17:39:16 UTC] PHP Warning:  mysqli_real_connect(): (HY000/2002): Operation not permitted in /home/u434629889/domains/faisaltown.org/public_html/wp-includes/class-wpdb.php on line 1990
[07-Sep-2026 17:39:16 UTC] PHP Warning:  mysqli_real_connect(): (HY000/2002): Operation not permitted in /home/u434629889/domains/faisaltown.org/public_html/wp-includes/class-wpdb.php on line 1990
[07-Sep-2026 17:39:16 UTC] PHP Warning:  mysqli_real_connect(): (HY000/2002): Operation not permitted in /home/u434629889/domains/faisaltown.org/public_html/wp-includes/class-wpdb.php on line 1990
[07-Sep-2026 17:39:16 UTC] PHP Warning:  mysqli_real_connect(): (HY000/2002): Operation not permitted in /home/u434629889/domains/faisaltown.org/public_html/wp-includes/class-wpdb.php on line 1990
[07-Sep-2026 17:39:16 UTC] PHP Warning:  getimagesize(https://faisaltown.org/wp-content/uploads/2024/12/AD_4nXcJbDTB9uS4nIj4Wvl8DkbrAyDvv7UnKNoC0lwizIX4uJax_7UFzG5Cq4pFUjp08ygO-nbti6pkmUNitXRDj38nyMS3rez8XbtfAG8PB_NZnHse9fut6pAES6ZF-oNQf6zKVtxM.jpg): Failed to open stream: HTTP request failed! HTTP/1.1 500 Internal Server Error
 in /home/u434629889/domains/faisaltown.org/public_html/wp-content/plugins/litespeed-cache/src/media.cls.php on line 1158
[07-Sep-2026 17:39:16 UTC] PHP Warning:  mysqli_real_connect(): (HY000/2002): Operation not permitted in /home/u434629889/domains/faisaltown.org/public_html/wp-includes/class-wpdb.php on line 1990
[07-Sep-2026 17:39:16 UTC] PHP Warning:  getimagesize(https://faisaltown.org/wp-content/uploads/2024/12/AD_4nXeVEvVOeNDUYAzGylErEKYbkvhmw93fLBw0Fe7TijIq4luFPC6FkqyAsxiockx1jquydwd1p0QgZfVgy-cSSx9R6wns6S311MKO3BtL-aF8IMgapypS1mahtnUpZEdGzD0tNQzizQ.jpg): Failed to open stream: HTTP request failed! HTTP/1.1 500 Internal Server Error
 in /home/u434629889/domains/faisaltown.org/public_html/wp-content/plugins/litespeed-cache/src/media.cls.php on line 1158
[07-Sep-2026 17:39:16 UTC] PHP Warning:  mysqli_real_connect(): (HY000/2002): Operation not permitted in /home/u434629889/domains/faisaltown.org/public_html/wp-includes/class-wpdb.php on line 1990
[07-Sep-2026 17:39:16 UTC] PHP Warning:  mysqli_real_connect(): (HY000/2002): Operation not permitted in /home/u434629889/domains/faisaltown.org/public_html/wp-includes/class-wpdb.php on line 1990
[07-Sep-2026 17:39:16 UTC] PHP Warning:  mysqli_real_connect(): (HY000/2002): Operation not permitted in /home/u434629889/domains/faisaltown.org/public_html/wp-includes/class-wpdb.php on line 1990
[07-Sep-2026 17:39:16 UTC] PHP Warning:  mysqli_real_connect(): (HY000/2002): Operation not permitted in /home/u434629889/domains/faisaltown.org/public_html/wp-includes/class-wpdb.php on line 1990
[07-Sep-2026 17:39:16 UTC] PHP Warning:  mysqli_real_connect(): (HY000/2002): Operation not permitted in /home/u434629889/domains/faisaltown.org/public_html/wp-includes/class-wpdb.php on line 1990
[07-Sep-2026 17:39:16 UTC] PHP Warning:  mysqli_real_connect(): (HY000/2002): Operation not permitted in /home/u434629889/domains/faisaltown.org/public_html/wp-includes/class-wpdb.php on line 1990
[07-Sep-2026 17:39:16 UTC] PHP Warning:  mysqli_real_connect(): (HY000/2002): Operation not permitted in /home/u434629889/domains/faisaltown.org/public_html/wp-includes/class-wpdb.php on line 1990
[07-Sep-2026 17:39:16 UTC] PHP Warning:  mysqli_real_connect(): (HY000/2002): Operation not permitted in /home/u434629889/domains/faisaltown.org/public_html/wp-includes/class-wpdb.php on line 1990
[07-Sep-2026 17:39:16 UTC] PHP Warning:  mysqli_real_connect(): (HY000/2002): Operation not permitted in /home/u434629889/domains/faisaltown.org/public_html/wp-includes/class-wpdb.php on line 1990
[07-Sep-2026 17:39:16 UTC] PHP Warning:  mysqli_real_connect(): (HY000/2002): Operation not permitted in /home/u434629889/domains/faisaltown.org/public_html/wp-includes/class-wpdb.php on line 1990
[07-Sep-2026 17:39:37 UTC] Spectra: CSS/JS generation returned empty for post 20440 (type: js). Keeping existing file to prevent 404.
[07-Sep-2026 17:40:48 UTC] Spectra: CSS/JS generation returned empty for post 11033 (type: js). Keeping existing file to prevent 404.
[07-Sep-2026 17:40:48 UTC] Spectra: CSS/JS generation returned empty for post 19169 (type: js). Keeping existing file to prevent 404.
[07-Sep-2026 17:41:07 UTC] Spectra: CSS/JS generation returned empty for post 21327 (type: js). Keeping existing file to prevent 404.
[07-Sep-2026 17:42:59 UTC] Spectra: CSS/JS generation returned empty for post 19169 (type: js). Keeping existing file to prevent 404.
[07-Sep-2026 17:43:02 UTC] Spectra: CSS/JS generation returned empty for post 5 (type: js). Keeping existing file to prevent 404.
[07-Sep-2026 17:44:58 UTC] Spectra: CSS/JS generation returned empty for post 11687 (type: js). Keeping existing file to prevent 404.
[07-Sep-2026 17:44:58 UTC] Spectra: CSS/JS generation returned empty for post 11527 (type: css). Keeping existing file to prevent 404.
[07-Sep-2026 17:44:58 UTC] Spectra: CSS/JS generation returned empty for post 11527 (type: js). Keeping existing file to prevent 404.
[07-Sep-2026 17:44:58 UTC] Spectra: CSS/JS generation returned empty for post 11550 (type: css). Keeping existing file to prevent 404.
[07-Sep-2026 17:44:58 UTC] Spectra: CSS/JS generation returned empty for post 11550 (type: js). Keeping existing file to prevent 404.
[07-Sep-2026 17:44:58 UTC] Spectra: CSS/JS generation returned empty for post 11517 (type: css). Keeping existing file to prevent 404.
[07-Sep-2026 17:44:58 UTC] Spectra: CSS/JS generation returned empty for post 11517 (type: js). Keeping existing file to prevent 404.
[07-Sep-2026 17:44:58 UTC] Spectra: CSS/JS generation returned empty for post 11541 (type: css). Keeping existing file to prevent 404.
[07-Sep-2026 17:44:58 UTC] Spectra: CSS/JS generation returned empty for post 11541 (type: js). Keeping existing file to prevent 404.
[07-Sep-2026 17:44:58 UTC] Spectra: CSS/JS generation returned empty for post 11507 (type: js). Keeping existing file to prevent 404.
[07-Sep-2026 17:44:58 UTC] Spectra: CSS/JS generation returned empty for post 11499 (type: js). Keeping existing file to prevent 404.
[07-Sep-2026 17:44:58 UTC] Spectra: CSS/JS generation returned empty for post 11359 (type: js). Keeping existing file to prevent 404.
[07-Sep-2026 17:44:58 UTC] Spectra: CSS/JS generation returned empty for post 11368 (type: css). Keeping existing file to prevent 404.
[07-Sep-2026 17:44:58 UTC] Spectra: CSS/JS generation returned empty for post 11368 (type: js). Keeping existing file to prevent 404.
[07-Sep-2026 17:44:58 UTC] Spectra: CSS/JS generation returned empty for post 11362 (type: css). Keeping existing file to prevent 404.
[07-Sep-2026 17:44:58 UTC] Spectra: CSS/JS generation returned empty for post 11362 (type: js). Keeping existing file to prevent 404.
[07-Sep-2026 17:44:58 UTC] Spectra: CSS/JS generation returned empty for post 11364 (type: js). Keeping existing file to prevent 404.
[07-Sep-2026 17:44:58 UTC] Spectra: CSS/JS generation returned empty for post 11372 (type: js). Keeping existing file to prevent 404.
[07-Sep-2026 17:45:34 UTC] Spectra: CSS/JS generation returned empty for post 22852 (type: js). Keeping existing file to prevent 404.
[07-Sep-2026 17:46:13 UTC] Spectra: CSS/JS generation returned empty for post 20440 (type: js). Keeping existing file to prevent 404.
[07-Sep-2026 17:47:00 UTC] Spectra: CSS/JS generation returned empty for post 23481 (type: js). Keeping existing file to prevent 404.
[07-Sep-2026 17:47:43 UTC] WordPress database error You have an error in your SQL syntax; check the manual that corresponds to your MariaDB server version for the right syntax to use near 'AND umt.meta_value NOT LIKE '%Contributor%' AND umt.meta_value NOT LIKE '%Sub...' at line 11 for query 
		SELECT u.ID, umt1.meta_value as last_update
		FROM wp_users as u
		    LEFT JOIN wp_usermeta AS um ON ( u.ID = um.user_id AND um.meta_key = 'rank_math_robots' )
		    LEFT JOIN wp_usermeta AS umt ON ( u.ID = umt.user_id AND umt.meta_key = 'wp_capabilities' )
		    LEFT JOIN wp_usermeta AS umt1 ON ( u.ID = umt1.user_id AND umt1.meta_key = 'last_update' )
		    WHERE ( (
		 		( um.meta_key = 'rank_math_robots' AND um.meta_value NOT LIKE '%noindex%' )
		 		OR um.user_id IS NULL
			)
			AND (  umt1.meta_key = 'last_update' OR umt1.user_id IS NULL )
			AND ( umt.meta_key ='wp_capabilities' AND (  AND umt.meta_value NOT LIKE '%Contributor%' AND umt.meta_value NOT LIKE '%Subscriber%' ) ) )
		    AND u.ID IN (
			SELECT post_author
			FROM wp_posts as p
			WHERE p.post_status = 'publish' AND p.post_password = ''
			
		)
		ORDER BY umt1.meta_value DESC
		  made by require('wp-blog-header.php'), wp, WP->main, WP->query_posts, WP_Query->query, WP_Query->get_posts, WP_Query->parse_query, do_action_ref_array('parse_query'), WP_Hook->do_action, WP_Hook->apply_filters, RankMath\Sitemap\Router->request_sitemap, RankMath\Sitemap\Sitemap_XML->__construct, RankMath\Sitemap\Sitemap_XML->output, RankMath\Sitemap\Sitemap_XML->has_sitemap_in_cache, RankMath\Sitemap\Sitemap_XML->build_sitemap, RankMath\Sitemap\Generator->get_output, RankMath\Sitemap\Generator->build_sitemap, RankMath\Sitemap\Generator->build_root_map, RankMath\Sitemap\Providers\Author->get_index_links, RankMath\Sitemap\Providers\Author->get_index_users, RankMath\Helpers\DB::get_results, RankMath\Admin\Database\Query_Builder->get_results, RankMath\Admin\Database\Query_Builder->run
[07-Sep-2026 17:48:48 UTC] Spectra: CSS/JS generation returned empty for post 19169 (type: js). Keeping existing file to prevent 404.
[07-Sep-2026 17:50:42 UTC] Spectra: CSS/JS generation returned empty for post 11147 (type: js). Keeping existing file to prevent 404.
[07-Sep-2026 17:50:46 UTC] Spectra: CSS/JS generation returned empty for post 19169 (type: js). Keeping existing file to prevent 404.
[07-Sep-2026 17:50:46 UTC] Spectra: CSS/JS generation returned empty for post 19169 (type: js). Keeping existing file to prevent 404.
[07-Sep-2026 17:50:46 UTC] Spectra: CSS/JS generation returned empty for post 19169 (type: js). Keeping existing file to prevent 404.
[07-Sep-2026 17:50:46 UTC] Spectra: CSS/JS generation returned empty for post 19169 (type: js). Keeping existing file to prevent 404.
[07-Sep-2026 17:51:19 UTC] Spectra: CSS/JS generation returned empty for post 10215 (type: js). Keeping existing file to prevent 404.
[07-Sep-2026 17:51:22 UTC] Spectra: CSS/JS generation returned empty for post 10215 (type: js). Keeping existing file to prevent 404.
[07-Sep-2026 17:51:26 UTC] Spectra: CSS/JS generation returned empty for post 21265 (type: js). Keeping existing file to prevent 404.
[07-Sep-2026 17:51:26 UTC] Spectra: CSS/JS generation returned empty for post 7731 (type: js). Keeping existing file to prevent 404.
[07-Sep-2026 17:54:59 UTC] Spectra: CSS/JS generation returned empty for post 11147 (type: js). Keeping existing file to prevent 404.
[07-Sep-2026 17:56:21 UTC] Spectra: CSS/JS generation returned empty for post 21323 (type: js). Keeping existing file to prevent 404.
[07-Sep-2026 17:57:21 UTC] Spectra: CSS/JS generation returned empty for post 11368 (type: js). Keeping existing file to prevent 404.
[07-Sep-2026 17:57:50 UTC] Spectra: CSS/JS generation returned empty for post 13972 (type: js). Keeping existing file to prevent 404.
[07-Sep-2026 17:57:53 UTC] Spectra: CSS/JS generation returned empty for post 19169 (type: js). Keeping existing file to prevent 404.
[07-Sep-2026 17:58:30 UTC] Spectra: CSS/JS generation returned empty for post 19123 (type: js). Keeping existing file to prevent 404.
[07-Sep-2026 17:58:47 UTC] Spectra: CSS/JS generation returned empty for post 17048 (type: js). Keeping existing file to prevent 404.
[07-Sep-2026 17:59:15 UTC] Spectra: CSS/JS generation returned empty for post 21336 (type: js). Keeping existing file to prevent 404.
[07-Sep-2026 17:59:33 UTC] Spectra: CSS/JS generation returned empty for post 23063 (type: js). Keeping existing file to prevent 404.
[07-Sep-2026 17:59:55 UTC] Spectra: CSS/JS generation returned empty for post 19169 (type: js). Keeping existing file to prevent 404.
[07-Sep-2026 17:59:57 UTC] Spectra: CSS/JS generation returned empty for post 11563 (type: js). Keeping existing file to prevent 404.
[07-Sep-2026 18:01:11 UTC] Spectra: CSS/JS generation returned empty for post 11383 (type: js). Keeping existing file to prevent 404.
[07-Sep-2026 18:04:24 UTC] WordPress database error You have an error in your SQL syntax; check the manual that corresponds to your MariaDB server version for the right syntax to use near 'AND umt.meta_value NOT LIKE '%Contributor%' AND umt.meta_value NOT LIKE '%Sub...' at line 11 for query 
		SELECT u.ID, umt1.meta_value as last_update
		FROM wp_users as u
		    LEFT JOIN wp_usermeta AS um ON ( u.ID = um.user_id AND um.meta_key = 'rank_math_robots' )
		    LEFT JOIN wp_usermeta AS umt ON ( u.ID = umt.user_id AND umt.meta_key = 'wp_capabilities' )
		    LEFT JOIN wp_usermeta AS umt1 ON ( u.ID = umt1.user_id AND umt1.meta_key = 'last_update' )
		    WHERE ( (
		 		( um.meta_key = 'rank_math_robots' AND um.meta_value NOT LIKE '%noindex%' )
		 		OR um.user_id IS NULL
			)
			AND (  umt1.meta_key = 'last_update' OR umt1.user_id IS NULL )
			AND ( umt.meta_key ='wp_capabilities' AND (  AND umt.meta_value NOT LIKE '%Contributor%' AND umt.meta_value NOT LIKE '%Subscriber%' ) ) )
		    AND u.ID IN (
			SELECT post_author
			FROM wp_posts as p
			WHERE p.post_status = 'publish' AND p.post_password = ''
			
		)
		ORDER BY umt1.meta_value DESC
		  made by require('wp-blog-header.php'), wp, WP->main, WP->query_posts, WP_Query->query, WP_Query->get_posts, WP_Query->parse_query, do_action_ref_array('parse_query'), WP_Hook->do_action, WP_Hook->apply_filters, RankMath\Sitemap\Router->request_sitemap, RankMath\Sitemap\Sitemap_XML->__construct, RankMath\Sitemap\Sitemap_XML->output, RankMath\Sitemap\Sitemap_XML->has_sitemap_in_cache, RankMath\Sitemap\Sitemap_XML->build_sitemap, RankMath\Sitemap\Generator->get_output, RankMath\Sitemap\Generator->build_sitemap, RankMath\Sitemap\Generator->build_root_map, RankMath\Sitemap\Providers\Author->get_index_links, RankMath\Sitemap\Providers\Author->get_index_users, RankMath\Helpers\DB::get_results, RankMath\Admin\Database\Query_Builder->get_results, RankMath\Admin\Database\Query_Builder->run
[07-Sep-2026 18:05:16 UTC] Spectra: CSS/JS generation returned empty for post 17486 (type: js). Keeping existing file to prevent 404.
[07-Sep-2026 18:06:12 UTC] Spectra: CSS/JS generation returned empty for post 18413 (type: js). Keeping existing file to prevent 404.
[07-Sep-2026 18:09:00 UTC] Spectra: CSS/JS generation returned empty for post 21327 (type: js). Keeping existing file to prevent 404.
[07-Sep-2026 18:10:36 UTC] Spectra: CSS/JS generation returned empty for post 20440 (type: js). Keeping existing file to prevent 404.
[07-Sep-2026 18:11:23 UTC] Spectra: CSS/JS generation returned empty for post 10861 (type: js). Keeping existing file to prevent 404.
[07-Sep-2026 18:14:07 UTC] Spectra: CSS/JS generation returned empty for post 20440 (type: js). Keeping existing file to prevent 404.
[07-Sep-2026 18:14:23 UTC] Spectra: CSS/JS generation returned empty for post 24191 (type: js). Keeping existing file to prevent 404.
[07-Sep-2026 18:14:40 UTC] Spectra: CSS/JS generation returned empty for post 24529 (type: js). Keeping existing file to prevent 404.
[07-Sep-2026 18:15:42 UTC] Spectra: CSS/JS generation returned empty for post 24184 (type: js). Keeping existing file to prevent 404.
[07-Sep-2026 18:16:43 UTC] Spectra: CSS/JS generation returned empty for post 11877 (type: js). Keeping existing file to prevent 404.
[07-Sep-2026 18:19:55 UTC] Spectra: CSS/JS generation returned empty for post 20440 (type: js). Keeping existing file to prevent 404.
[07-Sep-2026 18:21:03 UTC] Spectra: CSS/JS generation returned empty for post 20421 (type: js). Keeping existing file to prevent 404.
[07-Sep-2026 18:21:09 UTC] Spectra: CSS/JS generation returned empty for post 19169 (type: js). Keeping existing file to prevent 404.
[07-Sep-2026 18:21:09 UTC] Spectra: CSS/JS generation returned empty for post 19169 (type: js). Keeping existing file to prevent 404.
[07-Sep-2026 18:25:58 UTC] Spectra: CSS/JS generation returned empty for post 23294 (type: js). Keeping existing file to prevent 404.
[07-Sep-2026 18:26:38 UTC] Spectra: CSS/JS generation returned empty for post 11033 (type: js). Keeping existing file to prevent 404.
[07-Sep-2026 18:30:17 UTC] Spectra: CSS/JS generation returned empty for post 19169 (type: js). Keeping existing file to prevent 404.
[07-Sep-2026 18:30:24 UTC] Spectra: CSS/JS generation returned empty for post 19169 (type: js). Keeping existing file to prevent 404.
[07-Sep-2026 18:33:13 UTC] Spectra: CSS/JS generation returned empty for post 21327 (type: js). Keeping existing file to prevent 404.
[07-Sep-2026 18:34:30 UTC] Spectra: CSS/JS generation returned empty for post 11033 (type: js). Keeping existing file to prevent 404.
[07-Sep-2026 18:34:31 UTC] Spectra: CSS/JS generation returned empty for post 19123 (type: js). Keeping existing file to prevent 404.
[07-Sep-2026 18:34:37 UTC] Spectra: CSS/JS generation returned empty for post 7745 (type: js). Keeping existing file to prevent 404.
[07-Sep-2026 18:34:39 UTC] Spectra: CSS/JS generation returned empty for post 7731 (type: js). Keeping existing file to prevent 404.
[07-Sep-2026 18:34:42 UTC] Spectra: CSS/JS generation returned empty for post 11033 (type: js). Keeping existing file to prevent 404.
[07-Sep-2026 18:34:43 UTC] Spectra: CSS/JS generation returned empty for post 19123 (type: js). Keeping existing file to prevent 404.
[07-Sep-2026 18:36:06 UTC] Spectra: CSS/JS generation returned empty for post 19169 (type: js). Keeping existing file to prevent 404.
[07-Sep-2026 18:37:01 UTC] Spectra: CSS/JS generation returned empty for post 11033 (type: js). Keeping existing file to prevent 404.
[07-Sep-2026 18:37:03 UTC] Spectra: CSS/JS generation returned empty for post 19123 (type: js). Keeping existing file to prevent 404.
[07-Sep-2026 18:37:07 UTC] Spectra: CSS/JS generation returned empty for post 7745 (type: js). Keeping existing file to prevent 404.
[07-Sep-2026 18:37:08 UTC] Spectra: CSS/JS generation returned empty for post 7731 (type: js). Keeping existing file to prevent 404.
[07-Sep-2026 18:37:10 UTC] Spectra: CSS/JS generation returned empty for post 11033 (type: js). Keeping existing file to prevent 404.
[07-Sep-2026 18:37:11 UTC] Spectra: CSS/JS generation returned empty for post 19123 (type: js). Keeping existing file to prevent 404.
[07-Sep-2026 18:37:56 UTC] Spectra: CSS/JS generation returned empty for post 19169 (type: js). Keeping existing file to prevent 404.
[07-Sep-2026 18:39:44 UTC] WordPress database error You have an error in your SQL syntax; check the manual that corresponds to your MariaDB server version for the right syntax to use near 'AND umt.meta_value NOT LIKE '%Contributor%' AND umt.meta_value NOT LIKE '%Sub...' at line 11 for query 
		SELECT u.ID, umt1.meta_value as last_update
		FROM wp_users as u
		    LEFT JOIN wp_usermeta AS um ON ( u.ID = um.user_id AND um.meta_key = 'rank_math_robots' )
		    LEFT JOIN wp_usermeta AS umt ON ( u.ID = umt.user_id AND umt.meta_key = 'wp_capabilities' )
		    LEFT JOIN wp_usermeta AS umt1 ON ( u.ID = umt1.user_id AND umt1.meta_key = 'last_update' )
		    WHERE ( (
		 		( um.meta_key = 'rank_math_robots' AND um.meta_value NOT LIKE '%noindex%' )
		 		OR um.user_id IS NULL
			)
			AND (  umt1.meta_key = 'last_update' OR umt1.user_id IS NULL )
			AND ( umt.meta_key ='wp_capabilities' AND (  AND umt.meta_value NOT LIKE '%Contributor%' AND umt.meta_value NOT LIKE '%Subscriber%' ) ) )
		    AND u.ID IN (
			SELECT post_author
			FROM wp_posts as p
			WHERE p.post_status = 'publish' AND p.post_password = ''
			
		)
		ORDER BY umt1.meta_value DESC
		  made by require('wp-blog-header.php'), wp, WP->main, WP->query_posts, WP_Query->query, WP_Query->get_posts, WP_Query->parse_query, do_action_ref_array('parse_query'), WP_Hook->do_action, WP_Hook->apply_filters, RankMath\Sitemap\Router->request_sitemap, RankMath\Sitemap\Sitemap_XML->__construct, RankMath\Sitemap\Sitemap_XML->output, RankMath\Sitemap\Sitemap_XML->has_sitemap_in_cache, RankMath\Sitemap\Sitemap_XML->build_sitemap, RankMath\Sitemap\Generator->get_output, RankMath\Sitemap\Generator->build_sitemap, RankMath\Sitemap\Generator->build_root_map, RankMath\Sitemap\Providers\Author->get_index_links, RankMath\Sitemap\Providers\Author->get_index_users, RankMath\Helpers\DB::get_results, RankMath\Admin\Database\Query_Builder->get_results, RankMath\Admin\Database\Query_Builder->run
[07-Sep-2026 18:41:24 UTC] Spectra: CSS/JS generation returned empty for post 13972 (type: js). Keeping existing file to prevent 404.
[07-Sep-2026 18:41:27 UTC] PHP Deprecated:  Function utf8_decode() is deprecated in /home/u434629889/domains/faisaltown.org/public_html/wp-content/plugins/elementor-pro/modules/screenshots/module.php on line 33
[07-Sep-2026 18:41:44 UTC] PHP Warning:  mysqli_real_connect(): (HY000/2002): Operation not permitted in /home/u434629889/domains/faisaltown.org/public_html/wp-includes/class-wpdb.php on line 1990
[07-Sep-2026 18:41:44 UTC] PHP Warning:  mysqli_real_connect(): (HY000/2002): Operation not permitted in /home/u434629889/domains/faisaltown.org/public_html/wp-includes/class-wpdb.php on line 1990
[07-Sep-2026 18:41:44 UTC] PHP Warning:  mysqli_real_connect(): (HY000/2002): Operation not permitted in /home/u434629889/domains/faisaltown.org/public_html/wp-includes/class-wpdb.php on line 1990
[07-Sep-2026 18:41:44 UTC] PHP Warning:  mysqli_real_connect(): (HY000/2002): Operation not permitted in /home/u434629889/domains/faisaltown.org/public_html/wp-includes/class-wpdb.php on line 1990
[07-Sep-2026 18:41:44 UTC] PHP Warning:  mysqli_real_connect(): (HY000/2002): Operation not permitted in /home/u434629889/domains/faisaltown.org/public_html/wp-includes/class-wpdb.php on line 1990
[07-Sep-2026 18:41:44 UTC] PHP Warning:  mysqli_real_connect(): (HY000/2002): Operation not permitted in /home/u434629889/domains/faisaltown.org/public_html/wp-includes/class-wpdb.php on line 1990
[07-Sep-2026 18:41:44 UTC] PHP Warning:  mysqli_real_connect(): (HY000/2002): Operation not permitted in /home/u434629889/domains/faisaltown.org/public_html/wp-includes/class-wpdb.php on line 1990
[07-Sep-2026 18:41:44 UTC] PHP Warning:  mysqli_real_connect(): (HY000/2002): Operation not permitted in /home/u434629889/domains/faisaltown.org/public_html/wp-includes/class-wpdb.php on line 1990
[07-Sep-2026 18:41:44 UTC] PHP Warning:  mysqli_real_connect(): (HY000/2002): Operation not permitted in /home/u434629889/domains/faisaltown.org/public_html/wp-includes/class-wpdb.php on line 1990
[07-Sep-2026 18:41:44 UTC] PHP Warning:  mysqli_real_connect(): (HY000/2002): Operation not permitted in /home/u434629889/domains/faisaltown.org/public_html/wp-includes/class-wpdb.php on line 1990
[07-Sep-2026 18:41:44 UTC] PHP Warning:  mysqli_real_connect(): (HY000/2002): Operation not permitted in /home/u434629889/domains/faisaltown.org/public_html/wp-includes/class-wpdb.php on line 1990
[07-Sep-2026 18:41:44 UTC] PHP Warning:  mysqli_real_connect(): (HY000/2002): Operation not permitted in /home/u434629889/domains/faisaltown.org/public_html/wp-includes/class-wpdb.php on line 1990
[07-Sep-2026 18:41:44 UTC] PHP Warning:  mysqli_real_connect(): (HY000/2002): Operation not permitted in /home/u434629889/domains/faisaltown.org/public_html/wp-includes/class-wpdb.php on line 1990
[07-Sep-2026 18:41:44 UTC] PHP Warning:  mysqli_real_connect(): (HY000/2002): Operation not permitted in /home/u434629889/domains/faisaltown.org/public_html/wp-includes/class-wpdb.php on line 1990
[07-Sep-2026 18:41:44 UTC] PHP Warning:  mysqli_real_connect(): (HY000/2002): Operation not permitted in /home/u434629889/domains/faisaltown.org/public_html/wp-includes/class-wpdb.php on line 1990
[07-Sep-2026 18:41:44 UTC] PHP Warning:  mysqli_real_connect(): (HY000/2002): Operation not permitted in /home/u434629889/domains/faisaltown.org/public_html/wp-includes/class-wpdb.php on line 1990
[07-Sep-2026 18:41:44 UTC] PHP Warning:  mysqli_real_connect(): (HY000/2002): Operation not permitted in /home/u434629889/domains/faisaltown.org/public_html/wp-includes/class-wpdb.php on line 1990
[07-Sep-2026 18:41:44 UTC] PHP Warning:  mysqli_real_connect(): (HY000/2002): Operation not permitted in /home/u434629889/domains/faisaltown.org/public_html/wp-includes/class-wpdb.php on line 1990
[07-Sep-2026 18:41:44 UTC] PHP Warning:  mysqli_real_connect(): (HY000/2002): Operation not permitted in /home/u434629889/domains/faisaltown.org/public_html/wp-includes/class-wpdb.php on line 1990
[07-Sep-2026 18:41:44 UTC] PHP Warning:  mysqli_real_connect(): (HY000/2002): Operation not permitted in /home/u434629889/domains/faisaltown.org/public_html/wp-includes/class-wpdb.php on line 1990
[07-Sep-2026 18:41:44 UTC] PHP Warning:  mysqli_real_connect(): (HY000/2002): Operation not permitted in /home/u434629889/domains/faisaltown.org/public_html/wp-includes/class-wpdb.php on line 1990
[07-Sep-2026 18:41:44 UTC] PHP Warning:  mysqli_real_connect(): (HY000/2002): Operation not permitted in /home/u434629889/domains/faisaltown.org/public_html/wp-includes/class-wpdb.php on line 1990
[07-Sep-2026 18:41:44 UTC] PHP Warning:  mysqli_real_connect(): (HY000/2002): Operation not permitted in /home/u434629889/domains/faisaltown.org/public_html/wp-includes/class-wpdb.php on line 1990
[07-Sep-2026 18:41:44 UTC] PHP Warning:  mysqli_real_connect(): (HY000/2002): Operation not permitted in /home/u434629889/domains/faisaltown.org/public_html/wp-includes/class-wpdb.php on line 1990
[07-Sep-2026 18:41:44 UTC] PHP Warning:  mysqli_real_connect(): (HY000/2002): Operation not permitted in /home/u434629889/domains/faisaltown.org/public_html/wp-includes/class-wpdb.php on line 1990
[07-Sep-2026 18:41:44 UTC] PHP Warning:  mysqli_real_connect(): (HY000/2002): Operation not permitted in /home/u434629889/domains/faisaltown.org/public_html/wp-includes/class-wpdb.php on line 1990
[07-Sep-2026 18:41:44 UTC] PHP Warning:  mysqli_real_connect(): (HY000/2002): Operation not permitted in /home/u434629889/domains/faisaltown.org/public_html/wp-includes/class-wpdb.php on line 1990
[07-Sep-2026 18:41:44 UTC] PHP Warning:  mysqli_real_connect(): (HY000/2002): Operation not permitted in /home/u434629889/domains/faisaltown.org/public_html/wp-includes/class-wpdb.php on line 1990
[07-Sep-2026 18:41:44 UTC] PHP Warning:  mysqli_real_connect(): (HY000/2002): Operation not permitted in /home/u434629889/domains/faisaltown.org/public_html/wp-includes/class-wpdb.php on line 1990
[07-Sep-2026 18:41:44 UTC] PHP Warning:  mysqli_real_connect(): (HY000/2002): Operation not permitted in /home/u434629889/domains/faisaltown.org/public_html/wp-includes/class-wpdb.php on line 1990
[07-Sep-2026 18:41:44 UTC] PHP Warning:  mysqli_real_connect(): (HY000/2002): Operation not permitted in /home/u434629889/domains/faisaltown.org/public_html/wp-includes/class-wpdb.php on line 1990
[07-Sep-2026 18:41:44 UTC] PHP Warning:  mysqli_real_connect(): (HY000/2002): Operation not permitted in /home/u434629889/domains/faisaltown.org/public_html/wp-includes/class-wpdb.php on line 1990
[07-Sep-2026 18:41:44 UTC] PHP Warning:  mysqli_real_connect(): (HY000/2002): Operation not permitted in /home/u434629889/domains/faisaltown.org/public_html/wp-includes/class-wpdb.php on line 1990
[07-Sep-2026 18:41:44 UTC] PHP Warning:  mysqli_real_connect(): (HY000/2002): Operation not permitted in /home/u434629889/domains/faisaltown.org/public_html/wp-includes/class-wpdb.php on line 1990
[07-Sep-2026 18:41:44 UTC] PHP Warning:  mysqli_real_connect(): (HY000/2002): Operation not permitted in /home/u434629889/domains/faisaltown.org/public_html/wp-includes/class-wpdb.php on line 1990
[07-Sep-2026 18:41:44 UTC] PHP Warning:  mysqli_real_connect(): (HY000/2002): Operation not permitted in /home/u434629889/domains/faisaltown.org/public_html/wp-includes/class-wpdb.php on line 1990
[07-Sep-2026 18:41:44 UTC] PHP Warning:  mysqli_real_connect(): (HY000/2002): Operation not permitted in /home/u434629889/domains/faisaltown.org/public_html/wp-includes/class-wpdb.php on line 1990
[07-Sep-2026 18:41:45 UTC] PHP Warning:  mysqli_real_connect(): (HY000/2002): Operation not permitted in /home/u434629889/domains/faisaltown.org/public_html/wp-includes/class-wpdb.php on line 1990
[07-Sep-2026 18:41:45 UTC] PHP Warning:  mysqli_real_connect(): (HY000/2002): Operation not permitted in /home/u434629889/domains/faisaltown.org/public_html/wp-includes/class-wpdb.php on line 1990
[07-Sep-2026 18:41:45 UTC] PHP Warning:  mysqli_real_connect(): (HY000/2002): Operation not permitted in /home/u434629889/domains/faisaltown.org/public_html/wp-includes/class-wpdb.php on line 1990
[07-Sep-2026 18:41:45 UTC] PHP Warning:  mysqli_real_connect(): (HY000/2002): Operation not permitted in /home/u434629889/domains/faisaltown.org/public_html/wp-includes/class-wpdb.php on line 1990
[07-Sep-2026 18:41:45 UTC] PHP Warning:  mysqli_real_connect(): (HY000/2002): Operation not permitted in /home/u434629889/domains/faisaltown.org/public_html/wp-includes/class-wpdb.php on line 1990
[07-Sep-2026 18:41:45 UTC] PHP Warning:  mysqli_real_connect(): (HY000/2002): Operation not permitted in /home/u434629889/domains/faisaltown.org/public_html/wp-includes/class-wpdb.php on line 1990
[07-Sep-2026 18:41:45 UTC] PHP Warning:  mysqli_real_connect(): (HY000/2002): Operation not permitted in /home/u434629889/domains/faisaltown.org/public_html/wp-includes/class-wpdb.php on line 1990
[07-Sep-2026 18:41:45 UTC] PHP Warning:  mysqli_real_connect(): (HY000/2002): Operation not permitted in /home/u434629889/domains/faisaltown.org/public_html/wp-includes/class-wpdb.php on line 1990
[07-Sep-2026 18:41:45 UTC] PHP Warning:  mysqli_real_connect(): (HY000/2002): Operation not permitted in /home/u434629889/domains/faisaltown.org/public_html/wp-includes/class-wpdb.php on line 1990
[07-Sep-2026 18:41:45 UTC] PHP Warning:  mysqli_real_connect(): (HY000/2002): Operation not permitted in /home/u434629889/domains/faisaltown.org/public_html/wp-includes/class-wpdb.php on line 1990
[07-Sep-2026 18:41:46 UTC] PHP Warning:  mysqli_real_connect(): (HY000/2002): Operation not permitted in /home/u434629889/domains/faisaltown.org/public_html/wp-includes/class-wpdb.php on line 1990
[07-Sep-2026 18:41:46 UTC] PHP Warning:  mysqli_real_connect(): (HY000/2002): Operation not permitted in /home/u434629889/domains/faisaltown.org/public_html/wp-includes/class-wpdb.php on line 1990
[07-Sep-2026 18:41:46 UTC] PHP Warning:  mysqli_real_connect(): (HY000/2002): Operation not permitted in /home/u434629889/domains/faisaltown.org/public_html/wp-includes/class-wpdb.php on line 1990
[07-Sep-2026 18:41:46 UTC] PHP Warning:  mysqli_real_connect(): (HY000/2002): Operation not permitted in /home/u434629889/domains/faisaltown.org/public_html/wp-includes/class-wpdb.php on line 1990
[07-Sep-2026 18:41:46 UTC] PHP Warning:  mysqli_real_connect(): (HY000/2002): Operation not permitted in /home/u434629889/domains/faisaltown.org/public_html/wp-includes/class-wpdb.php on line 1990
[07-Sep-2026 18:41:46 UTC] PHP Warning:  mysqli_real_connect(): (HY000/2002): Operation not permitted in /home/u434629889/domains/faisaltown.org/public_html/wp-includes/class-wpdb.php on line 1990
[07-Sep-2026 18:41:46 UTC] PHP Warning:  mysqli_real_connect(): (HY000/2002): Operation not permitted in /home/u434629889/domains/faisaltown.org/public_html/wp-includes/class-wpdb.php on line 1990
[07-Sep-2026 18:41:47 UTC] PHP Warning:  mysqli_real_connect(): (HY000/2002): Operation not permitted in /home/u434629889/domains/faisaltown.org/public_html/wp-includes/class-wpdb.php on line 1990
[07-Sep-2026 18:41:47 UTC] PHP Warning:  mysqli_real_connect(): (HY000/2002): Operation not permitted in /home/u434629889/domains/faisaltown.org/public_html/wp-includes/class-wpdb.php on line 1990
[07-Sep-2026 18:41:47 UTC] PHP Warning:  mysqli_real_connect(): (HY000/2002): Operation not permitted in /home/u434629889/domains/faisaltown.org/public_html/wp-includes/class-wpdb.php on line 1990
[07-Sep-2026 18:41:47 UTC] PHP Warning:  mysqli_real_connect(): (HY000/2002): Operation not permitted in /home/u434629889/domains/faisaltown.org/public_html/wp-includes/class-wpdb.php on line 1990
[07-Sep-2026 18:41:47 UTC] PHP Warning:  mysqli_real_connect(): (HY000/2002): Operation not permitted in /home/u434629889/domains/faisaltown.org/public_html/wp-includes/class-wpdb.php on line 1990
[07-Sep-2026 18:41:47 UTC] PHP Warning:  mysqli_real_connect(): (HY000/2002): Operation not permitted in /home/u434629889/domains/faisaltown.org/public_html/wp-includes/class-wpdb.php on line 1990
[07-Sep-2026 18:41:47 UTC] PHP Warning:  mysqli_real_connect(): (HY000/2002): Operation not permitted in /home/u434629889/domains/faisaltown.org/public_html/wp-includes/class-wpdb.php on line 1990
[07-Sep-2026 18:41:47 UTC] PHP Warning:  mysqli_real_connect(): (HY000/2002): Operation not permitted in /home/u434629889/domains/faisaltown.org/public_html/wp-includes/class-wpdb.php on line 1990
[07-Sep-2026 18:41:47 UTC] PHP Warning:  mysqli_real_connect(): (HY000/2002): Operation not permitted in /home/u434629889/domains/faisaltown.org/public_html/wp-includes/class-wpdb.php on line 1990
[07-Sep-2026 18:41:47 UTC] PHP Warning:  mysqli_real_connect(): (HY000/2002): Operation not permitted in /home/u434629889/domains/faisaltown.org/public_html/wp-includes/class-wpdb.php on line 1990
[07-Sep-2026 18:41:47 UTC] PHP Warning:  mysqli_real_connect(): (HY000/2002): Operation not permitted in /home/u434629889/domains/faisaltown.org/public_html/wp-includes/class-wpdb.php on line 1990
[07-Sep-2026 18:41:47 UTC] PHP Warning:  mysqli_real_connect(): (HY000/2002): Operation not permitted in /home/u434629889/domains/faisaltown.org/public_html/wp-includes/class-wpdb.php on line 1990
[07-Sep-2026 18:41:48 UTC] PHP Warning:  mysqli_real_connect(): (HY000/2002): Operation not permitted in /home/u434629889/domains/faisaltown.org/public_html/wp-includes/class-wpdb.php on line 1990
[07-Sep-2026 18:41:49 UTC] PHP Warning:  mysqli_real_connect(): (HY000/2002): Operation not permitted in /home/u434629889/domains/faisaltown.org/public_html/wp-includes/class-wpdb.php on line 1990
[07-Sep-2026 18:41:49 UTC] PHP Warning:  mysqli_real_connect(): (HY000/2002): Operation not permitted in /home/u434629889/domains/faisaltown.org/public_html/wp-includes/class-wpdb.php on line 1990
[07-Sep-2026 18:41:49 UTC] PHP Warning:  mysqli_real_connect(): (HY000/2002): Operation not permitted in /home/u434629889/domains/faisaltown.org/public_html/wp-includes/class-wpdb.php on line 1990
[07-Sep-2026 18:41:49 UTC] PHP Warning:  mysqli_real_connect(): (HY000/2002): Operation not permitted in /home/u434629889/domains/faisaltown.org/public_html/wp-includes/class-wpdb.php on line 1990
[07-Sep-2026 18:41:49 UTC] PHP Warning:  mysqli_real_connect(): (HY000/2002): Operation not permitted in /home/u434629889/domains/faisaltown.org/public_html/wp-includes/class-wpdb.php on line 1990
[07-Sep-2026 18:41:49 UTC] PHP Warning:  mysqli_real_connect(): (HY000/2002): Operation not permitted in /home/u434629889/domains/faisaltown.org/public_html/wp-includes/class-wpdb.php on line 1990
[07-Sep-2026 18:41:49 UTC] PHP Warning:  mysqli_real_connect(): (HY000/2002): Operation not permitted in /home/u434629889/domains/faisaltown.org/public_html/wp-includes/class-wpdb.php on line 1990
[07-Sep-2026 18:41:49 UTC] PHP Warning:  mysqli_real_connect(): (HY000/2002): Operation not permitted in /home/u434629889/domains/faisaltown.org/public_html/wp-includes/class-wpdb.php on line 1990
[07-Sep-2026 18:41:49 UTC] PHP Warning:  mysqli_real_connect(): (HY000/2002): Operation not permitted in /home/u434629889/domains/faisaltown.org/public_html/wp-includes/class-wpdb.php on line 1990
[07-Sep-2026 18:41:50 UTC] PHP Warning:  mysqli_real_connect(): (HY000/2002): Operation not permitted in /home/u434629889/domains/faisaltown.org/public_html/wp-includes/class-wpdb.php on line 1990
[07-Sep-2026 18:41:50 UTC] PHP Warning:  mysqli_real_connect(): (HY000/2002): Operation not permitted in /home/u434629889/domains/faisaltown.org/public_html/wp-includes/class-wpdb.php on line 1990
[07-Sep-2026 18:41:51 UTC] PHP Warning:  mysqli_real_connect(): (HY000/2002): Operation not permitted in /home/u434629889/domains/faisaltown.org/public_html/wp-includes/class-wpdb.php on line 1990
[07-Sep-2026 18:42:31 UTC] Spectra: CSS/JS generation returned empty for post 18413 (type: js). Keeping existing file to prevent 404.
[07-Sep-2026 18:42:43 UTC] Spectra: CSS/JS generation returned empty for post 17486 (type: js). Keeping existing file to prevent 404.
[07-Sep-2026 18:43:10 UTC] Spectra: CSS/JS generation returned empty for post 7037 (type: js). Keeping existing file to prevent 404.
[07-Sep-2026 18:43:58 UTC] Spectra: CSS/JS generation returned empty for post 1 (type: js). Keeping existing file to prevent 404.
[07-Sep-2026 18:44:05 UTC] Spectra: CSS/JS generation returned empty for post 28452 (type: js). Keeping existing file to prevent 404.
[07-Sep-2026 18:44:54 UTC] Spectra: CSS/JS generation returned empty for post 11033 (type: js). Keeping existing file to prevent 404.
[07-Sep-2026 18:46:52 UTC] Spectra: CSS/JS generation returned empty for post 10215 (type: js). Keeping existing file to prevent 404.
[07-Sep-2026 18:48:02 UTC] Spectra: CSS/JS generation returned empty for post 26866 (type: js). Keeping existing file to prevent 404.
[07-Sep-2026 18:48:32 UTC] Spectra: CSS/JS generation returned empty for post 19169 (type: js). Keeping existing file to prevent 404.
[07-Sep-2026 18:48:57 UTC] Spectra: CSS/JS generation returned empty for post 20405 (type: js). Keeping existing file to prevent 404.
[07-Sep-2026 18:48:57 UTC] Spectra: CSS/JS generation returned empty for post 28528 (type: js). Keeping existing file to prevent 404.
[07-Sep-2026 18:49:00 UTC] Spectra: CSS/JS generation returned empty for post 7731 (type: js). Keeping existing file to prevent 404.
[07-Sep-2026 18:49:22 UTC] Spectra: CSS/JS generation returned empty for post 19169 (type: js). Keeping existing file to prevent 404.
[07-Sep-2026 18:52:55 UTC] Spectra: CSS/JS generation returned empty for post 23481 (type: js). Keeping existing file to prevent 404.
[07-Sep-2026 18:53:38 UTC] WordPress database error You have an error in your SQL syntax; check the manual that corresponds to your MariaDB server version for the right syntax to use near 'AND umt.meta_value NOT LIKE '%Contributor%' AND umt.meta_value NOT LIKE '%Sub...' at line 11 for query 
		SELECT u.ID, umt1.meta_value as last_update
		FROM wp_users as u
		    LEFT JOIN wp_usermeta AS um ON ( u.ID = um.user_id AND um.meta_key = 'rank_math_robots' )
		    LEFT JOIN wp_usermeta AS umt ON ( u.ID = umt.user_id AND umt.meta_key = 'wp_capabilities' )
		    LEFT JOIN wp_usermeta AS umt1 ON ( u.ID = umt1.user_id AND umt1.meta_key = 'last_update' )
		    WHERE ( (
		 		( um.meta_key = 'rank_math_robots' AND um.meta_value NOT LIKE '%noindex%' )
		 		OR um.user_id IS NULL
			)
			AND (  umt1.meta_key = 'last_update' OR umt1.user_id IS NULL )
			AND ( umt.meta_key ='wp_capabilities' AND (  AND umt.meta_value NOT LIKE '%Contributor%' AND umt.meta_value NOT LIKE '%Subscriber%' ) ) )
		    AND u.ID IN (
			SELECT post_author
			FROM wp_posts as p
			WHERE p.post_status = 'publish' AND p.post_password = ''
			
		)
		ORDER BY umt1.meta_value DESC
		  made by require('wp-blog-header.php'), wp, WP->main, WP->query_posts, WP_Query->query, WP_Query->get_posts, WP_Query->parse_query, do_action_ref_array('parse_query'), WP_Hook->do_action, WP_Hook->apply_filters, RankMath\Sitemap\Router->request_sitemap, RankMath\Sitemap\Sitemap_XML->__construct, RankMath\Sitemap\Sitemap_XML->output, RankMath\Sitemap\Sitemap_XML->has_sitemap_in_cache, RankMath\Sitemap\Sitemap_XML->build_sitemap, RankMath\Sitemap\Generator->get_output, RankMath\Sitemap\Generator->build_sitemap, RankMath\Sitemap\Generator->build_root_map, RankMath\Sitemap\Providers\Author->get_index_links, RankMath\Sitemap\Providers\Author->get_index_users, RankMath\Helpers\DB::get_results, RankMath\Admin\Database\Query_Builder->get_results, RankMath\Admin\Database\Query_Builder->run
[07-Sep-2026 18:54:45 UTC] Spectra: CSS/JS generation returned empty for post 21500 (type: js). Keeping existing file to prevent 404.
[07-Sep-2026 18:57:17 UTC] Spectra: CSS/JS generation returned empty for post 18557 (type: js). Keeping existing file to prevent 404.
[07-Sep-2026 18:57:23 UTC] Spectra: CSS/JS generation returned empty for post 7745 (type: js). Keeping existing file to prevent 404.
[07-Sep-2026 19:04:13 UTC] Spectra: CSS/JS generation returned empty for post 17048 (type: js). Keeping existing file to prevent 404.
[07-Sep-2026 19:05:58 UTC] Spectra: CSS/JS generation returned empty for post 23063 (type: js). Keeping existing file to prevent 404.
[07-Sep-2026 19:06:23 UTC] Spectra: CSS/JS generation returned empty for post 19169 (type: js). Keeping existing file to prevent 404.
[07-Sep-2026 19:14:19 UTC] Spectra: CSS/JS generation returned empty for post 21323 (type: js). Keeping existing file to prevent 404.
[07-Sep-2026 19:14:19 UTC] Spectra: CSS/JS generation returned empty for post 21327 (type: js). Keeping existing file to prevent 404.
[07-Sep-2026 19:15:51 UTC] Spectra: CSS/JS generation returned empty for post 20440 (type: js). Keeping existing file to prevent 404.
[07-Sep-2026 19:15:51 UTC] Spectra: CSS/JS generation returned empty for post 20421 (type: js). Keeping existing file to prevent 404.
[07-Sep-2026 19:15:51 UTC] Spectra: CSS/JS generation returned empty for post 20405 (type: css). Keeping existing file to prevent 404.
[07-Sep-2026 19:15:51 UTC] Spectra: CSS/JS generation returned empty for post 20405 (type: js). Keeping existing file to prevent 404.
[07-Sep-2026 19:15:51 UTC] Spectra: CSS/JS generation returned empty for post 20371 (type: js). Keeping existing file to prevent 404.
[07-Sep-2026 19:19:05 UTC] Spectra: CSS/JS generation returned empty for post 11033 (type: js). Keeping existing file to prevent 404.
[07-Sep-2026 19:19:07 UTC] Spectra: CSS/JS generation returned empty for post 19123 (type: js). Keeping existing file to prevent 404.
[07-Sep-2026 19:19:09 UTC] Spectra: CSS/JS generation returned empty for post 28452 (type: js). Keeping existing file to prevent 404.
[07-Sep-2026 19:19:12 UTC] Spectra: CSS/JS generation returned empty for post 7745 (type: js). Keeping existing file to prevent 404.
[07-Sep-2026 19:19:13 UTC] Spectra: CSS/JS generation returned empty for post 19169 (type: js). Keeping existing file to prevent 404.
[07-Sep-2026 19:19:13 UTC] Spectra: CSS/JS generation returned empty for post 7731 (type: js). Keeping existing file to prevent 404.
[07-Sep-2026 19:19:16 UTC] Spectra: CSS/JS generation returned empty for post 11033 (type: js). Keeping existing file to prevent 404.
[07-Sep-2026 19:20:32 UTC] Spectra: CSS/JS generation returned empty for post 28452 (type: js). Keeping existing file to prevent 404.
[07-Sep-2026 19:20:36 UTC] Spectra: CSS/JS generation returned empty for post 19169 (type: js). Keeping existing file to prevent 404.
[07-Sep-2026 19:22:54 UTC] Spectra: CSS/JS generation returned empty for post 11033 (type: js). Keeping existing file to prevent 404.
[07-Sep-2026 19:22:56 UTC] Spectra: CSS/JS generation returned empty for post 19123 (type: js). Keeping existing file to prevent 404.
[07-Sep-2026 19:23:00 UTC] Spectra: CSS/JS generation returned empty for post 7745 (type: js). Keeping existing file to prevent 404.
[07-Sep-2026 19:23:01 UTC] Spectra: CSS/JS generation returned empty for post 7731 (type: js). Keeping existing file to prevent 404.
[07-Sep-2026 19:23:05 UTC] Spectra: CSS/JS generation returned empty for post 28452 (type: js). Keeping existing file to prevent 404.
[07-Sep-2026 19:23:17 UTC] Spectra: CSS/JS generation returned empty for post 28452 (type: js). Keeping existing file to prevent 404.
[07-Sep-2026 19:23:20 UTC] Spectra: CSS/JS generation returned empty for post 19169 (type: js). Keeping existing file to prevent 404.
[07-Sep-2026 19:23:40 UTC] Spectra: CSS/JS generation returned empty for post 24568 (type: js). Keeping existing file to prevent 404.
[07-Sep-2026 19:24:01 UTC] Spectra: CSS/JS generation returned empty for post 11033 (type: js). Keeping existing file to prevent 404.
[07-Sep-2026 19:24:03 UTC] Spectra: CSS/JS generation returned empty for post 19123 (type: js). Keeping existing file to prevent 404.
[07-Sep-2026 19:24:06 UTC] Spectra: CSS/JS generation returned empty for post 7745 (type: js). Keeping existing file to prevent 404.
[07-Sep-2026 19:24:07 UTC] Spectra: CSS/JS generation returned empty for post 7731 (type: js). Keeping existing file to prevent 404.
[07-Sep-2026 19:25:14 UTC] WordPress database error You have an error in your SQL syntax; check the manual that corresponds to your MariaDB server version for the right syntax to use near 'AND umt.meta_value NOT LIKE '%Contributor%' AND umt.meta_value NOT LIKE '%Sub...' at line 11 for query 
		SELECT u.ID, umt1.meta_value as last_update
		FROM wp_users as u
		    LEFT JOIN wp_usermeta AS um ON ( u.ID = um.user_id AND um.meta_key = 'rank_math_robots' )
		    LEFT JOIN wp_usermeta AS umt ON ( u.ID = umt.user_id AND umt.meta_key = 'wp_capabilities' )
		    LEFT JOIN wp_usermeta AS umt1 ON ( u.ID = umt1.user_id AND umt1.meta_key = 'last_update' )
		    WHERE ( (
		 		( um.meta_key = 'rank_math_robots' AND um.meta_value NOT LIKE '%noindex%' )
		 		OR um.user_id IS NULL
			)
			AND (  umt1.meta_key = 'last_update' OR umt1.user_id IS NULL )
			AND ( umt.meta_key ='wp_capabilities' AND (  AND umt.meta_value NOT LIKE '%Contributor%' AND umt.meta_value NOT LIKE '%Subscriber%' ) ) )
		    AND u.ID IN (
			SELECT post_author
			FROM wp_posts as p
			WHERE p.post_status = 'publish' AND p.post_password = ''
			
		)
		ORDER BY umt1.meta_value DESC
		  made by require('wp-blog-header.php'), wp, WP->main, WP->query_posts, WP_Query->query, WP_Query->get_posts, WP_Query->parse_query, do_action_ref_array('parse_query'), WP_Hook->do_action, WP_Hook->apply_filters, RankMath\Sitemap\Router->request_sitemap, RankMath\Sitemap\Sitemap_XML->__construct, RankMath\Sitemap\Sitemap_XML->output, RankMath\Sitemap\Sitemap_XML->has_sitemap_in_cache, RankMath\Sitemap\Sitemap_XML->build_sitemap, RankMath\Sitemap\Generator->get_output, RankMath\Sitemap\Generator->build_sitemap, RankMath\Sitemap\Generator->build_root_map, RankMath\Sitemap\Providers\Author->get_index_links, RankMath\Sitemap\Providers\Author->get_index_users, RankMath\Helpers\DB::get_results, RankMath\Admin\Database\Query_Builder->get_results, RankMath\Admin\Database\Query_Builder->run
[07-Sep-2026 19:25:29 UTC] Spectra: CSS/JS generation returned empty for post 21327 (type: js). Keeping existing file to prevent 404.
[07-Sep-2026 19:28:28 UTC] Spectra: CSS/JS generation returned empty for post 28452 (type: js). Keeping existing file to prevent 404.
[07-Sep-2026 19:30:43 UTC] Spectra: CSS/JS generation returned empty for post 22860 (type: js). Keeping existing file to prevent 404.
[07-Sep-2026 19:31:03 UTC] Spectra: CSS/JS generation returned empty for post 28528 (type: js). Keeping existing file to prevent 404.
[07-Sep-2026 19:31:16 UTC] Spectra: CSS/JS generation returned empty for post 18413 (type: js). Keeping existing file to prevent 404.
[07-Sep-2026 19:34:09 UTC] Spectra: CSS/JS generation returned empty for post 21336 (type: js). Keeping existing file to prevent 404.
[07-Sep-2026 19:35:01 UTC] Spectra: CSS/JS generation returned empty for post 28452 (type: js). Keeping existing file to prevent 404.
[07-Sep-2026 19:35:01 UTC] Spectra: CSS/JS generation returned empty for post 21494 (type: js). Keeping existing file to prevent 404.
[07-Sep-2026 19:38:16 UTC] Spectra: CSS/JS generation returned empty for post 7037 (type: js). Keeping existing file to prevent 404.
[07-Sep-2026 19:38:18 UTC] Spectra: CSS/JS generation returned empty for post 18494 (type: js). Keeping existing file to prevent 404.
[07-Sep-2026 19:38:20 UTC] Spectra: CSS/JS generation returned empty for post 8209 (type: js). Keeping existing file to prevent 404.
[07-Sep-2026 19:38:21 UTC] Spectra: CSS/JS generation returned empty for post 23294 (type: js). Keeping existing file to prevent 404.
[07-Sep-2026 19:38:23 UTC] Spectra: CSS/JS generation returned empty for post 19123 (type: js). Keeping existing file to prevent 404.
[07-Sep-2026 19:38:25 UTC] Spectra: CSS/JS generation returned empty for post 7037 (type: js). Keeping existing file to prevent 404.
[07-Sep-2026 19:38:25 UTC] Spectra: CSS/JS generation returned empty for post 23061 (type: js). Keeping existing file to prevent 404.
[07-Sep-2026 19:38:43 UTC] Spectra: CSS/JS generation returned empty for post 17048 (type: js). Keeping existing file to prevent 404.
[07-Sep-2026 19:40:58 UTC] Spectra: CSS/JS generation returned empty for post 11033 (type: js). Keeping existing file to prevent 404.
[07-Sep-2026 19:42:20 UTC] Spectra: CSS/JS generation returned empty for post 10215 (type: js). Keeping existing file to prevent 404.
[07-Sep-2026 19:44:41 UTC] WordPress database error You have an error in your SQL syntax; check the manual that corresponds to your MariaDB server version for the right syntax to use near 'AND umt.meta_value NOT LIKE '%Contributor%' AND umt.meta_value NOT LIKE '%Sub...' at line 11 for query 
		SELECT u.ID, umt1.meta_value as last_update
		FROM wp_users as u
		    LEFT JOIN wp_usermeta AS um ON ( u.ID = um.user_id AND um.meta_key = 'rank_math_robots' )
		    LEFT JOIN wp_usermeta AS umt ON ( u.ID = umt.user_id AND umt.meta_key = 'wp_capabilities' )
		    LEFT JOIN wp_usermeta AS umt1 ON ( u.ID = umt1.user_id AND umt1.meta_key = 'last_update' )
		    WHERE ( (
		 		( um.meta_key = 'rank_math_robots' AND um.meta_value NOT LIKE '%noindex%' )
		 		OR um.user_id IS NULL
			)
			AND (  umt1.meta_key = 'last_update' OR umt1.user_id IS NULL )
			AND ( umt.meta_key ='wp_capabilities' AND (  AND umt.meta_value NOT LIKE '%Contributor%' AND umt.meta_value NOT LIKE '%Subscriber%' ) ) )
		    AND u.ID IN (
			SELECT post_author
			FROM wp_posts as p
			WHERE p.post_status = 'publish' AND p.post_password = ''
			
		)
		ORDER BY umt1.meta_value DESC
		  made by require('wp-blog-header.php'), wp, WP->main, WP->query_posts, WP_Query->query, WP_Query->get_posts, WP_Query->parse_query, do_action_ref_array('parse_query'), WP_Hook->do_action, WP_Hook->apply_filters, RankMath\Sitemap\Router->request_sitemap, RankMath\Sitemap\Sitemap_XML->__construct, RankMath\Sitemap\Sitemap_XML->output, RankMath\Sitemap\Sitemap_XML->has_sitemap_in_cache, RankMath\Sitemap\Sitemap_XML->build_sitemap, RankMath\Sitemap\Generator->get_output, RankMath\Sitemap\Generator->build_sitemap, RankMath\Sitemap\Generator->build_root_map, RankMath\Sitemap\Providers\Author->get_index_links, RankMath\Sitemap\Providers\Author->get_index_users, RankMath\Helpers\DB::get_results, RankMath\Admin\Database\Query_Builder->get_results, RankMath\Admin\Database\Query_Builder->run
[07-Sep-2026 19:51:39 UTC] Spectra: CSS/JS generation returned empty for post 28478 (type: js). Keeping existing file to prevent 404.
[07-Sep-2026 19:54:22 UTC] Spectra: CSS/JS generation returned empty for post 19169 (type: js). Keeping existing file to prevent 404.
[07-Sep-2026 19:54:22 UTC] Spectra: CSS/JS generation returned empty for post 19169 (type: js). Keeping existing file to prevent 404.
[07-Sep-2026 19:55:20 UTC] Spectra: CSS/JS generation returned empty for post 11796 (type: js). Keeping existing file to prevent 404.
[07-Sep-2026 19:55:35 UTC] Spectra: CSS/JS generation returned empty for post 13747 (type: js). Keeping existing file to prevent 404.
[07-Sep-2026 19:55:57 UTC] Spectra: CSS/JS generation returned empty for post 13755 (type: js). Keeping existing file to prevent 404.
[07-Sep-2026 19:58:23 UTC] Spectra: CSS/JS generation returned empty for post 11065 (type: js). Keeping existing file to prevent 404.
[07-Sep-2026 19:59:53 UTC] Spectra: CSS/JS generation returned empty for post 10861 (type: js). Keeping existing file to prevent 404.
[07-Sep-2026 20:00:22 UTC] Spectra: CSS/JS generation returned empty for post 10970 (type: js). Keeping existing file to prevent 404.
[07-Sep-2026 20:00:23 UTC] Spectra: CSS/JS generation returned empty for post 24552 (type: js). Keeping existing file to prevent 404.
[07-Sep-2026 20:08:23 UTC] Spectra: CSS/JS generation returned empty for post 12064 (type: js). Keeping existing file to prevent 404.
[07-Sep-2026 20:10:51 UTC] Spectra: CSS/JS generation returned empty for post 21327 (type: js). Keeping existing file to prevent 404.
[07-Sep-2026 20:10:56 UTC] Spectra: CSS/JS generation returned empty for post 20440 (type: js). Keeping existing file to prevent 404.
[07-Sep-2026 20:12:07 UTC] Spectra: CSS/JS generation returned empty for post 21336 (type: js). Keeping existing file to prevent 404.
[07-Sep-2026 20:12:17 UTC] Spectra: CSS/JS generation returned empty for post 20405 (type: js). Keeping existing file to prevent 404.
[07-Sep-2026 20:12:46 UTC] Spectra: CSS/JS generation returned empty for post 12538 (type: js). Keeping existing file to prevent 404.
[07-Sep-2026 20:13:42 UTC] Spectra: CSS/JS generation returned empty for post 21601 (type: js). Keeping existing file to prevent 404.
[07-Sep-2026 20:32:06 UTC] Spectra: CSS/JS generation returned empty for post 26199 (type: js). Keeping existing file to prevent 404.
[07-Sep-2026 20:37:37 UTC] Spectra: CSS/JS generation returned empty for post 11359 (type: js). Keeping existing file to prevent 404.
[07-Sep-2026 20:37:58 UTC] Spectra: CSS/JS generation returned empty for post 13836 (type: js). Keeping existing file to prevent 404.
[07-Sep-2026 20:49:16 UTC] Spectra: CSS/JS generation returned empty for post 28452 (type: js). Keeping existing file to prevent 404.
[07-Sep-2026 20:49:37 UTC] Spectra: CSS/JS generation returned empty for post 23044 (type: js). Keeping existing file to prevent 404.
[07-Sep-2026 20:52:58 UTC] Spectra: CSS/JS generation returned empty for post 7739 (type: js). Keeping existing file to prevent 404.
[07-Sep-2026 20:55:33 UTC] Spectra: CSS/JS generation returned empty for post 21500 (type: js). Keeping existing file to prevent 404.
[07-Sep-2026 21:02:23 UTC] Spectra: CSS/JS generation returned empty for post 28528 (type: js). Keeping existing file to prevent 404.
[07-Sep-2026 21:14:42 UTC] Spectra: CSS/JS generation returned empty for post 31454 (type: js). Keeping existing file to prevent 404.
[07-Sep-2026 21:14:57 UTC] Spectra: CSS/JS generation returned empty for post 12315 (type: js). Keeping existing file to prevent 404.
[07-Sep-2026 21:16:28 UTC] Spectra: CSS/JS generation returned empty for post 5 (type: js). Keeping existing file to prevent 404.
[07-Sep-2026 21:18:12 UTC] Spectra: CSS/JS generation returned empty for post 20636 (type: js). Keeping existing file to prevent 404.
[07-Sep-2026 21:20:18 UTC] Spectra: CSS/JS generation returned empty for post 6897 (type: js). Keeping existing file to prevent 404.
[07-Sep-2026 21:23:47 UTC] Spectra: CSS/JS generation returned empty for post 24731 (type: js). Keeping existing file to prevent 404.
[07-Sep-2026 21:23:47 UTC] Spectra: CSS/JS generation returned empty for post 24729 (type: css). Keeping existing file to prevent 404.
[07-Sep-2026 21:23:47 UTC] Spectra: CSS/JS generation returned empty for post 24729 (type: js). Keeping existing file to prevent 404.
[07-Sep-2026 21:23:47 UTC] Spectra: CSS/JS generation returned empty for post 24726 (type: js). Keeping existing file to prevent 404.
[07-Sep-2026 21:23:47 UTC] Spectra: CSS/JS generation returned empty for post 24724 (type: js). Keeping existing file to prevent 404.
[07-Sep-2026 21:28:00 UTC] Spectra: CSS/JS generation returned empty for post 11771 (type: js). Keeping existing file to prevent 404.
[07-Sep-2026 21:30:57 UTC] Spectra: CSS/JS generation returned empty for post 10273 (type: js). Keeping existing file to prevent 404.
[07-Sep-2026 21:37:09 UTC] Spectra: CSS/JS generation returned empty for post 21332 (type: js). Keeping existing file to prevent 404.
[07-Sep-2026 21:40:03 UTC] Spectra: CSS/JS generation returned empty for post 20626 (type: js). Keeping existing file to prevent 404.
[07-Sep-2026 21:47:50 UTC] Spectra: CSS/JS generation returned empty for post 11147 (type: js). Keeping existing file to prevent 404.
[07-Sep-2026 21:49:05 UTC] Spectra: CSS/JS generation returned empty for post 9895 (type: js). Keeping existing file to prevent 404.
[07-Sep-2026 21:54:38 UTC] Spectra: CSS/JS generation returned empty for post 1 (type: js). Keeping existing file to prevent 404.
[07-Sep-2026 22:04:56 UTC] Spectra: CSS/JS generation returned empty for post 11687 (type: js). Keeping existing file to prevent 404.
[07-Sep-2026 22:09:09 UTC] Spectra: CSS/JS generation returned empty for post 11563 (type: js). Keeping existing file to prevent 404.
[07-Sep-2026 22:10:35 UTC] Spectra: CSS/JS generation returned empty for post 22909 (type: js). Keeping existing file to prevent 404.
[07-Sep-2026 22:15:25 UTC] Spectra: CSS/JS generation returned empty for post 30868 (type: js). Keeping existing file to prevent 404.
[07-Sep-2026 22:15:48 UTC] Spectra: CSS/JS generation returned empty for post 24529 (type: js). Keeping existing file to prevent 404.
[07-Sep-2026 22:16:08 UTC] Spectra: CSS/JS generation returned empty for post 21323 (type: js). Keeping existing file to prevent 404.
[07-Sep-2026 22:19:05 UTC] Spectra: CSS/JS generation returned empty for post 22933 (type: js). Keeping existing file to prevent 404.
[07-Sep-2026 22:19:32 UTC] Spectra: CSS/JS generation returned empty for post 7745 (type: js). Keeping existing file to prevent 404.
[07-Sep-2026 22:20:26 UTC] Spectra: CSS/JS generation returned empty for post 23481 (type: js). Keeping existing file to prevent 404.
[07-Sep-2026 22:21:48 UTC] Spectra: CSS/JS generation returned empty for post 11499 (type: js). Keeping existing file to prevent 404.
[07-Sep-2026 22:24:18 UTC] Spectra: CSS/JS generation returned empty for post 7731 (type: js). Keeping existing file to prevent 404.
[07-Sep-2026 22:34:47 UTC] Spectra: CSS/JS generation returned empty for post 20421 (type: js). Keeping existing file to prevent 404.
[07-Sep-2026 22:56:57 UTC] Spectra: CSS/JS generation returned empty for post 21505 (type: js). Keeping existing file to prevent 404.
[07-Sep-2026 22:58:07 UTC] Spectra: CSS/JS generation returned empty for post 17374 (type: js). Keeping existing file to prevent 404.
[07-Sep-2026 23:15:47 UTC] Spectra: CSS/JS generation returned empty for post 18106 (type: js). Keeping existing file to prevent 404.
[07-Sep-2026 23:16:56 UTC] Spectra: CSS/JS generation returned empty for post 24568 (type: js). Keeping existing file to prevent 404.
[07-Sep-2026 23:17:51 UTC] Spectra: CSS/JS generation returned empty for post 17377 (type: js). Keeping existing file to prevent 404.
[07-Sep-2026 23:24:00 UTC] Spectra: CSS/JS generation returned empty for post 21604 (type: js). Keeping existing file to prevent 404.
[07-Sep-2026 23:26:46 UTC] Spectra: CSS/JS generation returned empty for post 26866 (type: js). Keeping existing file to prevent 404.
[07-Sep-2026 23:30:56 UTC] Spectra: CSS/JS generation returned empty for post 26181 (type: js). Keeping existing file to prevent 404.
[07-Sep-2026 23:43:53 UTC] Spectra: CSS/JS generation returned empty for post 31409 (type: js). Keeping existing file to prevent 404.
[07-Sep-2026 23:45:07 UTC] Spectra: CSS/JS generation returned empty for post 22931 (type: js). Keeping existing file to prevent 404.
[07-Sep-2026 23:54:05 UTC] Spectra: CSS/JS generation returned empty for post 12536 (type: js). Keeping existing file to prevent 404.
[07-Sep-2026 23:59:37 UTC] Spectra: CSS/JS generation returned empty for post 11690 (type: js). Keeping existing file to prevent 404.
[08-Sep-2026 00:14:39 UTC] Spectra: CSS/JS generation returned empty for post 21351 (type: js). Keeping existing file to prevent 404.
[08-Sep-2026 00:23:24 UTC] Spectra: CSS/JS generation returned empty for post 10669 (type: js). Keeping existing file to prevent 404.
[08-Sep-2026 00:36:32 UTC] Spectra: CSS/JS generation returned empty for post 29395 (type: js). Keeping existing file to prevent 404.
[08-Sep-2026 00:38:41 UTC] Spectra: CSS/JS generation returned empty for post 11142 (type: js). Keeping existing file to prevent 404.
[08-Sep-2026 00:44:23 UTC] Spectra: CSS/JS generation returned empty for post 11133 (type: js). Keeping existing file to prevent 404.
[08-Sep-2026 00:50:09 UTC] Spectra: CSS/JS generation returned empty for post 10927 (type: js). Keeping existing file to prevent 404.
[08-Sep-2026 01:06:00 UTC] Spectra: CSS/JS generation returned empty for post 21488 (type: js). Keeping existing file to prevent 404.
[08-Sep-2026 01:26:26 UTC] Spectra: CSS/JS generation returned empty for post 21593 (type: js). Keeping existing file to prevent 404.
[08-Sep-2026 01:43:49 UTC] Spectra: CSS/JS generation returned empty for post 22816 (type: js). Keeping existing file to prevent 404.
[08-Sep-2026 01:56:41 UTC] Spectra: CSS/JS generation returned empty for post 21265 (type: js). Keeping existing file to prevent 404.
[08-Sep-2026 02:11:36 UTC] Spectra: CSS/JS generation returned empty for post 17371 (type: js). Keeping existing file to prevent 404.
[08-Sep-2026 02:26:20 UTC] Spectra: CSS/JS generation returned empty for post 29397 (type: js). Keeping existing file to prevent 404.
[08-Sep-2026 02:42:15 UTC] Spectra: CSS/JS generation returned empty for post 21494 (type: js). Keeping existing file to prevent 404.
[08-Sep-2026 02:42:22 UTC] Spectra: CSS/JS generation returned empty for post 22511 (type: js). Keeping existing file to prevent 404.
[08-Sep-2026 02:49:05 UTC] Spectra: CSS/JS generation returned empty for post 26157 (type: js). Keeping existing file to prevent 404.
[08-Sep-2026 02:51:17 UTC] Spectra: CSS/JS generation returned empty for post 18557 (type: js). Keeping existing file to prevent 404.
[08-Sep-2026 02:57:04 UTC] Spectra: CSS/JS generation returned empty for post 13899 (type: js). Keeping existing file to prevent 404.
[08-Sep-2026 02:59:03 UTC] Spectra: CSS/JS generation returned empty for post 23063 (type: js). Keeping existing file to prevent 404.
[08-Sep-2026 02:59:20 UTC] Spectra: CSS/JS generation returned empty for post 140 (type: js). Keeping existing file to prevent 404.
[08-Sep-2026 03:13:03 UTC] Cron unschedule event error for hook: litespeed_task_health, Error code: could_not_set, Error message: The cron event list could not be saved., Data: {"schedule":false,"args":[]}
[08-Sep-2026 03:26:09 UTC] Spectra: CSS/JS generation returned empty for post 22852 (type: js). Keeping existing file to prevent 404.
[08-Sep-2026 03:32:26 UTC] Spectra: CSS/JS generation returned empty for post 21348 (type: js). Keeping existing file to prevent 404.
[08-Sep-2026 03:44:30 UTC] Spectra: CSS/JS generation returned empty for post 18534 (type: js). Keeping existing file to prevent 404.
[08-Sep-2026 03:56:57 UTC] Spectra: CSS/JS generation returned empty for post 18413 (type: js). Keeping existing file to prevent 404.
[08-Sep-2026 04:04:06 UTC] Spectra: CSS/JS generation returned empty for post 26077 (type: js). Keeping existing file to prevent 404.
[08-Sep-2026 04:08:08 UTC] Spectra: CSS/JS generation returned empty for post 23059 (type: js). Keeping existing file to prevent 404.
[08-Sep-2026 04:13:17 UTC] Spectra: CSS/JS generation returned empty for post 12524 (type: js). Keeping existing file to prevent 404.
[08-Sep-2026 04:21:49 UTC] Spectra: CSS/JS generation returned empty for post 11527 (type: js). Keeping existing file to prevent 404.
[08-Sep-2026 04:21:49 UTC] Spectra: CSS/JS generation returned empty for post 11550 (type: css). Keeping existing file to prevent 404.
[08-Sep-2026 04:21:49 UTC] Spectra: CSS/JS generation returned empty for post 11550 (type: js). Keeping existing file to prevent 404.
[08-Sep-2026 04:33:48 UTC] Spectra: CSS/JS generation returned empty for post 22929 (type: js). Keeping existing file to prevent 404.
[08-Sep-2026 04:54:07 UTC] Spectra: CSS/JS generation returned empty for post 11372 (type: js). Keeping existing file to prevent 404.
[08-Sep-2026 05:32:54 UTC] Spectra: CSS/JS generation returned empty for post 19169 (type: js). Keeping existing file to prevent 404.
[08-Sep-2026 05:35:15 UTC] Spectra: CSS/JS generation returned empty for post 26866 (type: js). Keeping existing file to prevent 404.
[08-Sep-2026 05:36:44 UTC] Spectra: CSS/JS generation returned empty for post 17368 (type: js). Keeping existing file to prevent 404.
[08-Sep-2026 05:37:37 UTC] Spectra: CSS/JS generation returned empty for post 23061 (type: js). Keeping existing file to prevent 404.
[08-Sep-2026 05:38:48 UTC] Cron unschedule event error for hook: spectra_regenerate_post_assets, Error code: could_not_set, Error message: The cron event list could not be saved., Data: {"schedule":false,"args":[35497]}
[08-Sep-2026 05:38:51 UTC] Cron unschedule event error for hook: spectra_regenerate_post_assets, Error code: could_not_set, Error message: The cron event list could not be saved., Data: {"schedule":false,"args":[35497]}
[08-Sep-2026 05:38:53 UTC] Cron unschedule event error for hook: spectra_regenerate_post_assets, Error code: could_not_set, Error message: The cron event list could not be saved., Data: {"schedule":false,"args":[35497]}
[08-Sep-2026 05:38:53 UTC] Spectra: CSS/JS generation returned empty for post 19169 (type: js). Keeping existing file to prevent 404.
[08-Sep-2026 05:38:58 UTC] Spectra: CSS/JS generation returned empty for post 21327 (type: js). Keeping existing file to prevent 404.
[08-Sep-2026 05:38:59 UTC] Spectra: CSS/JS generation returned empty for post 17486 (type: js). Keeping existing file to prevent 404.
[08-Sep-2026 05:39:28 UTC] Spectra: CSS/JS generation returned empty for post 18413 (type: js). Keeping existing file to prevent 404.
[08-Sep-2026 05:39:32 UTC] Spectra: CSS/JS generation returned empty for post 17377 (type: js). Keeping existing file to prevent 404.
[08-Sep-2026 05:39:42 UTC] Spectra: CSS/JS generation returned empty for post 19123 (type: js). Keeping existing file to prevent 404.
[08-Sep-2026 05:39:43 UTC] Spectra: CSS/JS generation returned empty for post 7731 (type: js). Keeping existing file to prevent 404.
[08-Sep-2026 05:39:58 UTC] Spectra: CSS/JS generation returned empty for post 11033 (type: js). Keeping existing file to prevent 404.
[08-Sep-2026 05:41:39 UTC] Spectra: CSS/JS generation returned empty for post 7037 (type: js). Keeping existing file to prevent 404.
[08-Sep-2026 05:43:34 UTC] WordPress database error You have an error in your SQL syntax; check the manual that corresponds to your MariaDB server version for the right syntax to use near 'AND umt.meta_value NOT LIKE '%Contributor%' AND umt.meta_value NOT LIKE '%Sub...' at line 11 for query 
		SELECT u.ID, umt1.meta_value as last_update
		FROM wp_users as u
		    LEFT JOIN wp_usermeta AS um ON ( u.ID = um.user_id AND um.meta_key = 'rank_math_robots' )
		    LEFT JOIN wp_usermeta AS umt ON ( u.ID = umt.user_id AND umt.meta_key = 'wp_capabilities' )
		    LEFT JOIN wp_usermeta AS umt1 ON ( u.ID = umt1.user_id AND umt1.meta_key = 'last_update' )
		    WHERE ( (
		 		( um.meta_key = 'rank_math_robots' AND um.meta_value NOT LIKE '%noindex%' )
		 		OR um.user_id IS NULL
			)
			AND (  umt1.meta_key = 'last_update' OR umt1.user_id IS NULL )
			AND ( umt.meta_key ='wp_capabilities' AND (  AND umt.meta_value NOT LIKE '%Contributor%' AND umt.meta_value NOT LIKE '%Subscriber%' ) ) )
		    AND u.ID IN (
			SELECT post_author
			FROM wp_posts as p
			WHERE p.post_status = 'publish' AND p.post_password = ''
			
		)
		ORDER BY umt1.meta_value DESC
		  made by require('wp-blog-header.php'), wp, WP->main, WP->query_posts, WP_Query->query, WP_Query->get_posts, WP_Query->parse_query, do_action_ref_array('parse_query'), WP_Hook->do_action, WP_Hook->apply_filters, RankMath\Sitemap\Router->request_sitemap, RankMath\Sitemap\Sitemap_XML->__construct, RankMath\Sitemap\Sitemap_XML->output, RankMath\Sitemap\Sitemap_XML->has_sitemap_in_cache, RankMath\Sitemap\Sitemap_XML->build_sitemap, RankMath\Sitemap\Generator->get_output, RankMath\Sitemap\Generator->build_sitemap, RankMath\Sitemap\Generator->build_root_map, RankMath\Sitemap\Providers\Author->get_index_links, RankMath\Sitemap\Providers\Author->get_index_users, RankMath\Helpers\DB::get_results, RankMath\Admin\Database\Query_Builder->get_results, RankMath\Admin\Database\Query_Builder->run
[08-Sep-2026 05:44:06 UTC] Spectra: CSS/JS generation returned empty for post 11796 (type: js). Keeping existing file to prevent 404.
[08-Sep-2026 05:45:37 UTC] Cron unschedule event error for hook: litespeed_task_health, Error code: could_not_set, Error message: The cron event list could not be saved., Data: {"schedule":false,"args":[]}
[08-Sep-2026 05:45:40 UTC] Cron unschedule event error for hook: litespeed_task_health, Error code: could_not_set, Error message: The cron event list could not be saved., Data: {"schedule":false,"args":[]}
[08-Sep-2026 05:45:50 UTC] Cron unschedule event error for hook: litespeed_task_health, Error code: could_not_set, Error message: The cron event list could not be saved., Data: {"schedule":false,"args":[]}
[08-Sep-2026 05:46:35 UTC] Spectra: CSS/JS generation returned empty for post 13972 (type: js). Keeping existing file to prevent 404.
[08-Sep-2026 05:46:38 UTC] PHP Deprecated:  Function utf8_decode() is deprecated in /home/u434629889/domains/faisaltown.org/public_html/wp-content/plugins/elementor-pro/modules/screenshots/module.php on line 33
[08-Sep-2026 05:46:38 UTC] Spectra: CSS/JS generation returned empty for post 19169 (type: js). Keeping existing file to prevent 404.
[08-Sep-2026 05:46:48 UTC] PHP Warning:  mysqli_real_connect(): (HY000/2002): Operation not permitted in /home/u434629889/domains/faisaltown.org/public_html/wp-includes/class-wpdb.php on line 1990
[08-Sep-2026 05:46:48 UTC] PHP Warning:  mysqli_real_connect(): (HY000/2002): Operation not permitted in /home/u434629889/domains/faisaltown.org/public_html/wp-includes/class-wpdb.php on line 1990
[08-Sep-2026 05:46:48 UTC] PHP Warning:  mysqli_real_connect(): (HY000/2002): Operation not permitted in /home/u434629889/domains/faisaltown.org/public_html/wp-includes/class-wpdb.php on line 1990
[08-Sep-2026 05:46:48 UTC] PHP Warning:  mysqli_real_connect(): (HY000/2002): Operation not permitted in /home/u434629889/domains/faisaltown.org/public_html/wp-includes/class-wpdb.php on line 1990
[08-Sep-2026 05:46:48 UTC] PHP Warning:  mysqli_real_connect(): (HY000/2002): Operation not permitted in /home/u434629889/domains/faisaltown.org/public_html/wp-includes/class-wpdb.php on line 1990
[08-Sep-2026 05:46:48 UTC] PHP Warning:  mysqli_real_connect(): (HY000/2002): Operation not permitted in /home/u434629889/domains/faisaltown.org/public_html/wp-includes/class-wpdb.php on line 1990
[08-Sep-2026 05:46:48 UTC] PHP Warning:  mysqli_real_connect(): (HY000/2002): Operation not permitted in /home/u434629889/domains/faisaltown.org/public_html/wp-includes/class-wpdb.php on line 1990
[08-Sep-2026 05:46:48 UTC] PHP Warning:  mysqli_real_connect(): (HY000/2002): Operation not permitted in /home/u434629889/domains/faisaltown.org/public_html/wp-includes/class-wpdb.php on line 1990
[08-Sep-2026 05:46:48 UTC] PHP Warning:  mysqli_real_connect(): (HY000/2002): Operation not permitted in /home/u434629889/domains/faisaltown.org/public_html/wp-includes/class-wpdb.php on line 1990
[08-Sep-2026 05:46:48 UTC] PHP Warning:  mysqli_real_connect(): (HY000/2002): Operation not permitted in /home/u434629889/domains/faisaltown.org/public_html/wp-includes/class-wpdb.php on line 1990
[08-Sep-2026 05:46:48 UTC] PHP Warning:  mysqli_real_connect(): (HY000/2002): Operation not permitted in /home/u434629889/domains/faisaltown.org/public_html/wp-includes/class-wpdb.php on line 1990
[08-Sep-2026 05:46:48 UTC] PHP Warning:  mysqli_real_connect(): (HY000/2002): Operation not permitted in /home/u434629889/domains/faisaltown.org/public_html/wp-includes/class-wpdb.php on line 1990
[08-Sep-2026 05:46:48 UTC] PHP Warning:  mysqli_real_connect(): (HY000/2002): Operation not permitted in /home/u434629889/domains/faisaltown.org/public_html/wp-includes/class-wpdb.php on line 1990
[08-Sep-2026 05:46:48 UTC] PHP Warning:  mysqli_real_connect(): (HY000/2002): Operation not permitted in /home/u434629889/domains/faisaltown.org/public_html/wp-includes/class-wpdb.php on line 1990
[08-Sep-2026 05:46:48 UTC] PHP Warning:  mysqli_real_connect(): (HY000/2002): Operation not permitted in /home/u434629889/domains/faisaltown.org/public_html/wp-includes/class-wpdb.php on line 1990
[08-Sep-2026 05:46:48 UTC] PHP Warning:  mysqli_real_connect(): (HY000/2002): Operation not permitted in /home/u434629889/domains/faisaltown.org/public_html/wp-includes/class-wpdb.php on line 1990
[08-Sep-2026 05:46:48 UTC] PHP Warning:  mysqli_real_connect(): (HY000/2002): Operation not permitted in /home/u434629889/domains/faisaltown.org/public_html/wp-includes/class-wpdb.php on line 1990
[08-Sep-2026 05:46:48 UTC] PHP Warning:  mysqli_real_connect(): (HY000/2002): Operation not permitted in /home/u434629889/domains/faisaltown.org/public_html/wp-includes/class-wpdb.php on line 1990
[08-Sep-2026 05:46:48 UTC] PHP Warning:  mysqli_real_connect(): (HY000/2002): Operation not permitted in /home/u434629889/domains/faisaltown.org/public_html/wp-includes/class-wpdb.php on line 1990
[08-Sep-2026 05:46:48 UTC] PHP Warning:  mysqli_real_connect(): (HY000/2002): Operation not permitted in /home/u434629889/domains/faisaltown.org/public_html/wp-includes/class-wpdb.php on line 1990
[08-Sep-2026 05:46:48 UTC] PHP Warning:  mysqli_real_connect(): (HY000/2002): Operation not permitted in /home/u434629889/domains/faisaltown.org/public_html/wp-includes/class-wpdb.php on line 1990
[08-Sep-2026 05:46:48 UTC] PHP Warning:  mysqli_real_connect(): (HY000/2002): Operation not permitted in /home/u434629889/domains/faisaltown.org/public_html/wp-includes/class-wpdb.php on line 1990
[08-Sep-2026 05:46:48 UTC] PHP Warning:  mysqli_real_connect(): (HY000/2002): Operation not permitted in /home/u434629889/domains/faisaltown.org/public_html/wp-includes/class-wpdb.php on line 1990
[08-Sep-2026 05:46:48 UTC] PHP Warning:  mysqli_real_connect(): (HY000/2002): Operation not permitted in /home/u434629889/domains/faisaltown.org/public_html/wp-includes/class-wpdb.php on line 1990
[08-Sep-2026 05:46:48 UTC] PHP Warning:  mysqli_real_connect(): (HY000/2002): Operation not permitted in /home/u434629889/domains/faisaltown.org/public_html/wp-includes/class-wpdb.php on line 1990
[08-Sep-2026 05:46:48 UTC] PHP Warning:  mysqli_real_connect(): (HY000/2002): Operation not permitted in /home/u434629889/domains/faisaltown.org/public_html/wp-includes/class-wpdb.php on line 1990
[08-Sep-2026 05:46:48 UTC] PHP Warning:  mysqli_real_connect(): (HY000/2002): Operation not permitted in /home/u434629889/domains/faisaltown.org/public_html/wp-includes/class-wpdb.php on line 1990
[08-Sep-2026 05:46:48 UTC] PHP Warning:  mysqli_real_connect(): (HY000/2002): Operation not permitted in /home/u434629889/domains/faisaltown.org/public_html/wp-includes/class-wpdb.php on line 1990
[08-Sep-2026 05:46:48 UTC] PHP Warning:  mysqli_real_connect(): (HY000/2002): Operation not permitted in /home/u434629889/domains/faisaltown.org/public_html/wp-includes/class-wpdb.php on line 1990
[08-Sep-2026 05:46:48 UTC] PHP Warning:  mysqli_real_connect(): (HY000/2002): Operation not permitted in /home/u434629889/domains/faisaltown.org/public_html/wp-includes/class-wpdb.php on line 1990
[08-Sep-2026 05:46:49 UTC] PHP Warning:  mysqli_real_connect(): (HY000/2002): Operation not permitted in /home/u434629889/domains/faisaltown.org/public_html/wp-includes/class-wpdb.php on line 1990
[08-Sep-2026 05:46:49 UTC] PHP Warning:  mysqli_real_connect(): (HY000/2002): Operation not permitted in /home/u434629889/domains/faisaltown.org/public_html/wp-includes/class-wpdb.php on line 1990
[08-Sep-2026 05:46:49 UTC] PHP Warning:  mysqli_real_connect(): (HY000/2002): Operation not permitted in /home/u434629889/domains/faisaltown.org/public_html/wp-includes/class-wpdb.php on line 1990
[08-Sep-2026 05:46:49 UTC] PHP Warning:  mysqli_real_connect(): (HY000/2002): Operation not permitted in /home/u434629889/domains/faisaltown.org/public_html/wp-includes/class-wpdb.php on line 1990
[08-Sep-2026 05:46:49 UTC] PHP Warning:  mysqli_real_connect(): (HY000/2002): Operation not permitted in /home/u434629889/domains/faisaltown.org/public_html/wp-includes/class-wpdb.php on line 1990
[08-Sep-2026 05:46:49 UTC] PHP Warning:  mysqli_real_connect(): (HY000/2002): Operation not permitted in /home/u434629889/domains/faisaltown.org/public_html/wp-includes/class-wpdb.php on line 1990
[08-Sep-2026 05:46:49 UTC] PHP Warning:  mysqli_real_connect(): (HY000/2002): Operation not permitted in /home/u434629889/domains/faisaltown.org/public_html/wp-includes/class-wpdb.php on line 1990
[08-Sep-2026 05:46:49 UTC] PHP Warning:  mysqli_real_connect(): (HY000/2002): Operation not permitted in /home/u434629889/domains/faisaltown.org/public_html/wp-includes/class-wpdb.php on line 1990
[08-Sep-2026 05:46:49 UTC] PHP Warning:  mysqli_real_connect(): (HY000/2002): Operation not permitted in /home/u434629889/domains/faisaltown.org/public_html/wp-includes/class-wpdb.php on line 1990
[08-Sep-2026 05:46:49 UTC] PHP Warning:  mysqli_real_connect(): (HY000/2002): Operation not permitted in /home/u434629889/domains/faisaltown.org/public_html/wp-includes/class-wpdb.php on line 1990
[08-Sep-2026 05:46:49 UTC] PHP Warning:  mysqli_real_connect(): (HY000/2002): Operation not permitted in /home/u434629889/domains/faisaltown.org/public_html/wp-includes/class-wpdb.php on line 1990
[08-Sep-2026 05:46:49 UTC] PHP Warning:  mysqli_real_connect(): (HY000/2002): Operation not permitted in /home/u434629889/domains/faisaltown.org/public_html/wp-includes/class-wpdb.php on line 1990
[08-Sep-2026 05:46:49 UTC] PHP Warning:  mysqli_real_connect(): (HY000/2002): Operation not permitted in /home/u434629889/domains/faisaltown.org/public_html/wp-includes/class-wpdb.php on line 1990
[08-Sep-2026 05:46:49 UTC] PHP Warning:  mysqli_real_connect(): (HY000/2002): Operation not permitted in /home/u434629889/domains/faisaltown.org/public_html/wp-includes/class-wpdb.php on line 1990
[08-Sep-2026 05:46:49 UTC] PHP Warning:  mysqli_real_connect(): (HY000/2002): Operation not permitted in /home/u434629889/domains/faisaltown.org/public_html/wp-includes/class-wpdb.php on line 1990
[08-Sep-2026 05:46:49 UTC] PHP Warning:  mysqli_real_connect(): (HY000/2002): Operation not permitted in /home/u434629889/domains/faisaltown.org/public_html/wp-includes/class-wpdb.php on line 1990
[08-Sep-2026 05:46:49 UTC] PHP Warning:  mysqli_real_connect(): (HY000/2002): Operation not permitted in /home/u434629889/domains/faisaltown.org/public_html/wp-includes/class-wpdb.php on line 1990
[08-Sep-2026 05:46:49 UTC] PHP Warning:  mysqli_real_connect(): (HY000/2002): Operation not permitted in /home/u434629889/domains/faisaltown.org/public_html/wp-includes/class-wpdb.php on line 1990
[08-Sep-2026 05:46:49 UTC] PHP Warning:  mysqli_real_connect(): (HY000/2002): Operation not permitted in /home/u434629889/domains/faisaltown.org/public_html/wp-includes/class-wpdb.php on line 1990
[08-Sep-2026 05:46:49 UTC] PHP Warning:  mysqli_real_connect(): (HY000/2002): Operation not permitted in /home/u434629889/domains/faisaltown.org/public_html/wp-includes/class-wpdb.php on line 1990
[08-Sep-2026 05:46:49 UTC] PHP Warning:  mysqli_real_connect(): (HY000/2002): Operation not permitted in /home/u434629889/domains/faisaltown.org/public_html/wp-includes/class-wpdb.php on line 1990
[08-Sep-2026 05:46:49 UTC] PHP Warning:  mysqli_real_connect(): (HY000/2002): Operation not permitted in /home/u434629889/domains/faisaltown.org/public_html/wp-includes/class-wpdb.php on line 1990
[08-Sep-2026 05:46:49 UTC] PHP Warning:  mysqli_real_connect(): (HY000/2002): Operation not permitted in /home/u434629889/domains/faisaltown.org/public_html/wp-includes/class-wpdb.php on line 1990
[08-Sep-2026 05:46:50 UTC] PHP Warning:  mysqli_real_connect(): (HY000/2002): Operation not permitted in /home/u434629889/domains/faisaltown.org/public_html/wp-includes/class-wpdb.php on line 1990
[08-Sep-2026 05:46:50 UTC] PHP Warning:  mysqli_real_connect(): (HY000/2002): Operation not permitted in /home/u434629889/domains/faisaltown.org/public_html/wp-includes/class-wpdb.php on line 1990
[08-Sep-2026 05:46:50 UTC] PHP Warning:  mysqli_real_connect(): (HY000/2002): Operation not permitted in /home/u434629889/domains/faisaltown.org/public_html/wp-includes/class-wpdb.php on line 1990
[08-Sep-2026 05:46:50 UTC] PHP Warning:  mysqli_real_connect(): (HY000/2002): Operation not permitted in /home/u434629889/domains/faisaltown.org/public_html/wp-includes/class-wpdb.php on line 1990
[08-Sep-2026 05:46:50 UTC] PHP Warning:  mysqli_real_connect(): (HY000/2002): Operation not permitted in /home/u434629889/domains/faisaltown.org/public_html/wp-includes/class-wpdb.php on line 1990
[08-Sep-2026 05:46:50 UTC] PHP Warning:  mysqli_real_connect(): (HY000/2002): Operation not permitted in /home/u434629889/domains/faisaltown.org/public_html/wp-includes/class-wpdb.php on line 1990
[08-Sep-2026 05:46:51 UTC] PHP Warning:  mysqli_real_connect(): (HY000/2002): Operation not permitted in /home/u434629889/domains/faisaltown.org/public_html/wp-includes/class-wpdb.php on line 1990
[08-Sep-2026 05:46:51 UTC] PHP Warning:  mysqli_real_connect(): (HY000/2002): Operation not permitted in /home/u434629889/domains/faisaltown.org/public_html/wp-includes/class-wpdb.php on line 1990
[08-Sep-2026 05:46:51 UTC] PHP Warning:  mysqli_real_connect(): (HY000/2002): Operation not permitted in /home/u434629889/domains/faisaltown.org/public_html/wp-includes/class-wpdb.php on line 1990
[08-Sep-2026 05:46:51 UTC] PHP Warning:  mysqli_real_connect(): (HY000/2002): Operation not permitted in /home/u434629889/domains/faisaltown.org/public_html/wp-includes/class-wpdb.php on line 1990
[08-Sep-2026 05:46:51 UTC] PHP Warning:  mysqli_real_connect(): (HY000/2002): Operation not permitted in /home/u434629889/domains/faisaltown.org/public_html/wp-includes/class-wpdb.php on line 1990
[08-Sep-2026 05:46:51 UTC] PHP Warning:  mysqli_real_connect(): (HY000/2002): Operation not permitted in /home/u434629889/domains/faisaltown.org/public_html/wp-includes/class-wpdb.php on line 1990
[08-Sep-2026 05:46:51 UTC] PHP Warning:  mysqli_real_connect(): (HY000/2002): Operation not permitted in /home/u434629889/domains/faisaltown.org/public_html/wp-includes/class-wpdb.php on line 1990
[08-Sep-2026 05:46:51 UTC] PHP Warning:  mysqli_real_connect(): (HY000/2002): Operation not permitted in /home/u434629889/domains/faisaltown.org/public_html/wp-includes/class-wpdb.php on line 1990
[08-Sep-2026 05:46:51 UTC] PHP Warning:  mysqli_real_connect(): (HY000/2002): Operation not permitted in /home/u434629889/domains/faisaltown.org/public_html/wp-includes/class-wpdb.php on line 1990
[08-Sep-2026 05:46:51 UTC] PHP Warning:  mysqli_real_connect(): (HY000/2002): Operation not permitted in /home/u434629889/domains/faisaltown.org/public_html/wp-includes/class-wpdb.php on line 1990
[08-Sep-2026 05:46:51 UTC] PHP Warning:  mysqli_real_connect(): (HY000/2002): Operation not permitted in /home/u434629889/domains/faisaltown.org/public_html/wp-includes/class-wpdb.php on line 1990
[08-Sep-2026 05:46:51 UTC] PHP Warning:  mysqli_real_connect(): (HY000/2002): Operation not permitted in /home/u434629889/domains/faisaltown.org/public_html/wp-includes/class-wpdb.php on line 1990
[08-Sep-2026 05:46:51 UTC] PHP Warning:  mysqli_real_connect(): (HY000/2002): Operation not permitted in /home/u434629889/domains/faisaltown.org/public_html/wp-includes/class-wpdb.php on line 1990
[08-Sep-2026 05:46:51 UTC] PHP Warning:  mysqli_real_connect(): (HY000/2002): Operation not permitted in /home/u434629889/domains/faisaltown.org/public_html/wp-includes/class-wpdb.php on line 1990
[08-Sep-2026 05:46:51 UTC] PHP Warning:  mysqli_real_connect(): (HY000/2002): Operation not permitted in /home/u434629889/domains/faisaltown.org/public_html/wp-includes/class-wpdb.php on line 1990
[08-Sep-2026 05:46:51 UTC] PHP Warning:  mysqli_real_connect(): (HY000/2002): Operation not permitted in /home/u434629889/domains/faisaltown.org/public_html/wp-includes/class-wpdb.php on line 1990
[08-Sep-2026 05:46:51 UTC] PHP Warning:  mysqli_real_connect(): (HY000/2002): Operation not permitted in /home/u434629889/domains/faisaltown.org/public_html/wp-includes/class-wpdb.php on line 1990
[08-Sep-2026 05:46:51 UTC] PHP Warning:  mysqli_real_connect(): (HY000/2002): Operation not permitted in /home/u434629889/domains/faisaltown.org/public_html/wp-includes/class-wpdb.php on line 1990
[08-Sep-2026 05:46:51 UTC] PHP Warning:  mysqli_real_connect(): (HY000/2002): Operation not permitted in /home/u434629889/domains/faisaltown.org/public_html/wp-includes/class-wpdb.php on line 1990
[08-Sep-2026 05:46:51 UTC] PHP Warning:  mysqli_real_connect(): (HY000/2002): Operation not permitted in /home/u434629889/domains/faisaltown.org/public_html/wp-includes/class-wpdb.php on line 1990
[08-Sep-2026 05:46:52 UTC] PHP Warning:  mysqli_real_connect(): (HY000/2002): Operation not permitted in /home/u434629889/domains/faisaltown.org/public_html/wp-includes/class-wpdb.php on line 1990
[08-Sep-2026 05:46:52 UTC] PHP Warning:  mysqli_real_connect(): (HY000/2002): Operation not permitted in /home/u434629889/domains/faisaltown.org/public_html/wp-includes/class-wpdb.php on line 1990
[08-Sep-2026 05:46:52 UTC] PHP Warning:  mysqli_real_connect(): (HY000/2002): Operation not permitted in /home/u434629889/domains/faisaltown.org/public_html/wp-includes/class-wpdb.php on line 1990
[08-Sep-2026 05:46:52 UTC] PHP Warning:  mysqli_real_connect(): (HY000/2002): Operation not permitted in /home/u434629889/domains/faisaltown.org/public_html/wp-includes/class-wpdb.php on line 1990
[08-Sep-2026 05:46:52 UTC] PHP Warning:  mysqli_real_connect(): (HY000/2002): Operation not permitted in /home/u434629889/domains/faisaltown.org/public_html/wp-includes/class-wpdb.php on line 1990
[08-Sep-2026 05:46:52 UTC] PHP Warning:  mysqli_real_connect(): (HY000/2002): Operation not permitted in /home/u434629889/domains/faisaltown.org/public_html/wp-includes/class-wpdb.php on line 1990
[08-Sep-2026 05:46:52 UTC] PHP Warning:  mysqli_real_connect(): (HY000/2002): Operation not permitted in /home/u434629889/domains/faisaltown.org/public_html/wp-includes/class-wpdb.php on line 1990
[08-Sep-2026 05:46:52 UTC] PHP Warning:  mysqli_real_connect(): (HY000/2002): Operation not permitted in /home/u434629889/domains/faisaltown.org/public_html/wp-includes/class-wpdb.php on line 1990
[08-Sep-2026 05:46:52 UTC] PHP Warning:  mysqli_real_connect(): (HY000/2002): Operation not permitted in /home/u434629889/domains/faisaltown.org/public_html/wp-includes/class-wpdb.php on line 1990
[08-Sep-2026 05:46:52 UTC] PHP Warning:  mysqli_real_connect(): (HY000/2002): Operation not permitted in /home/u434629889/domains/faisaltown.org/public_html/wp-includes/class-wpdb.php on line 1990
[08-Sep-2026 05:46:52 UTC] PHP Warning:  mysqli_real_connect(): (HY000/2002): Operation not permitted in /home/u434629889/domains/faisaltown.org/public_html/wp-includes/class-wpdb.php on line 1990
[08-Sep-2026 05:46:52 UTC] PHP Warning:  mysqli_real_connect(): (HY000/2002): Operation not permitted in /home/u434629889/domains/faisaltown.org/public_html/wp-includes/class-wpdb.php on line 1990
[08-Sep-2026 05:46:52 UTC] PHP Warning:  mysqli_real_connect(): (HY000/2002): Operation not permitted in /home/u434629889/domains/faisaltown.org/public_html/wp-includes/class-wpdb.php on line 1990
[08-Sep-2026 05:46:52 UTC] PHP Warning:  mysqli_real_connect(): (HY000/2002): Operation not permitted in /home/u434629889/domains/faisaltown.org/public_html/wp-includes/class-wpdb.php on line 1990
[08-Sep-2026 05:46:52 UTC] PHP Warning:  mysqli_real_connect(): (HY000/2002): Operation not permitted in /home/u434629889/domains/faisaltown.org/public_html/wp-includes/class-wpdb.php on line 1990
[08-Sep-2026 05:46:52 UTC] PHP Warning:  mysqli_real_connect(): (HY000/2002): Operation not permitted in /home/u434629889/domains/faisaltown.org/public_html/wp-includes/class-wpdb.php on line 1990
[08-Sep-2026 05:46:52 UTC] PHP Warning:  mysqli_real_connect(): (HY000/2002): Operation not permitted in /home/u434629889/domains/faisaltown.org/public_html/wp-includes/class-wpdb.php on line 1990
[08-Sep-2026 05:46:52 UTC] PHP Warning:  mysqli_real_connect(): (HY000/2002): Operation not permitted in /home/u434629889/domains/faisaltown.org/public_html/wp-includes/class-wpdb.php on line 1990
[08-Sep-2026 05:46:52 UTC] PHP Warning:  mysqli_real_connect(): (HY000/2002): Operation not permitted in /home/u434629889/domains/faisaltown.org/public_html/wp-includes/class-wpdb.php on line 1990
[08-Sep-2026 05:46:52 UTC] PHP Warning:  mysqli_real_connect(): (HY000/2002): Operation not permitted in /home/u434629889/domains/faisaltown.org/public_html/wp-includes/class-wpdb.php on line 1990
[08-Sep-2026 05:46:52 UTC] PHP Warning:  mysqli_real_connect(): (HY000/2002): Operation not permitted in /home/u434629889/domains/faisaltown.org/public_html/wp-includes/class-wpdb.php on line 1990
[08-Sep-2026 05:46:52 UTC] PHP Warning:  mysqli_real_connect(): (HY000/2002): Operation not permitted in /home/u434629889/domains/faisaltown.org/public_html/wp-includes/class-wpdb.php on line 1990
[08-Sep-2026 05:46:52 UTC] PHP Warning:  mysqli_real_connect(): (HY000/2002): Operation not permitted in /home/u434629889/domains/faisaltown.org/public_html/wp-includes/class-wpdb.php on line 1990
[08-Sep-2026 05:46:52 UTC] PHP Warning:  mysqli_real_connect(): (HY000/2002): Operation not permitted in /home/u434629889/domains/faisaltown.org/public_html/wp-includes/class-wpdb.php on line 1990
[08-Sep-2026 05:46:53 UTC] PHP Warning:  mysqli_real_connect(): (HY000/2002): Operation not permitted in /home/u434629889/domains/faisaltown.org/public_html/wp-includes/class-wpdb.php on line 1990
[08-Sep-2026 05:46:53 UTC] PHP Warning:  mysqli_real_connect(): (HY000/2002): Operation not permitted in /home/u434629889/domains/faisaltown.org/public_html/wp-includes/class-wpdb.php on line 1990
[08-Sep-2026 05:46:53 UTC] PHP Warning:  mysqli_real_connect(): (HY000/2002): Operation not permitted in /home/u434629889/domains/faisaltown.org/public_html/wp-includes/class-wpdb.php on line 1990
[08-Sep-2026 05:46:53 UTC] PHP Warning:  mysqli_real_connect(): (HY000/2002): Operation not permitted in /home/u434629889/domains/faisaltown.org/public_html/wp-includes/class-wpdb.php on line 1990
[08-Sep-2026 05:46:53 UTC] PHP Warning:  mysqli_real_connect(): (HY000/2002): Operation not permitted in /home/u434629889/domains/faisaltown.org/public_html/wp-includes/class-wpdb.php on line 1990
[08-Sep-2026 05:47:04 UTC] Spectra: CSS/JS generation returned empty for post 23294 (type: js). Keeping existing file to prevent 404.
[08-Sep-2026 05:49:01 UTC] Spectra: CSS/JS generation returned empty for post 18563 (type: js). Keeping existing file to prevent 404.
[08-Sep-2026 05:49:40 UTC] Spectra: CSS/JS generation returned empty for post 18574 (type: js). Keeping existing file to prevent 404.
[08-Sep-2026 05:51:20 UTC] Spectra: CSS/JS generation returned empty for post 21604 (type: js). Keeping existing file to prevent 404.
[08-Sep-2026 05:53:26 UTC] Spectra: CSS/JS generation returned empty for post 7731 (type: js). Keeping existing file to prevent 404.
[08-Sep-2026 05:54:24 UTC] Spectra: CSS/JS generation returned empty for post 18563 (type: js). Keeping existing file to prevent 404.
[08-Sep-2026 05:54:27 UTC] Spectra: CSS/JS generation returned empty for post 19169 (type: js). Keeping existing file to prevent 404.
[08-Sep-2026 05:55:50 UTC] Spectra: CSS/JS generation returned empty for post 13836 (type: js). Keeping existing file to prevent 404.
[08-Sep-2026 05:55:51 UTC] Cron unschedule event error for hook: litespeed_task_health, Error code: could_not_set, Error message: The cron event list could not be saved., Data: {"schedule":false,"args":[]}
[08-Sep-2026 05:56:03 UTC] Spectra: CSS/JS generation returned empty for post 20636 (type: js). Keeping existing file to prevent 404.
[08-Sep-2026 05:56:03 UTC] Cron unschedule event error for hook: litespeed_task_health, Error code: could_not_set, Error message: The cron event list could not be saved., Data: {"schedule":false,"args":[]}
[08-Sep-2026 05:56:14 UTC] Cron unschedule event error for hook: litespeed_task_health, Error code: could_not_set, Error message: The cron event list could not be saved., Data: {"schedule":false,"args":[]}
[08-Sep-2026 05:56:14 UTC] Cron unschedule event error for hook: litespeed_task_health, Error code: could_not_set, Error message: The cron event list could not be saved., Data: {"schedule":false,"args":[]}
[08-Sep-2026 05:56:15 UTC] Cron unschedule event error for hook: litespeed_task_health, Error code: could_not_set, Error message: The cron event list could not be saved., Data: {"schedule":false,"args":[]}
[08-Sep-2026 05:56:39 UTC] Cron unschedule event error for hook: litespeed_task_health, Error code: could_not_set, Error message: The cron event list could not be saved., Data: {"schedule":false,"args":[]}
[08-Sep-2026 05:58:59 UTC] Spectra: CSS/JS generation returned empty for post 23061 (type: js). Keeping existing file to prevent 404.
[08-Sep-2026 05:59:18 UTC] Spectra: CSS/JS generation returned empty for post 11147 (type: js). Keeping existing file to prevent 404.
[08-Sep-2026 05:59:52 UTC] Spectra: CSS/JS generation returned empty for post 22905 (type: js). Keeping existing file to prevent 404.
[08-Sep-2026 06:00:05 UTC] Spectra: CSS/JS generation returned empty for post 23481 (type: js). Keeping existing file to prevent 404.
[08-Sep-2026 06:01:42 UTC] Spectra: CSS/JS generation returned empty for post 21348 (type: js). Keeping existing file to prevent 404.
[08-Sep-2026 06:02:36 UTC] Spectra: CSS/JS generation returned empty for post 20371 (type: js). Keeping existing file to prevent 404.
[08-Sep-2026 06:05:38 UTC] Spectra: CSS/JS generation returned empty for post 28452 (type: js). Keeping existing file to prevent 404.
[08-Sep-2026 06:09:03 UTC] Spectra: CSS/JS generation returned empty for post 12524 (type: js). Keeping existing file to prevent 404.
[08-Sep-2026 06:10:23 UTC] Spectra: CSS/JS generation returned empty for post 19123 (type: js). Keeping existing file to prevent 404.
[08-Sep-2026 06:11:14 UTC] Spectra: CSS/JS generation returned empty for post 13836 (type: js). Keeping existing file to prevent 404.
[08-Sep-2026 06:11:59 UTC] Spectra: CSS/JS generation returned empty for post 10861 (type: js). Keeping existing file to prevent 404.
[08-Sep-2026 06:23:01 UTC] Spectra: CSS/JS generation returned empty for post 21327 (type: js). Keeping existing file to prevent 404.
[08-Sep-2026 06:23:01 UTC] Spectra: CSS/JS generation returned empty for post 21323 (type: js). Keeping existing file to prevent 404.
[08-Sep-2026 06:27:14 UTC] Spectra: CSS/JS generation returned empty for post 7745 (type: js). Keeping existing file to prevent 404.
[08-Sep-2026 06:31:43 UTC] Spectra: CSS/JS generation returned empty for post 7739 (type: js). Keeping existing file to prevent 404.
[08-Sep-2026 06:31:48 UTC] Spectra: CSS/JS generation returned empty for post 24191 (type: js). Keeping existing file to prevent 404.
[08-Sep-2026 06:31:53 UTC] Spectra: CSS/JS generation returned empty for post 10970 (type: js). Keeping existing file to prevent 404.
[08-Sep-2026 06:32:01 UTC] Spectra: CSS/JS generation returned empty for post 11033 (type: js). Keeping existing file to prevent 404.
[08-Sep-2026 06:32:02 UTC] Spectra: CSS/JS generation returned empty for post 23044 (type: js). Keeping existing file to prevent 404.
[08-Sep-2026 06:32:02 UTC] Spectra: CSS/JS generation returned empty for post 23059 (type: js). Keeping existing file to prevent 404.
[08-Sep-2026 06:32:03 UTC] Spectra: CSS/JS generation returned empty for post 23061 (type: js). Keeping existing file to prevent 404.
[08-Sep-2026 06:34:05 UTC] Spectra: CSS/JS generation returned empty for post 21588 (type: js). Keeping existing file to prevent 404.
[08-Sep-2026 06:34:42 UTC] Spectra: CSS/JS generation returned empty for post 20440 (type: js). Keeping existing file to prevent 404.
[08-Sep-2026 06:39:27 UTC] Spectra: CSS/JS generation returned empty for post 17377 (type: js). Keeping existing file to prevent 404.
[08-Sep-2026 06:39:31 UTC] Spectra: CSS/JS generation returned empty for post 17486 (type: js). Keeping existing file to prevent 404.
[08-Sep-2026 06:39:42 UTC] Spectra: CSS/JS generation returned empty for post 20618 (type: js). Keeping existing file to prevent 404.
[08-Sep-2026 06:39:43 UTC] Spectra: CSS/JS generation returned empty for post 8209 (type: js). Keeping existing file to prevent 404.
[08-Sep-2026 06:39:53 UTC] Spectra: CSS/JS generation returned empty for post 19169 (type: js). Keeping existing file to prevent 404.
[08-Sep-2026 06:40:01 UTC] Spectra: CSS/JS generation returned empty for post 18574 (type: js). Keeping existing file to prevent 404.
[08-Sep-2026 06:41:06 UTC] Spectra: CSS/JS generation returned empty for post 18413 (type: js). Keeping existing file to prevent 404.
[08-Sep-2026 06:41:52 UTC] Spectra: CSS/JS generation returned empty for post 19123 (type: js). Keeping existing file to prevent 404.
[08-Sep-2026 06:42:13 UTC] Spectra: CSS/JS generation returned empty for post 23282 (type: js). Keeping existing file to prevent 404.
[08-Sep-2026 06:43:58 UTC] Spectra: CSS/JS generation returned empty for post 20440 (type: js). Keeping existing file to prevent 404.
[08-Sep-2026 06:43:59 UTC] Spectra: CSS/JS generation returned empty for post 19123 (type: js). Keeping existing file to prevent 404.
[08-Sep-2026 06:44:45 UTC] WordPress database error You have an error in your SQL syntax; check the manual that corresponds to your MariaDB server version for the right syntax to use near 'AND umt.meta_value NOT LIKE '%Contributor%' AND umt.meta_value NOT LIKE '%Sub...' at line 11 for query 
		SELECT u.ID, umt1.meta_value as last_update
		FROM wp_users as u
		    LEFT JOIN wp_usermeta AS um ON ( u.ID = um.user_id AND um.meta_key = 'rank_math_robots' )
		    LEFT JOIN wp_usermeta AS umt ON ( u.ID = umt.user_id AND umt.meta_key = 'wp_capabilities' )
		    LEFT JOIN wp_usermeta AS umt1 ON ( u.ID = umt1.user_id AND umt1.meta_key = 'last_update' )
		    WHERE ( (
		 		( um.meta_key = 'rank_math_robots' AND um.meta_value NOT LIKE '%noindex%' )
		 		OR um.user_id IS NULL
			)
			AND (  umt1.meta_key = 'last_update' OR umt1.user_id IS NULL )
			AND ( umt.meta_key ='wp_capabilities' AND (  AND umt.meta_value NOT LIKE '%Contributor%' AND umt.meta_value NOT LIKE '%Subscriber%' ) ) )
		    AND u.ID IN (
			SELECT post_author
			FROM wp_posts as p
			WHERE p.post_status = 'publish' AND p.post_password = ''
			
		)
		ORDER BY umt1.meta_value DESC
		  made by require('wp-blog-header.php'), wp, WP->main, WP->query_posts, WP_Query->query, WP_Query->get_posts, WP_Query->parse_query, do_action_ref_array('parse_query'), WP_Hook->do_action, WP_Hook->apply_filters, RankMath\Sitemap\Router->request_sitemap, RankMath\Sitemap\Sitemap_XML->__construct, RankMath\Sitemap\Sitemap_XML->output, RankMath\Sitemap\Sitemap_XML->has_sitemap_in_cache, RankMath\Sitemap\Sitemap_XML->build_sitemap, RankMath\Sitemap\Generator->get_output, RankMath\Sitemap\Generator->build_sitemap, RankMath\Sitemap\Generator->build_root_map, RankMath\Sitemap\Providers\Author->get_index_links, RankMath\Sitemap\Providers\Author->get_index_users, RankMath\Helpers\DB::get_results, RankMath\Admin\Database\Query_Builder->get_results, RankMath\Admin\Database\Query_Builder->run
[08-Sep-2026 06:44:57 UTC] Spectra: CSS/JS generation returned empty for post 7037 (type: js). Keeping existing file to prevent 404.
[08-Sep-2026 06:44:57 UTC] Spectra: CSS/JS generation returned empty for post 19169 (type: js). Keeping existing file to prevent 404.
[08-Sep-2026 06:45:42 UTC] Cron unschedule event error for hook: litespeed_task_health, Error code: could_not_set, Error message: The cron event list could not be saved., Data: {"schedule":false,"args":[]}
[08-Sep-2026 06:45:43 UTC] Cron unschedule event error for hook: litespeed_task_health, Error code: could_not_set, Error message: The cron event list could not be saved., Data: {"schedule":false,"args":[]}
[08-Sep-2026 06:45:43 UTC] Spectra: CSS/JS generation returned empty for post 28452 (type: js). Keeping existing file to prevent 404.
[08-Sep-2026 06:45:43 UTC] Cron unschedule event error for hook: litespeed_task_health, Error code: could_not_set, Error message: The cron event list could not be saved., Data: {"schedule":false,"args":[]}
[08-Sep-2026 06:45:49 UTC] Cron unschedule event error for hook: litespeed_task_health, Error code: could_not_set, Error message: The cron event list could not be saved., Data: {"schedule":false,"args":[]}
[08-Sep-2026 06:45:58 UTC] Spectra: CSS/JS generation returned empty for post 23481 (type: js). Keeping existing file to prevent 404.
[08-Sep-2026 06:45:59 UTC] Cron unschedule event error for hook: litespeed_task_health, Error code: could_not_set, Error message: The cron event list could not be saved., Data: {"schedule":false,"args":[]}
[08-Sep-2026 06:46:00 UTC] Cron unschedule event error for hook: litespeed_task_health, Error code: could_not_set, Error message: The cron event list could not be saved., Data: {"schedule":false,"args":[]}
[08-Sep-2026 06:46:03 UTC] Cron unschedule event error for hook: litespeed_task_health, Error code: could_not_set, Error message: The cron event list could not be saved., Data: {"schedule":false,"args":[]}
[08-Sep-2026 06:46:04 UTC] Cron unschedule event error for hook: litespeed_task_health, Error code: could_not_set, Error message: The cron event list could not be saved., Data: {"schedule":false,"args":[]}
[08-Sep-2026 06:46:13 UTC] Cron unschedule event error for hook: litespeed_task_health, Error code: could_not_set, Error message: The cron event list could not be saved., Data: {"schedule":false,"args":[]}
[08-Sep-2026 06:46:19 UTC] Cron unschedule event error for hook: litespeed_task_health, Error code: could_not_set, Error message: The cron event list could not be saved., Data: {"schedule":false,"args":[]}
[08-Sep-2026 06:46:48 UTC] Cron unschedule event error for hook: litespeed_task_health, Error code: could_not_set, Error message: The cron event list could not be saved., Data: {"schedule":false,"args":[]}
[08-Sep-2026 06:51:34 UTC] Spectra: CSS/JS generation returned empty for post 24191 (type: js). Keeping existing file to prevent 404.
[08-Sep-2026 06:56:34 UTC] Cron unschedule event error for hook: litespeed_task_health, Error code: could_not_set, Error message: The cron event list could not be saved., Data: {"schedule":false,"args":[]}
[08-Sep-2026 06:56:43 UTC] Cron unschedule event error for hook: litespeed_task_health, Error code: could_not_set, Error message: The cron event list could not be saved., Data: {"schedule":false,"args":[]}
[08-Sep-2026 06:56:43 UTC] Spectra: CSS/JS generation returned empty for post 19169 (type: js). Keeping existing file to prevent 404.
[08-Sep-2026 06:56:43 UTC] Spectra: CSS/JS generation returned empty for post 18574 (type: js). Keeping existing file to prevent 404.
[08-Sep-2026 06:56:43 UTC] Cron unschedule event error for hook: litespeed_task_health, Error code: could_not_set, Error message: The cron event list could not be saved., Data: {"schedule":false,"args":[]}
[08-Sep-2026 06:56:44 UTC] Cron unschedule event error for hook: litespeed_task_health, Error code: could_not_set, Error message: The cron event list could not be saved., Data: {"schedule":false,"args":[]}
[08-Sep-2026 06:57:00 UTC] Cron unschedule event error for hook: litespeed_task_health, Error code: could_not_set, Error message: The cron event list could not be saved., Data: {"schedule":false,"args":[]}
[08-Sep-2026 06:57:15 UTC] Spectra: CSS/JS generation returned empty for post 7731 (type: js). Keeping existing file to prevent 404.
[08-Sep-2026 06:58:48 UTC] Spectra: CSS/JS generation returned empty for post 17048 (type: js). Keeping existing file to prevent 404.
[08-Sep-2026 06:59:17 UTC] Spectra: CSS/JS generation returned empty for post 22732 (type: js). Keeping existing file to prevent 404.
[08-Sep-2026 06:59:21 UTC] Spectra: CSS/JS generation returned empty for post 19169 (type: js). Keeping existing file to prevent 404.
[08-Sep-2026 06:59:23 UTC] Spectra: CSS/JS generation returned empty for post 18563 (type: js). Keeping existing file to prevent 404.
[08-Sep-2026 07:00:23 UTC] Spectra: CSS/JS generation returned empty for post 18574 (type: js). Keeping existing file to prevent 404.
[08-Sep-2026 07:00:33 UTC] Spectra: CSS/JS generation returned empty for post 22905 (type: js). Keeping existing file to prevent 404.
[08-Sep-2026 07:00:35 UTC] Spectra: CSS/JS generation returned empty for post 19169 (type: js). Keeping existing file to prevent 404.
[08-Sep-2026 07:01:49 UTC] Spectra: CSS/JS generation returned empty for post 11033 (type: js). Keeping existing file to prevent 404.
[08-Sep-2026 07:01:50 UTC] WordPress database error You have an error in your SQL syntax; check the manual that corresponds to your MariaDB server version for the right syntax to use near 'AND umt.meta_value NOT LIKE '%Contributor%' AND umt.meta_value NOT LIKE '%Sub...' at line 11 for query 
		SELECT u.ID, umt1.meta_value as last_update
		FROM wp_users as u
		    LEFT JOIN wp_usermeta AS um ON ( u.ID = um.user_id AND um.meta_key = 'rank_math_robots' )
		    LEFT JOIN wp_usermeta AS umt ON ( u.ID = umt.user_id AND umt.meta_key = 'wp_capabilities' )
		    LEFT JOIN wp_usermeta AS umt1 ON ( u.ID = umt1.user_id AND umt1.meta_key = 'last_update' )
		    WHERE ( (
		 		( um.meta_key = 'rank_math_robots' AND um.meta_value NOT LIKE '%noindex%' )
		 		OR um.user_id IS NULL
			)
			AND (  umt1.meta_key = 'last_update' OR umt1.user_id IS NULL )
			AND ( umt.meta_key ='wp_capabilities' AND (  AND umt.meta_value NOT LIKE '%Contributor%' AND umt.meta_value NOT LIKE '%Subscriber%' ) ) )
		    AND u.ID IN (
			SELECT post_author
			FROM wp_posts as p
			WHERE p.post_status = 'publish' AND p.post_password = ''
			
		)
		ORDER BY umt1.meta_value DESC
		  made by require('wp-blog-header.php'), wp, WP->main, WP->query_posts, WP_Query->query, WP_Query->get_posts, WP_Query->parse_query, do_action_ref_array('parse_query'), WP_Hook->do_action, WP_Hook->apply_filters, RankMath\Sitemap\Router->request_sitemap, RankMath\Sitemap\Sitemap_XML->__construct, RankMath\Sitemap\Sitemap_XML->output, RankMath\Sitemap\Sitemap_XML->has_sitemap_in_cache, RankMath\Sitemap\Sitemap_XML->build_sitemap, RankMath\Sitemap\Generator->get_output, RankMath\Sitemap\Generator->build_sitemap, RankMath\Sitemap\Generator->build_root_map, RankMath\Sitemap\Providers\Author->get_index_links, RankMath\Sitemap\Providers\Author->get_index_users, RankMath\Helpers\DB::get_results, RankMath\Admin\Database\Query_Builder->get_results, RankMath\Admin\Database\Query_Builder->run
[08-Sep-2026 07:06:27 UTC] Spectra: CSS/JS generation returned empty for post 21327 (type: js). Keeping existing file to prevent 404.
[08-Sep-2026 07:06:32 UTC] Spectra: CSS/JS generation returned empty for post 18574 (type: js). Keeping existing file to prevent 404.
[08-Sep-2026 07:06:33 UTC] Spectra: CSS/JS generation returned empty for post 19169 (type: js). Keeping existing file to prevent 404.
[08-Sep-2026 07:07:55 UTC] Spectra: CSS/JS generation returned empty for post 7739 (type: js). Keeping existing file to prevent 404.
[08-Sep-2026 07:07:55 UTC] Spectra: CSS/JS generation returned empty for post 7739 (type: js). Keeping existing file to prevent 404.
[08-Sep-2026 07:18:37 UTC] Spectra: CSS/JS generation returned empty for post 7745 (type: js). Keeping existing file to prevent 404.
[08-Sep-2026 07:23:38 UTC] Spectra: CSS/JS generation returned empty for post 17377 (type: js). Keeping existing file to prevent 404.
[08-Sep-2026 07:23:43 UTC] Spectra: CSS/JS generation returned empty for post 20440 (type: js). Keeping existing file to prevent 404.
[08-Sep-2026 07:24:16 UTC] Spectra: CSS/JS generation returned empty for post 10669 (type: js). Keeping existing file to prevent 404.
[08-Sep-2026 07:24:58 UTC] Spectra: CSS/JS generation returned empty for post 11033 (type: js). Keeping existing file to prevent 404.
[08-Sep-2026 07:25:00 UTC] Spectra: CSS/JS generation returned empty for post 8209 (type: js). Keeping existing file to prevent 404.
[08-Sep-2026 07:25:25 UTC] Spectra: CSS/JS generation returned empty for post 22905 (type: js). Keeping existing file to prevent 404.
[08-Sep-2026 07:26:19 UTC] Spectra: CSS/JS generation returned empty for post 20405 (type: js). Keeping existing file to prevent 404.
[08-Sep-2026 07:27:29 UTC] Spectra: CSS/JS generation returned empty for post 28528 (type: js). Keeping existing file to prevent 404.
[08-Sep-2026 07:28:49 UTC] Spectra: CSS/JS generation returned empty for post 19169 (type: js). Keeping existing file to prevent 404.
[08-Sep-2026 07:28:55 UTC] Spectra: CSS/JS generation returned empty for post 22905 (type: js). Keeping existing file to prevent 404.
[08-Sep-2026 07:29:05 UTC] Spectra: CSS/JS generation returned empty for post 19123 (type: js). Keeping existing file to prevent 404.
[08-Sep-2026 07:29:26 UTC] Spectra: CSS/JS generation returned empty for post 10273 (type: js). Keeping existing file to prevent 404.
[08-Sep-2026 07:29:26 UTC] Spectra: CSS/JS generation returned empty for post 10249 (type: js). Keeping existing file to prevent 404.
[08-Sep-2026 07:29:26 UTC] Spectra: CSS/JS generation returned empty for post 10215 (type: css). Keeping existing file to prevent 404.
[08-Sep-2026 07:29:26 UTC] Spectra: CSS/JS generation returned empty for post 10215 (type: js). Keeping existing file to prevent 404.
[08-Sep-2026 07:29:26 UTC] Spectra: CSS/JS generation returned empty for post 10097 (type: css). Keeping existing file to prevent 404.
[08-Sep-2026 07:29:26 UTC] Spectra: CSS/JS generation returned empty for post 10097 (type: js). Keeping existing file to prevent 404.
[08-Sep-2026 07:30:06 UTC] WordPress database error You have an error in your SQL syntax; check the manual that corresponds to your MariaDB server version for the right syntax to use near 'AND umt.meta_value NOT LIKE '%Contributor%' AND umt.meta_value NOT LIKE '%Sub...' at line 11 for query 
		SELECT u.ID, umt1.meta_value as last_update
		FROM wp_users as u
		    LEFT JOIN wp_usermeta AS um ON ( u.ID = um.user_id AND um.meta_key = 'rank_math_robots' )
		    LEFT JOIN wp_usermeta AS umt ON ( u.ID = umt.user_id AND umt.meta_key = 'wp_capabilities' )
		    LEFT JOIN wp_usermeta AS umt1 ON ( u.ID = umt1.user_id AND umt1.meta_key = 'last_update' )
		    WHERE ( (
		 		( um.meta_key = 'rank_math_robots' AND um.meta_value NOT LIKE '%noindex%' )
		 		OR um.user_id IS NULL
			)
			AND (  umt1.meta_key = 'last_update' OR umt1.user_id IS NULL )
			AND ( umt.meta_key ='wp_capabilities' AND (  AND umt.meta_value NOT LIKE '%Contributor%' AND umt.meta_value NOT LIKE '%Subscriber%' ) ) )
		    AND u.ID IN (
			SELECT post_author
			FROM wp_posts as p
			WHERE p.post_status = 'publish' AND p.post_password = ''
			
		)
		ORDER BY umt1.meta_value DESC
		  made by require('wp-blog-header.php'), wp, WP->main, WP->query_posts, WP_Query->query, WP_Query->get_posts, WP_Query->parse_query, do_action_ref_array('parse_query'), WP_Hook->do_action, WP_Hook->apply_filters, RankMath\Sitemap\Router->request_sitemap, RankMath\Sitemap\Sitemap_XML->__construct, RankMath\Sitemap\Sitemap_XML->output, RankMath\Sitemap\Sitemap_XML->has_sitemap_in_cache, RankMath\Sitemap\Sitemap_XML->build_sitemap, RankMath\Sitemap\Generator->get_output, RankMath\Sitemap\Generator->build_sitemap, RankMath\Sitemap\Generator->build_root_map, RankMath\Sitemap\Providers\Author->get_index_links, RankMath\Sitemap\Providers\Author->get_index_users, RankMath\Helpers\DB::get_results, RankMath\Admin\Database\Query_Builder->get_results, RankMath\Admin\Database\Query_Builder->run
[08-Sep-2026 07:32:03 UTC] Spectra: CSS/JS generation returned empty for post 11687 (type: js). Keeping existing file to prevent 404.
[08-Sep-2026 07:32:03 UTC] Spectra: CSS/JS generation returned empty for post 11527 (type: css). Keeping existing file to prevent 404.
[08-Sep-2026 07:32:03 UTC] Spectra: CSS/JS generation returned empty for post 11527 (type: js). Keeping existing file to prevent 404.
[08-Sep-2026 07:32:03 UTC] Spectra: CSS/JS generation returned empty for post 11550 (type: css). Keeping existing file to prevent 404.
[08-Sep-2026 07:32:03 UTC] Spectra: CSS/JS generation returned empty for post 11550 (type: js). Keeping existing file to prevent 404.
[08-Sep-2026 07:32:03 UTC] Spectra: CSS/JS generation returned empty for post 11517 (type: css). Keeping existing file to prevent 404.
[08-Sep-2026 07:32:03 UTC] Spectra: CSS/JS generation returned empty for post 11517 (type: js). Keeping existing file to prevent 404.
[08-Sep-2026 07:32:03 UTC] Spectra: CSS/JS generation returned empty for post 11541 (type: css). Keeping existing file to prevent 404.
[08-Sep-2026 07:32:03 UTC] Spectra: CSS/JS generation returned empty for post 11541 (type: js). Keeping existing file to prevent 404.
[08-Sep-2026 07:32:03 UTC] Spectra: CSS/JS generation returned empty for post 11507 (type: js). Keeping existing file to prevent 404.
[08-Sep-2026 07:32:03 UTC] Spectra: CSS/JS generation returned empty for post 11499 (type: js). Keeping existing file to prevent 404.
[08-Sep-2026 07:32:03 UTC] Spectra: CSS/JS generation returned empty for post 11359 (type: js). Keeping existing file to prevent 404.
[08-Sep-2026 07:32:03 UTC] Spectra: CSS/JS generation returned empty for post 11368 (type: css). Keeping existing file to prevent 404.
[08-Sep-2026 07:32:03 UTC] Spectra: CSS/JS generation returned empty for post 11368 (type: js). Keeping existing file to prevent 404.
[08-Sep-2026 07:32:03 UTC] Spectra: CSS/JS generation returned empty for post 11362 (type: css). Keeping existing file to prevent 404.
[08-Sep-2026 07:32:03 UTC] Spectra: CSS/JS generation returned empty for post 11362 (type: js). Keeping existing file to prevent 404.
[08-Sep-2026 07:32:03 UTC] Spectra: CSS/JS generation returned empty for post 11364 (type: js). Keeping existing file to prevent 404.
[08-Sep-2026 07:32:03 UTC] Spectra: CSS/JS generation returned empty for post 11372 (type: js). Keeping existing file to prevent 404.
[08-Sep-2026 07:40:57 UTC] Spectra: CSS/JS generation returned empty for post 22905 (type: js). Keeping existing file to prevent 404.
[08-Sep-2026 07:41:00 UTC] Spectra: CSS/JS generation returned empty for post 19169 (type: js). Keeping existing file to prevent 404.
[08-Sep-2026 07:41:09 UTC] Spectra: CSS/JS generation returned empty for post 22909 (type: js). Keeping existing file to prevent 404.
[08-Sep-2026 07:45:20 UTC] Spectra: CSS/JS generation returned empty for post 21344 (type: js). Keeping existing file to prevent 404.
[08-Sep-2026 07:45:42 UTC] WordPress database error You have an error in your SQL syntax; check the manual that corresponds to your MariaDB server version for the right syntax to use near 'AND umt.meta_value NOT LIKE '%Contributor%' AND umt.meta_value NOT LIKE '%Sub...' at line 11 for query 
		SELECT u.ID, umt1.meta_value as last_update
		FROM wp_users as u
		    LEFT JOIN wp_usermeta AS um ON ( u.ID = um.user_id AND um.meta_key = 'rank_math_robots' )
		    LEFT JOIN wp_usermeta AS umt ON ( u.ID = umt.user_id AND umt.meta_key = 'wp_capabilities' )
		    LEFT JOIN wp_usermeta AS umt1 ON ( u.ID = umt1.user_id AND umt1.meta_key = 'last_update' )
		    WHERE ( (
		 		( um.meta_key = 'rank_math_robots' AND um.meta_value NOT LIKE '%noindex%' )
		 		OR um.user_id IS NULL
			)
			AND (  umt1.meta_key = 'last_update' OR umt1.user_id IS NULL )
			AND ( umt.meta_key ='wp_capabilities' AND (  AND umt.meta_value NOT LIKE '%Contributor%' AND umt.meta_value NOT LIKE '%Subscriber%' ) ) )
		    AND u.ID IN (
			SELECT post_author
			FROM wp_posts as p
			WHERE p.post_status = 'publish' AND p.post_password = ''
			
		)
		ORDER BY umt1.meta_value DESC
		  made by require('wp-blog-header.php'), wp, WP->main, WP->query_posts, WP_Query->query, WP_Query->get_posts, WP_Query->parse_query, do_action_ref_array('parse_query'), WP_Hook->do_action, WP_Hook->apply_filters, RankMath\Sitemap\Router->request_sitemap, RankMath\Sitemap\Sitemap_XML->__construct, RankMath\Sitemap\Sitemap_XML->output, RankMath\Sitemap\Sitemap_XML->has_sitemap_in_cache, RankMath\Sitemap\Sitemap_XML->build_sitemap, RankMath\Sitemap\Generator->get_output, RankMath\Sitemap\Generator->build_sitemap, RankMath\Sitemap\Generator->build_root_map, RankMath\Sitemap\Providers\Author->get_index_links, RankMath\Sitemap\Providers\Author->get_index_users, RankMath\Helpers\DB::get_results, RankMath\Admin\Database\Query_Builder->get_results, RankMath\Admin\Database\Query_Builder->run
[08-Sep-2026 07:47:11 UTC] Spectra: CSS/JS generation returned empty for post 23481 (type: js). Keeping existing file to prevent 404.
[08-Sep-2026 07:47:16 UTC] Spectra: CSS/JS generation returned empty for post 19169 (type: js). Keeping existing file to prevent 404.
[08-Sep-2026 07:47:30 UTC] Spectra: CSS/JS generation returned empty for post 7739 (type: js). Keeping existing file to prevent 404.
[08-Sep-2026 07:49:07 UTC] Spectra: CSS/JS generation returned empty for post 11033 (type: js). Keeping existing file to prevent 404.
[08-Sep-2026 07:49:53 UTC] Spectra: CSS/JS generation returned empty for post 21336 (type: js). Keeping existing file to prevent 404.
[08-Sep-2026 07:50:33 UTC] Spectra: CSS/JS generation returned empty for post 22909 (type: js). Keeping existing file to prevent 404.
[08-Sep-2026 07:50:33 UTC] Cron unschedule event error for hook: litespeed_task_health, Error code: could_not_set, Error message: The cron event list could not be saved., Data: {"schedule":false,"args":[]}
[08-Sep-2026 07:50:35 UTC] Cron unschedule event error for hook: litespeed_task_health, Error code: could_not_set, Error message: The cron event list could not be saved., Data: {"schedule":false,"args":[]}
[08-Sep-2026 07:50:37 UTC] Cron unschedule event error for hook: litespeed_task_health, Error code: could_not_set, Error message: The cron event list could not be saved., Data: {"schedule":false,"args":[]}
[08-Sep-2026 07:50:58 UTC] Cron unschedule event error for hook: litespeed_task_health, Error code: could_not_set, Error message: The cron event list could not be saved., Data: {"schedule":false,"args":[]}
[08-Sep-2026 07:50:58 UTC] Cron unschedule event error for hook: litespeed_task_health, Error code: could_not_set, Error message: The cron event list could not be saved., Data: {"schedule":false,"args":[]}
[08-Sep-2026 07:51:02 UTC] Cron unschedule event error for hook: litespeed_task_health, Error code: could_not_set, Error message: The cron event list could not be saved., Data: {"schedule":false,"args":[]}
[08-Sep-2026 07:51:05 UTC] Spectra: CSS/JS generation returned empty for post 10669 (type: js). Keeping existing file to prevent 404.
[08-Sep-2026 07:51:06 UTC] Cron unschedule event error for hook: litespeed_task_health, Error code: could_not_set, Error message: The cron event list could not be saved., Data: {"schedule":false,"args":[]}
[08-Sep-2026 07:51:19 UTC] Cron unschedule event error for hook: litespeed_task_health, Error code: could_not_set, Error message: The cron event list could not be saved., Data: {"schedule":false,"args":[]}
[08-Sep-2026 07:53:50 UTC] Spectra: CSS/JS generation returned empty for post 11144 (type: js). Keeping existing file to prevent 404.
[08-Sep-2026 07:55:05 UTC] Spectra: CSS/JS generation returned empty for post 8209 (type: js). Keeping existing file to prevent 404.
[08-Sep-2026 07:55:45 UTC] Spectra: CSS/JS generation returned empty for post 7731 (type: js). Keeping existing file to prevent 404.
[08-Sep-2026 07:55:45 UTC] Spectra: CSS/JS generation returned empty for post 21505 (type: js). Keeping existing file to prevent 404.
[08-Sep-2026 07:56:19 UTC] Spectra: CSS/JS generation returned empty for post 7037 (type: js). Keeping existing file to prevent 404.
[08-Sep-2026 07:56:25 UTC] Spectra: CSS/JS generation returned empty for post 18534 (type: js). Keeping existing file to prevent 404.
[08-Sep-2026 07:59:13 UTC] Spectra: CSS/JS generation returned empty for post 7745 (type: js). Keeping existing file to prevent 404.
[08-Sep-2026 07:59:22 UTC] Spectra: CSS/JS generation returned empty for post 18413 (type: js). Keeping existing file to prevent 404.
[08-Sep-2026 08:01:07 UTC] Spectra: CSS/JS generation returned empty for post 20440 (type: js). Keeping existing file to prevent 404.
[08-Sep-2026 08:07:10 UTC] Spectra: CSS/JS generation returned empty for post 22909 (type: js). Keeping existing file to prevent 404.
[08-Sep-2026 08:07:18 UTC] Spectra: CSS/JS generation returned empty for post 7037 (type: js). Keeping existing file to prevent 404.
[08-Sep-2026 08:11:56 UTC] Spectra: CSS/JS generation returned empty for post 19169 (type: js). Keeping existing file to prevent 404.
[08-Sep-2026 08:11:58 UTC] WordPress database error You have an error in your SQL syntax; check the manual that corresponds to your MariaDB server version for the right syntax to use near 'AND umt.meta_value NOT LIKE '%Contributor%' AND umt.meta_value NOT LIKE '%Sub...' at line 11 for query 
		SELECT u.ID, umt1.meta_value as last_update
		FROM wp_users as u
		    LEFT JOIN wp_usermeta AS um ON ( u.ID = um.user_id AND um.meta_key = 'rank_math_robots' )
		    LEFT JOIN wp_usermeta AS umt ON ( u.ID = umt.user_id AND umt.meta_key = 'wp_capabilities' )
		    LEFT JOIN wp_usermeta AS umt1 ON ( u.ID = umt1.user_id AND umt1.meta_key = 'last_update' )
		    WHERE ( (
		 		( um.meta_key = 'rank_math_robots' AND um.meta_value NOT LIKE '%noindex%' )
		 		OR um.user_id IS NULL
			)
			AND (  umt1.meta_key = 'last_update' OR umt1.user_id IS NULL )
			AND ( umt.meta_key ='wp_capabilities' AND (  AND umt.meta_value NOT LIKE '%Contributor%' AND umt.meta_value NOT LIKE '%Subscriber%' ) ) )
		    AND u.ID IN (
			SELECT post_author
			FROM wp_posts as p
			WHERE p.post_status = 'publish' AND p.post_password = ''
			
		)
		ORDER BY umt1.meta_value DESC
		  made by require('wp-blog-header.php'), wp, WP->main, WP->query_posts, WP_Query->query, WP_Query->get_posts, WP_Query->parse_query, do_action_ref_array('parse_query'), WP_Hook->do_action, WP_Hook->apply_filters, RankMath\Sitemap\Router->request_sitemap, RankMath\Sitemap\Sitemap_XML->__construct, RankMath\Sitemap\Sitemap_XML->output, RankMath\Sitemap\Sitemap_XML->has_sitemap_in_cache, RankMath\Sitemap\Sitemap_XML->build_sitemap, RankMath\Sitemap\Generator->get_output, RankMath\Sitemap\Generator->build_sitemap, RankMath\Sitemap\Generator->build_root_map, RankMath\Sitemap\Providers\Author->get_index_links, RankMath\Sitemap\Providers\Author->get_index_users, RankMath\Helpers\DB::get_results, RankMath\Admin\Database\Query_Builder->get_results, RankMath\Admin\Database\Query_Builder->run
[08-Sep-2026 08:13:07 UTC] Spectra: CSS/JS generation returned empty for post 11563 (type: js). Keeping existing file to prevent 404.
[08-Sep-2026 08:18:11 UTC] Spectra: CSS/JS generation returned empty for post 11033 (type: js). Keeping existing file to prevent 404.
[08-Sep-2026 08:21:55 UTC] Spectra: CSS/JS generation returned empty for post 28528 (type: js). Keeping existing file to prevent 404.
[08-Sep-2026 08:21:55 UTC] Spectra: CSS/JS generation returned empty for post 21327 (type: js). Keeping existing file to prevent 404.
[08-Sep-2026 08:23:27 UTC] Spectra: CSS/JS generation returned empty for post 22909 (type: js). Keeping existing file to prevent 404.
[08-Sep-2026 08:23:47 UTC] Spectra: CSS/JS generation returned empty for post 17048 (type: js). Keeping existing file to prevent 404.
[08-Sep-2026 08:23:52 UTC] Spectra: CSS/JS generation returned empty for post 17374 (type: js). Keeping existing file to prevent 404.
[08-Sep-2026 08:25:01 UTC] Spectra: CSS/JS generation returned empty for post 13755 (type: js). Keeping existing file to prevent 404.
[08-Sep-2026 08:27:42 UTC] Spectra: CSS/JS generation returned empty for post 23044 (type: js). Keeping existing file to prevent 404.
[08-Sep-2026 08:29:08 UTC] Spectra: CSS/JS generation returned empty for post 19123 (type: js). Keeping existing file to prevent 404.
[08-Sep-2026 08:40:26 UTC] Spectra: CSS/JS generation returned empty for post 23282 (type: js). Keeping existing file to prevent 404.
[08-Sep-2026 08:40:31 UTC] Spectra: CSS/JS generation returned empty for post 11690 (type: js). Keeping existing file to prevent 404.
[08-Sep-2026 08:42:24 UTC] Spectra: CSS/JS generation returned empty for post 5 (type: js). Keeping existing file to prevent 404.
[08-Sep-2026 08:42:35 UTC] Spectra: CSS/JS generation returned empty for post 13760 (type: js). Keeping existing file to prevent 404.
[08-Sep-2026 08:45:45 UTC] Spectra: CSS/JS generation returned empty for post 21601 (type: js). Keeping existing file to prevent 404.
[08-Sep-2026 08:48:10 UTC] Spectra: CSS/JS generation returned empty for post 10097 (type: js). Keeping existing file to prevent 404.
[08-Sep-2026 08:48:18 UTC] Spectra: CSS/JS generation returned empty for post 11499 (type: js). Keeping existing file to prevent 404.
[08-Sep-2026 08:50:02 UTC] Spectra: CSS/JS generation returned empty for post 23804 (type: js). Keeping existing file to prevent 404.
[08-Sep-2026 08:50:09 UTC] Spectra: CSS/JS generation returned empty for post 20421 (type: js). Keeping existing file to prevent 404.
[08-Sep-2026 08:52:31 UTC] Spectra: CSS/JS generation returned empty for post 23059 (type: js). Keeping existing file to prevent 404.
[08-Sep-2026 08:57:02 UTC] Spectra: CSS/JS generation returned empty for post 11359 (type: js). Keeping existing file to prevent 404.
[08-Sep-2026 08:57:56 UTC] Spectra: CSS/JS generation returned empty for post 20440 (type: js). Keeping existing file to prevent 404.
[08-Sep-2026 08:59:34 UTC] Spectra: CSS/JS generation returned empty for post 11306 (type: js). Keeping existing file to prevent 404.
[08-Sep-2026 08:59:34 UTC] Spectra: CSS/JS generation returned empty for post 11299 (type: css). Keeping existing file to prevent 404.
[08-Sep-2026 08:59:34 UTC] Spectra: CSS/JS generation returned empty for post 11299 (type: js). Keeping existing file to prevent 404.
[08-Sep-2026 09:01:01 UTC] Spectra: CSS/JS generation returned empty for post 18563 (type: js). Keeping existing file to prevent 404.
[08-Sep-2026 09:02:33 UTC] Spectra: CSS/JS generation returned empty for post 22878 (type: js). Keeping existing file to prevent 404.
[08-Sep-2026 09:04:09 UTC] Spectra: CSS/JS generation returned empty for post 26056 (type: js). Keeping existing file to prevent 404.
[08-Sep-2026 09:04:48 UTC] Spectra: CSS/JS generation returned empty for post 12064 (type: js). Keeping existing file to prevent 404.
[08-Sep-2026 09:07:12 UTC] Spectra: CSS/JS generation returned empty for post 6991 (type: js). Keeping existing file to prevent 404.
[08-Sep-2026 09:07:23 UTC] Spectra: CSS/JS generation returned empty for post 23481 (type: js). Keeping existing file to prevent 404.
[08-Sep-2026 09:09:07 UTC] Spectra: CSS/JS generation returned empty for post 9895 (type: js). Keeping existing file to prevent 404.
[08-Sep-2026 09:10:32 UTC] Spectra: CSS/JS generation returned empty for post 26157 (type: js). Keeping existing file to prevent 404.
[08-Sep-2026 09:10:40 UTC] Spectra: CSS/JS generation returned empty for post 20405 (type: js). Keeping existing file to prevent 404.
[08-Sep-2026 09:10:45 UTC] Spectra: CSS/JS generation returned empty for post 22816 (type: js). Keeping existing file to prevent 404.
[08-Sep-2026 09:11:10 UTC] Spectra: CSS/JS generation returned empty for post 22852 (type: js). Keeping existing file to prevent 404.
[08-Sep-2026 09:11:52 UTC] Spectra: CSS/JS generation returned empty for post 11762 (type: js). Keeping existing file to prevent 404.
[08-Sep-2026 09:11:52 UTC] Spectra: CSS/JS generation returned empty for post 7731 (type: js). Keeping existing file to prevent 404.
[08-Sep-2026 09:12:11 UTC] Spectra: CSS/JS generation returned empty for post 21505 (type: js). Keeping existing file to prevent 404.
[08-Sep-2026 09:14:51 UTC] Spectra: CSS/JS generation returned empty for post 18501 (type: js). Keeping existing file to prevent 404.
[08-Sep-2026 09:15:30 UTC] Spectra: CSS/JS generation returned empty for post 22511 (type: js). Keeping existing file to prevent 404.
[08-Sep-2026 09:18:05 UTC] Spectra: CSS/JS generation returned empty for post 20636 (type: js). Keeping existing file to prevent 404.
[08-Sep-2026 09:19:13 UTC] Spectra: CSS/JS generation returned empty for post 17486 (type: js). Keeping existing file to prevent 404.
[08-Sep-2026 09:20:00 UTC] Spectra: CSS/JS generation returned empty for post 7745 (type: js). Keeping existing file to prevent 404.
[08-Sep-2026 09:21:14 UTC] Spectra: CSS/JS generation returned empty for post 19169 (type: js). Keeping existing file to prevent 404.
[08-Sep-2026 09:21:20 UTC] Spectra: CSS/JS generation returned empty for post 21488 (type: js). Keeping existing file to prevent 404.
[08-Sep-2026 09:21:25 UTC] Spectra: CSS/JS generation returned empty for post 20440 (type: js). Keeping existing file to prevent 404.
[08-Sep-2026 09:22:12 UTC] Spectra: CSS/JS generation returned empty for post 24731 (type: js). Keeping existing file to prevent 404.
[08-Sep-2026 09:22:12 UTC] Spectra: CSS/JS generation returned empty for post 24729 (type: css). Keeping existing file to prevent 404.
[08-Sep-2026 09:22:12 UTC] Spectra: CSS/JS generation returned empty for post 24729 (type: js). Keeping existing file to prevent 404.
[08-Sep-2026 09:22:12 UTC] Spectra: CSS/JS generation returned empty for post 24726 (type: js). Keeping existing file to prevent 404.
[08-Sep-2026 09:22:12 UTC] Spectra: CSS/JS generation returned empty for post 24724 (type: js). Keeping existing file to prevent 404.
[08-Sep-2026 09:23:49 UTC] Spectra: CSS/JS generation returned empty for post 11771 (type: js). Keeping existing file to prevent 404.
[08-Sep-2026 09:24:06 UTC] Spectra: CSS/JS generation returned empty for post 21601 (type: js). Keeping existing file to prevent 404.
[08-Sep-2026 09:24:34 UTC] Spectra: CSS/JS generation returned empty for post 18501 (type: js). Keeping existing file to prevent 404.
[08-Sep-2026 09:25:17 UTC] Spectra: CSS/JS generation returned empty for post 21348 (type: js). Keeping existing file to prevent 404.
[08-Sep-2026 09:26:00 UTC] Spectra: CSS/JS generation returned empty for post 20632 (type: js). Keeping existing file to prevent 404.
[08-Sep-2026 09:26:06 UTC] Spectra: CSS/JS generation returned empty for post 19169 (type: js). Keeping existing file to prevent 404.
[08-Sep-2026 09:26:28 UTC] Spectra: CSS/JS generation returned empty for post 22909 (type: js). Keeping existing file to prevent 404.
[08-Sep-2026 09:28:36 UTC] Spectra: CSS/JS generation returned empty for post 17377 (type: js). Keeping existing file to prevent 404.
[08-Sep-2026 09:28:44 UTC] Spectra: CSS/JS generation returned empty for post 19169 (type: js). Keeping existing file to prevent 404.
[08-Sep-2026 09:29:02 UTC] Spectra: CSS/JS generation returned empty for post 23282 (type: js). Keeping existing file to prevent 404.
[08-Sep-2026 09:29:53 UTC] Spectra: CSS/JS generation returned empty for post 22927 (type: js). Keeping existing file to prevent 404.
[08-Sep-2026 09:31:00 UTC] Spectra: CSS/JS generation returned empty for post 11687 (type: js). Keeping existing file to prevent 404.
[08-Sep-2026 09:31:01 UTC] WordPress database error You have an error in your SQL syntax; check the manual that corresponds to your MariaDB server version for the right syntax to use near 'AND umt.meta_value NOT LIKE '%Contributor%' AND umt.meta_value NOT LIKE '%Sub...' at line 11 for query 
		SELECT u.ID, umt1.meta_value as last_update
		FROM wp_users as u
		    LEFT JOIN wp_usermeta AS um ON ( u.ID = um.user_id AND um.meta_key = 'rank_math_robots' )
		    LEFT JOIN wp_usermeta AS umt ON ( u.ID = umt.user_id AND umt.meta_key = 'wp_capabilities' )
		    LEFT JOIN wp_usermeta AS umt1 ON ( u.ID = umt1.user_id AND umt1.meta_key = 'last_update' )
		    WHERE ( (
		 		( um.meta_key = 'rank_math_robots' AND um.meta_value NOT LIKE '%noindex%' )
		 		OR um.user_id IS NULL
			)
			AND (  umt1.meta_key = 'last_update' OR umt1.user_id IS NULL )
			AND ( umt.meta_key ='wp_capabilities' AND (  AND umt.meta_value NOT LIKE '%Contributor%' AND umt.meta_value NOT LIKE '%Subscriber%' ) ) )
		    AND u.ID IN (
			SELECT post_author
			FROM wp_posts as p
			WHERE p.post_status = 'publish' AND p.post_password = ''
			
		)
		ORDER BY umt1.meta_value DESC
		  made by require('wp-blog-header.php'), wp, WP->main, WP->query_posts, WP_Query->query, WP_Query->get_posts, WP_Query->parse_query, do_action_ref_array('parse_query'), WP_Hook->do_action, WP_Hook->apply_filters, RankMath\Sitemap\Router->request_sitemap, RankMath\Sitemap\Sitemap_XML->__construct, RankMath\Sitemap\Sitemap_XML->output, RankMath\Sitemap\Sitemap_XML->has_sitemap_in_cache, RankMath\Sitemap\Sitemap_XML->build_sitemap, RankMath\Sitemap\Generator->get_output, RankMath\Sitemap\Generator->build_sitemap, RankMath\Sitemap\Generator->build_root_map, RankMath\Sitemap\Providers\Author->get_index_links, RankMath\Sitemap\Providers\Author->get_index_users, RankMath\Helpers\DB::get_results, RankMath\Admin\Database\Query_Builder->get_results, RankMath\Admin\Database\Query_Builder->run
[08-Sep-2026 09:35:38 UTC] Spectra: CSS/JS generation returned empty for post 22909 (type: js). Keeping existing file to prevent 404.
[08-Sep-2026 09:36:14 UTC] Spectra: CSS/JS generation returned empty for post 11033 (type: js). Keeping existing file to prevent 404.
[08-Sep-2026 09:38:06 UTC] Spectra: CSS/JS generation returned empty for post 19123 (type: js). Keeping existing file to prevent 404.
[08-Sep-2026 09:38:48 UTC] Spectra: CSS/JS generation returned empty for post 7037 (type: js). Keeping existing file to prevent 404.
[08-Sep-2026 09:39:19 UTC] Spectra: CSS/JS generation returned empty for post 11033 (type: js). Keeping existing file to prevent 404.
[08-Sep-2026 09:39:19 UTC] Spectra: CSS/JS generation returned empty for post 18413 (type: js). Keeping existing file to prevent 404.
[08-Sep-2026 09:40:39 UTC] Spectra: CSS/JS generation returned empty for post 19123 (type: js). Keeping existing file to prevent 404.
[08-Sep-2026 09:40:42 UTC] Spectra: CSS/JS generation returned empty for post 19169 (type: js). Keeping existing file to prevent 404.
[08-Sep-2026 09:41:51 UTC] Spectra: CSS/JS generation returned empty for post 28452 (type: js). Keeping existing file to prevent 404.
[08-Sep-2026 09:41:54 UTC] Spectra: CSS/JS generation returned empty for post 22927 (type: js). Keeping existing file to prevent 404.
[08-Sep-2026 09:45:59 UTC] Spectra: CSS/JS generation returned empty for post 28528 (type: js). Keeping existing file to prevent 404.
[08-Sep-2026 09:46:21 UTC] Spectra: CSS/JS generation returned empty for post 7037 (type: js). Keeping existing file to prevent 404.
[08-Sep-2026 09:46:50 UTC] Spectra: CSS/JS generation returned empty for post 7739 (type: js). Keeping existing file to prevent 404.
[08-Sep-2026 09:46:50 UTC] Spectra: CSS/JS generation returned empty for post 7731 (type: css). Keeping existing file to prevent 404.
[08-Sep-2026 09:46:50 UTC] Spectra: CSS/JS generation returned empty for post 7731 (type: js). Keeping existing file to prevent 404.
[08-Sep-2026 09:46:50 UTC] Spectra: CSS/JS generation returned empty for post 6897 (type: css). Keeping existing file to prevent 404.
[08-Sep-2026 09:46:50 UTC] Spectra: CSS/JS generation returned empty for post 6897 (type: js). Keeping existing file to prevent 404.
[08-Sep-2026 09:47:39 UTC] Spectra: CSS/JS generation returned empty for post 19169 (type: js). Keeping existing file to prevent 404.
[08-Sep-2026 09:53:02 UTC] Spectra: CSS/JS generation returned empty for post 18413 (type: js). Keeping existing file to prevent 404.
[08-Sep-2026 09:54:45 UTC] Spectra: CSS/JS generation returned empty for post 7037 (type: js). Keeping existing file to prevent 404.
[08-Sep-2026 09:54:45 UTC] Spectra: CSS/JS generation returned empty for post 17048 (type: js). Keeping existing file to prevent 404.
[08-Sep-2026 09:56:32 UTC] Spectra: CSS/JS generation returned empty for post 19169 (type: js). Keeping existing file to prevent 404.
[08-Sep-2026 09:56:43 UTC] Spectra: CSS/JS generation returned empty for post 23282 (type: js). Keeping existing file to prevent 404.
[08-Sep-2026 09:59:08 UTC] Spectra: CSS/JS generation returned empty for post 21327 (type: js). Keeping existing file to prevent 404.
[08-Sep-2026 09:59:55 UTC] Spectra: CSS/JS generation returned empty for post 22732 (type: js). Keeping existing file to prevent 404.
[08-Sep-2026 10:01:25 UTC] WordPress database error You have an error in your SQL syntax; check the manual that corresponds to your MariaDB server version for the right syntax to use near 'AND umt.meta_value NOT LIKE '%Contributor%' AND umt.meta_value NOT LIKE '%Sub...' at line 11 for query 
		SELECT u.ID, umt1.meta_value as last_update
		FROM wp_users as u
		    LEFT JOIN wp_usermeta AS um ON ( u.ID = um.user_id AND um.meta_key = 'rank_math_robots' )
		    LEFT JOIN wp_usermeta AS umt ON ( u.ID = umt.user_id AND umt.meta_key = 'wp_capabilities' )
		    LEFT JOIN wp_usermeta AS umt1 ON ( u.ID = umt1.user_id AND umt1.meta_key = 'last_update' )
		    WHERE ( (
		 		( um.meta_key = 'rank_math_robots' AND um.meta_value NOT LIKE '%noindex%' )
		 		OR um.user_id IS NULL
			)
			AND (  umt1.meta_key = 'last_update' OR umt1.user_id IS NULL )
			AND ( umt.meta_key ='wp_capabilities' AND (  AND umt.meta_value NOT LIKE '%Contributor%' AND umt.meta_value NOT LIKE '%Subscriber%' ) ) )
		    AND u.ID IN (
			SELECT post_author
			FROM wp_posts as p
			WHERE p.post_status = 'publish' AND p.post_password = ''
			
		)
		ORDER BY umt1.meta_value DESC
		  made by require('wp-blog-header.php'), wp, WP->main, WP->query_posts, WP_Query->query, WP_Query->get_posts, WP_Query->parse_query, do_action_ref_array('parse_query'), WP_Hook->do_action, WP_Hook->apply_filters, RankMath\Sitemap\Router->request_sitemap, RankMath\Sitemap\Sitemap_XML->__construct, RankMath\Sitemap\Sitemap_XML->output, RankMath\Sitemap\Sitemap_XML->has_sitemap_in_cache, RankMath\Sitemap\Sitemap_XML->build_sitemap, RankMath\Sitemap\Generator->get_output, RankMath\Sitemap\Generator->build_sitemap, RankMath\Sitemap\Generator->build_root_map, RankMath\Sitemap\Providers\Author->get_index_links, RankMath\Sitemap\Providers\Author->get_index_users, RankMath\Helpers\DB::get_results, RankMath\Admin\Database\Query_Builder->get_results, RankMath\Admin\Database\Query_Builder->run
[08-Sep-2026 10:07:35 UTC] Spectra: CSS/JS generation returned empty for post 19169 (type: js). Keeping existing file to prevent 404.
[08-Sep-2026 10:07:54 UTC] Spectra: CSS/JS generation returned empty for post 23282 (type: js). Keeping existing file to prevent 404.
[08-Sep-2026 10:09:04 UTC] Spectra: CSS/JS generation returned empty for post 17486 (type: js). Keeping existing file to prevent 404.
[08-Sep-2026 10:10:20 UTC] Spectra: CSS/JS generation returned empty for post 17048 (type: js). Keeping existing file to prevent 404.
[08-Sep-2026 10:11:05 UTC] Spectra: CSS/JS generation returned empty for post 9895 (type: js). Keeping existing file to prevent 404.
[08-Sep-2026 10:12:13 UTC] Spectra: CSS/JS generation returned empty for post 11364 (type: js). Keeping existing file to prevent 404.
[08-Sep-2026 10:12:32 UTC] Spectra: CSS/JS generation returned empty for post 30629 (type: js). Keeping existing file to prevent 404.
[08-Sep-2026 10:12:33 UTC] WordPress database error You have an error in your SQL syntax; check the manual that corresponds to your MariaDB server version for the right syntax to use near 'AND umt.meta_value NOT LIKE '%Contributor%' AND umt.meta_value NOT LIKE '%Sub...' at line 11 for query 
		SELECT u.ID, umt1.meta_value as last_update
		FROM wp_users as u
		    LEFT JOIN wp_usermeta AS um ON ( u.ID = um.user_id AND um.meta_key = 'rank_math_robots' )
		    LEFT JOIN wp_usermeta AS umt ON ( u.ID = umt.user_id AND umt.meta_key = 'wp_capabilities' )
		    LEFT JOIN wp_usermeta AS umt1 ON ( u.ID = umt1.user_id AND umt1.meta_key = 'last_update' )
		    WHERE ( (
		 		( um.meta_key = 'rank_math_robots' AND um.meta_value NOT LIKE '%noindex%' )
		 		OR um.user_id IS NULL
			)
			AND (  umt1.meta_key = 'last_update' OR umt1.user_id IS NULL )
			AND ( umt.meta_key ='wp_capabilities' AND (  AND umt.meta_value NOT LIKE '%Contributor%' AND umt.meta_value NOT LIKE '%Subscriber%' ) ) )
		    AND u.ID IN (
			SELECT post_author
			FROM wp_posts as p
			WHERE p.post_status = 'publish' AND p.post_password = ''
			
		)
		ORDER BY umt1.meta_value DESC
		  made by require('wp-blog-header.php'), wp, WP->main, WP->query_posts, WP_Query->query, WP_Query->get_posts, WP_Query->parse_query, do_action_ref_array('parse_query'), WP_Hook->do_action, WP_Hook->apply_filters, RankMath\Sitemap\Router->request_sitemap, RankMath\Sitemap\Sitemap_XML->__construct, RankMath\Sitemap\Sitemap_XML->output, RankMath\Sitemap\Sitemap_XML->has_sitemap_in_cache, RankMath\Sitemap\Sitemap_XML->build_sitemap, RankMath\Sitemap\Generator->get_output, RankMath\Sitemap\Generator->build_sitemap, RankMath\Sitemap\Generator->build_root_map, RankMath\Sitemap\Providers\Author->get_index_links, RankMath\Sitemap\Providers\Author->get_index_users, RankMath\Helpers\DB::get_results, RankMath\Admin\Database\Query_Builder->get_results, RankMath\Admin\Database\Query_Builder->run
[08-Sep-2026 10:12:51 UTC] Spectra: CSS/JS generation returned empty for post 28528 (type: js). Keeping existing file to prevent 404.
[08-Sep-2026 10:12:51 UTC] Spectra: CSS/JS generation returned empty for post 20405 (type: js). Keeping existing file to prevent 404.
[08-Sep-2026 10:13:44 UTC] Spectra: CSS/JS generation returned empty for post 30868 (type: js). Keeping existing file to prevent 404.
[08-Sep-2026 10:16:06 UTC] Spectra: CSS/JS generation returned empty for post 19169 (type: js). Keeping existing file to prevent 404.
[08-Sep-2026 10:17:05 UTC] Spectra: CSS/JS generation returned empty for post 23282 (type: js). Keeping existing file to prevent 404.
[08-Sep-2026 10:17:59 UTC] Spectra: CSS/JS generation returned empty for post 28478 (type: js). Keeping existing file to prevent 404.
[08-Sep-2026 10:18:28 UTC] Spectra: CSS/JS generation returned empty for post 28452 (type: js). Keeping existing file to prevent 404.
[08-Sep-2026 10:19:05 UTC] Spectra: CSS/JS generation returned empty for post 11507 (type: js). Keeping existing file to prevent 404.
[08-Sep-2026 10:19:35 UTC] Spectra: CSS/JS generation returned empty for post 23282 (type: js). Keeping existing file to prevent 404.
[08-Sep-2026 10:19:38 UTC] Spectra: CSS/JS generation returned empty for post 23288 (type: js). Keeping existing file to prevent 404.
[08-Sep-2026 10:19:42 UTC] Spectra: CSS/JS generation returned empty for post 19169 (type: js). Keeping existing file to prevent 404.
[08-Sep-2026 10:21:17 UTC] WordPress database error You have an error in your SQL syntax; check the manual that corresponds to your MariaDB server version for the right syntax to use near 'AND umt.meta_value NOT LIKE '%Contributor%' AND umt.meta_value NOT LIKE '%Sub...' at line 11 for query 
		SELECT u.ID, umt1.meta_value as last_update
		FROM wp_users as u
		    LEFT JOIN wp_usermeta AS um ON ( u.ID = um.user_id AND um.meta_key = 'rank_math_robots' )
		    LEFT JOIN wp_usermeta AS umt ON ( u.ID = umt.user_id AND umt.meta_key = 'wp_capabilities' )
		    LEFT JOIN wp_usermeta AS umt1 ON ( u.ID = umt1.user_id AND umt1.meta_key = 'last_update' )
		    WHERE ( (
		 		( um.meta_key = 'rank_math_robots' AND um.meta_value NOT LIKE '%noindex%' )
		 		OR um.user_id IS NULL
			)
			AND (  umt1.meta_key = 'last_update' OR umt1.user_id IS NULL )
			AND ( umt.meta_key ='wp_capabilities' AND (  AND umt.meta_value NOT LIKE '%Contributor%' AND umt.meta_value NOT LIKE '%Subscriber%' ) ) )
		    AND u.ID IN (
			SELECT post_author
			FROM wp_posts as p
			WHERE p.post_status = 'publish' AND p.post_password = ''
			
		)
		ORDER BY umt1.meta_value DESC
		  made by require('wp-blog-header.php'), wp, WP->main, WP->query_posts, WP_Query->query, WP_Query->get_posts, WP_Query->parse_query, do_action_ref_array('parse_query'), WP_Hook->do_action, WP_Hook->apply_filters, RankMath\Sitemap\Router->request_sitemap, RankMath\Sitemap\Sitemap_XML->__construct, RankMath\Sitemap\Sitemap_XML->output, RankMath\Sitemap\Sitemap_XML->has_sitemap_in_cache, RankMath\Sitemap\Sitemap_XML->build_sitemap, RankMath\Sitemap\Generator->get_output, RankMath\Sitemap\Generator->build_sitemap, RankMath\Sitemap\Generator->build_root_map, RankMath\Sitemap\Providers\Author->get_index_links, RankMath\Sitemap\Providers\Author->get_index_users, RankMath\Helpers\DB::get_results, RankMath\Admin\Database\Query_Builder->get_results, RankMath\Admin\Database\Query_Builder->run
[08-Sep-2026 10:23:33 UTC] Spectra: CSS/JS generation returned empty for post 21494 (type: js). Keeping existing file to prevent 404.
[08-Sep-2026 10:25:47 UTC] Spectra: CSS/JS generation returned empty for post 21336 (type: js). Keeping existing file to prevent 404.
[08-Sep-2026 10:27:44 UTC] Spectra: CSS/JS generation returned empty for post 26181 (type: js). Keeping existing file to prevent 404.
[08-Sep-2026 10:29:57 UTC] Spectra: CSS/JS generation returned empty for post 1 (type: js). Keeping existing file to prevent 404.
[08-Sep-2026 10:31:31 UTC] Spectra: CSS/JS generation returned empty for post 11033 (type: js). Keeping existing file to prevent 404.
[08-Sep-2026 10:31:34 UTC] Spectra: CSS/JS generation returned empty for post 23294 (type: js). Keeping existing file to prevent 404.
[08-Sep-2026 10:31:34 UTC] Spectra: CSS/JS generation returned empty for post 7731 (type: js). Keeping existing file to prevent 404.
[08-Sep-2026 10:31:34 UTC] Spectra: CSS/JS generation returned empty for post 11762 (type: js). Keeping existing file to prevent 404.
[08-Sep-2026 10:31:34 UTC] Spectra: CSS/JS generation returned empty for post 21327 (type: js). Keeping existing file to prevent 404.
[08-Sep-2026 10:33:29 UTC] Spectra: CSS/JS generation returned empty for post 7745 (type: js). Keeping existing file to prevent 404.
[08-Sep-2026 10:34:26 UTC] Spectra: CSS/JS generation returned empty for post 23044 (type: js). Keeping existing file to prevent 404.
[08-Sep-2026 10:34:34 UTC] Spectra: CSS/JS generation returned empty for post 24529 (type: js). Keeping existing file to prevent 404.
[08-Sep-2026 10:34:35 UTC] Spectra: CSS/JS generation returned empty for post 21497 (type: js). Keeping existing file to prevent 404.
[08-Sep-2026 10:34:48 UTC] Spectra: CSS/JS generation returned empty for post 19123 (type: js). Keeping existing file to prevent 404.
[08-Sep-2026 10:35:57 UTC] Spectra: CSS/JS generation returned empty for post 23288 (type: js). Keeping existing file to prevent 404.
[08-Sep-2026 10:36:56 UTC] Spectra: CSS/JS generation returned empty for post 11147 (type: js). Keeping existing file to prevent 404.
[08-Sep-2026 10:36:57 UTC] Spectra: CSS/JS generation returned empty for post 11033 (type: js). Keeping existing file to prevent 404.
[08-Sep-2026 10:39:23 UTC] Spectra: CSS/JS generation returned empty for post 21593 (type: js). Keeping existing file to prevent 404.
[08-Sep-2026 10:40:37 UTC] WordPress database error You have an error in your SQL syntax; check the manual that corresponds to your MariaDB server version for the right syntax to use near 'AND umt.meta_value NOT LIKE '%Contributor%' AND umt.meta_value NOT LIKE '%Sub...' at line 11 for query 
		SELECT u.ID, umt1.meta_value as last_update
		FROM wp_users as u
		    LEFT JOIN wp_usermeta AS um ON ( u.ID = um.user_id AND um.meta_key = 'rank_math_robots' )
		    LEFT JOIN wp_usermeta AS umt ON ( u.ID = umt.user_id AND umt.meta_key = 'wp_capabilities' )
		    LEFT JOIN wp_usermeta AS umt1 ON ( u.ID = umt1.user_id AND umt1.meta_key = 'last_update' )
		    WHERE ( (
		 		( um.meta_key = 'rank_math_robots' AND um.meta_value NOT LIKE '%noindex%' )
		 		OR um.user_id IS NULL
			)
			AND (  umt1.meta_key = 'last_update' OR umt1.user_id IS NULL )
			AND ( umt.meta_key ='wp_capabilities' AND (  AND umt.meta_value NOT LIKE '%Contributor%' AND umt.meta_value NOT LIKE '%Subscriber%' ) ) )
		    AND u.ID IN (
			SELECT post_author
			FROM wp_posts as p
			WHERE p.post_status = 'publish' AND p.post_password = ''
			
		)
		ORDER BY umt1.meta_value DESC
		  made by require('wp-blog-header.php'), wp, WP->main, WP->query_posts, WP_Query->query, WP_Query->get_posts, WP_Query->parse_query, do_action_ref_array('parse_query'), WP_Hook->do_action, WP_Hook->apply_filters, RankMath\Sitemap\Router->request_sitemap, RankMath\Sitemap\Sitemap_XML->__construct, RankMath\Sitemap\Sitemap_XML->output, RankMath\Sitemap\Sitemap_XML->has_sitemap_in_cache, RankMath\Sitemap\Sitemap_XML->build_sitemap, RankMath\Sitemap\Generator->get_output, RankMath\Sitemap\Generator->build_sitemap, RankMath\Sitemap\Generator->build_root_map, RankMath\Sitemap\Providers\Author->get_index_links, RankMath\Sitemap\Providers\Author->get_index_users, RankMath\Helpers\DB::get_results, RankMath\Admin\Database\Query_Builder->get_results, RankMath\Admin\Database\Query_Builder->run
[08-Sep-2026 10:41:08 UTC] Spectra: CSS/JS generation returned empty for post 23282 (type: js). Keeping existing file to prevent 404.
[08-Sep-2026 10:41:16 UTC] Spectra: CSS/JS generation returned empty for post 19169 (type: js). Keeping existing file to prevent 404.
[08-Sep-2026 10:41:48 UTC] Spectra: CSS/JS generation returned empty for post 20405 (type: js). Keeping existing file to prevent 404.
[08-Sep-2026 10:43:39 UTC] Spectra: CSS/JS generation returned empty for post 11499 (type: js). Keeping existing file to prevent 404.
[08-Sep-2026 10:44:56 UTC] Spectra: CSS/JS generation returned empty for post 22878 (type: js). Keeping existing file to prevent 404.
[08-Sep-2026 10:45:50 UTC] Spectra: CSS/JS generation returned empty for post 8209 (type: js). Keeping existing file to prevent 404.
[08-Sep-2026 10:47:51 UTC] Spectra: CSS/JS generation returned empty for post 22860 (type: js). Keeping existing file to prevent 404.
[08-Sep-2026 10:50:43 UTC] Spectra: CSS/JS generation returned empty for post 18413 (type: js). Keeping existing file to prevent 404.
[08-Sep-2026 10:51:26 UTC] Spectra: CSS/JS generation returned empty for post 7739 (type: js). Keeping existing file to prevent 404.
[08-Sep-2026 10:53:35 UTC] Spectra: CSS/JS generation returned empty for post 8209 (type: js). Keeping existing file to prevent 404.
[08-Sep-2026 10:53:36 UTC] Spectra: CSS/JS generation returned empty for post 17377 (type: js). Keeping existing file to prevent 404.
[08-Sep-2026 10:53:59 UTC] Spectra: CSS/JS generation returned empty for post 23288 (type: js). Keeping existing file to prevent 404.
[08-Sep-2026 10:54:52 UTC] Spectra: CSS/JS generation returned empty for post 19169 (type: js). Keeping existing file to prevent 404.
[08-Sep-2026 10:55:38 UTC] Spectra: CSS/JS generation returned empty for post 7037 (type: js). Keeping existing file to prevent 404.
[08-Sep-2026 10:56:43 UTC] Spectra: CSS/JS generation returned empty for post 26199 (type: js). Keeping existing file to prevent 404.
[08-Sep-2026 10:58:47 UTC] WordPress database error You have an error in your SQL syntax; check the manual that corresponds to your MariaDB server version for the right syntax to use near 'AND umt.meta_value NOT LIKE '%Contributor%' AND umt.meta_value NOT LIKE '%Sub...' at line 11 for query 
		SELECT u.ID, umt1.meta_value as last_update
		FROM wp_users as u
		    LEFT JOIN wp_usermeta AS um ON ( u.ID = um.user_id AND um.meta_key = 'rank_math_robots' )
		    LEFT JOIN wp_usermeta AS umt ON ( u.ID = umt.user_id AND umt.meta_key = 'wp_capabilities' )
		    LEFT JOIN wp_usermeta AS umt1 ON ( u.ID = umt1.user_id AND umt1.meta_key = 'last_update' )
		    WHERE ( (
		 		( um.meta_key = 'rank_math_robots' AND um.meta_value NOT LIKE '%noindex%' )
		 		OR um.user_id IS NULL
			)
			AND (  umt1.meta_key = 'last_update' OR umt1.user_id IS NULL )
			AND ( umt.meta_key ='wp_capabilities' AND (  AND umt.meta_value NOT LIKE '%Contributor%' AND umt.meta_value NOT LIKE '%Subscriber%' ) ) )
		    AND u.ID IN (
			SELECT post_author
			FROM wp_posts as p
			WHERE p.post_status = 'publish' AND p.post_password = ''
			
		)
		ORDER BY umt1.meta_value DESC
		  made by require('wp-blog-header.php'), wp, WP->main, WP->query_posts, WP_Query->query, WP_Query->get_posts, WP_Query->parse_query, do_action_ref_array('parse_query'), WP_Hook->do_action, WP_Hook->apply_filters, RankMath\Sitemap\Router->request_sitemap, RankMath\Sitemap\Sitemap_XML->__construct, RankMath\Sitemap\Sitemap_XML->output, RankMath\Sitemap\Sitemap_XML->has_sitemap_in_cache, RankMath\Sitemap\Sitemap_XML->build_sitemap, RankMath\Sitemap\Generator->get_output, RankMath\Sitemap\Generator->build_sitemap, RankMath\Sitemap\Generator->build_root_map, RankMath\Sitemap\Providers\Author->get_index_links, RankMath\Sitemap\Providers\Author->get_index_users, RankMath\Helpers\DB::get_results, RankMath\Admin\Database\Query_Builder->get_results, RankMath\Admin\Database\Query_Builder->run
[08-Sep-2026 10:59:59 UTC] Spectra: CSS/JS generation returned empty for post 23288 (type: js). Keeping existing file to prevent 404.
[08-Sep-2026 11:01:56 UTC] Spectra: CSS/JS generation returned empty for post 20405 (type: js). Keeping existing file to prevent 404.
[08-Sep-2026 11:03:09 UTC] Spectra: CSS/JS generation returned empty for post 21323 (type: js). Keeping existing file to prevent 404.
[08-Sep-2026 11:03:09 UTC] Spectra: CSS/JS generation returned empty for post 21327 (type: js). Keeping existing file to prevent 404.
[08-Sep-2026 11:04:02 UTC] Spectra: CSS/JS generation returned empty for post 19169 (type: js). Keeping existing file to prevent 404.
[08-Sep-2026 11:04:37 UTC] Spectra: CSS/JS generation returned empty for post 24731 (type: js). Keeping existing file to prevent 404.
[08-Sep-2026 11:04:38 UTC] WordPress database error You have an error in your SQL syntax; check the manual that corresponds to your MariaDB server version for the right syntax to use near 'AND umt.meta_value NOT LIKE '%Contributor%' AND umt.meta_value NOT LIKE '%Sub...' at line 11 for query 
		SELECT u.ID, umt1.meta_value as last_update
		FROM wp_users as u
		    LEFT JOIN wp_usermeta AS um ON ( u.ID = um.user_id AND um.meta_key = 'rank_math_robots' )
		    LEFT JOIN wp_usermeta AS umt ON ( u.ID = umt.user_id AND umt.meta_key = 'wp_capabilities' )
		    LEFT JOIN wp_usermeta AS umt1 ON ( u.ID = umt1.user_id AND umt1.meta_key = 'last_update' )
		    WHERE ( (
		 		( um.meta_key = 'rank_math_robots' AND um.meta_value NOT LIKE '%noindex%' )
		 		OR um.user_id IS NULL
			)
			AND (  umt1.meta_key = 'last_update' OR umt1.user_id IS NULL )
			AND ( umt.meta_key ='wp_capabilities' AND (  AND umt.meta_value NOT LIKE '%Contributor%' AND umt.meta_value NOT LIKE '%Subscriber%' ) ) )
		    AND u.ID IN (
			SELECT post_author
			FROM wp_posts as p
			WHERE p.post_status = 'publish' AND p.post_password = ''
			
		)
		ORDER BY umt1.meta_value DESC
		  made by require('wp-blog-header.php'), wp, WP->main, WP->query_posts, WP_Query->query, WP_Query->get_posts, WP_Query->parse_query, do_action_ref_array('parse_query'), WP_Hook->do_action, WP_Hook->apply_filters, RankMath\Sitemap\Router->request_sitemap, RankMath\Sitemap\Sitemap_XML->__construct, RankMath\Sitemap\Sitemap_XML->output, RankMath\Sitemap\Sitemap_XML->has_sitemap_in_cache, RankMath\Sitemap\Sitemap_XML->build_sitemap, RankMath\Sitemap\Generator->get_output, RankMath\Sitemap\Generator->build_sitemap, RankMath\Sitemap\Generator->build_root_map, RankMath\Sitemap\Providers\Author->get_index_links, RankMath\Sitemap\Providers\Author->get_index_users, RankMath\Helpers\DB::get_results, RankMath\Admin\Database\Query_Builder->get_results, RankMath\Admin\Database\Query_Builder->run
[08-Sep-2026 11:07:21 UTC] Spectra: CSS/JS generation returned empty for post 21505 (type: js). Keeping existing file to prevent 404.
[08-Sep-2026 11:07:37 UTC] Spectra: CSS/JS generation returned empty for post 20440 (type: js). Keeping existing file to prevent 404.
[08-Sep-2026 11:09:05 UTC] Spectra: CSS/JS generation returned empty for post 24726 (type: js). Keeping existing file to prevent 404.
[08-Sep-2026 11:09:31 UTC] Spectra: CSS/JS generation returned empty for post 19123 (type: js). Keeping existing file to prevent 404.
[08-Sep-2026 11:09:48 UTC] Spectra: CSS/JS generation returned empty for post 11033 (type: js). Keeping existing file to prevent 404.
[08-Sep-2026 11:11:24 UTC] Spectra: CSS/JS generation returned empty for post 19169 (type: js). Keeping existing file to prevent 404.
[08-Sep-2026 11:11:40 UTC] Spectra: CSS/JS generation returned empty for post 23288 (type: js). Keeping existing file to prevent 404.
[08-Sep-2026 11:12:06 UTC] Spectra: CSS/JS generation returned empty for post 19123 (type: js). Keeping existing file to prevent 404.
[08-Sep-2026 11:12:11 UTC] Spectra: CSS/JS generation returned empty for post 7731 (type: js). Keeping existing file to prevent 404.
[08-Sep-2026 11:12:11 UTC] Spectra: CSS/JS generation returned empty for post 21265 (type: js). Keeping existing file to prevent 404.
[08-Sep-2026 11:12:11 UTC] Cron unschedule event error for hook: litespeed_task_health, Error code: could_not_set, Error message: The cron event list could not be saved., Data: {"schedule":false,"args":[]}
[08-Sep-2026 11:12:12 UTC] Cron unschedule event error for hook: litespeed_task_health, Error code: could_not_set, Error message: The cron event list could not be saved., Data: {"schedule":false,"args":[]}
[08-Sep-2026 11:12:45 UTC] Spectra: CSS/JS generation returned empty for post 23294 (type: js). Keeping existing file to prevent 404.
[08-Sep-2026 11:12:46 UTC] Cron unschedule event error for hook: litespeed_task_health, Error code: could_not_set, Error message: The cron event list could not be saved., Data: {"schedule":false,"args":[]}
[08-Sep-2026 11:13:43 UTC] Spectra: CSS/JS generation returned empty for post 22511 (type: js). Keeping existing file to prevent 404.
[08-Sep-2026 11:13:45 UTC] Cron unschedule event error for hook: litespeed_task_health, Error code: could_not_set, Error message: The cron event list could not be saved., Data: {"schedule":false,"args":[]}
[08-Sep-2026 11:13:45 UTC] Cron unschedule event error for hook: litespeed_task_health, Error code: could_not_set, Error message: The cron event list could not be saved., Data: {"schedule":false,"args":[]}
[08-Sep-2026 11:13:52 UTC] Spectra: CSS/JS generation returned empty for post 23044 (type: js). Keeping existing file to prevent 404.
[08-Sep-2026 11:13:52 UTC] Cron unschedule event error for hook: litespeed_task_health, Error code: could_not_set, Error message: The cron event list could not be saved., Data: {"schedule":false,"args":[]}
[08-Sep-2026 11:14:23 UTC] Cron unschedule event error for hook: litespeed_task_health, Error code: could_not_set, Error message: The cron event list could not be saved., Data: {"schedule":false,"args":[]}
[08-Sep-2026 11:14:24 UTC] Spectra: CSS/JS generation returned empty for post 11147 (type: js). Keeping existing file to prevent 404.
[08-Sep-2026 11:14:24 UTC] Cron unschedule event error for hook: litespeed_task_health, Error code: could_not_set, Error message: The cron event list could not be saved., Data: {"schedule":false,"args":[]}
[08-Sep-2026 11:16:21 UTC] WordPress database error You have an error in your SQL syntax; check the manual that corresponds to your MariaDB server version for the right syntax to use near 'AND umt.meta_value NOT LIKE '%Contributor%' AND umt.meta_value NOT LIKE '%Sub...' at line 11 for query 
		SELECT u.ID, umt1.meta_value as last_update
		FROM wp_users as u
		    LEFT JOIN wp_usermeta AS um ON ( u.ID = um.user_id AND um.meta_key = 'rank_math_robots' )
		    LEFT JOIN wp_usermeta AS umt ON ( u.ID = umt.user_id AND umt.meta_key = 'wp_capabilities' )
		    LEFT JOIN wp_usermeta AS umt1 ON ( u.ID = umt1.user_id AND umt1.meta_key = 'last_update' )
		    WHERE ( (
		 		( um.meta_key = 'rank_math_robots' AND um.meta_value NOT LIKE '%noindex%' )
		 		OR um.user_id IS NULL
			)
			AND (  umt1.meta_key = 'last_update' OR umt1.user_id IS NULL )
			AND ( umt.meta_key ='wp_capabilities' AND (  AND umt.meta_value NOT LIKE '%Contributor%' AND umt.meta_value NOT LIKE '%Subscriber%' ) ) )
		    AND u.ID IN (
			SELECT post_author
			FROM wp_posts as p
			WHERE p.post_status = 'publish' AND p.post_password = ''
			
		)
		ORDER BY umt1.meta_value DESC
		  made by require('wp-blog-header.php'), wp, WP->main, WP->query_posts, WP_Query->query, WP_Query->get_posts, WP_Query->parse_query, do_action_ref_array('parse_query'), WP_Hook->do_action, WP_Hook->apply_filters, RankMath\Sitemap\Router->request_sitemap, RankMath\Sitemap\Sitemap_XML->__construct, RankMath\Sitemap\Sitemap_XML->output, RankMath\Sitemap\Sitemap_XML->has_sitemap_in_cache, RankMath\Sitemap\Sitemap_XML->build_sitemap, RankMath\Sitemap\Generator->get_output, RankMath\Sitemap\Generator->build_sitemap, RankMath\Sitemap\Generator->build_root_map, RankMath\Sitemap\Providers\Author->get_index_links, RankMath\Sitemap\Providers\Author->get_index_users, RankMath\Helpers\DB::get_results, RankMath\Admin\Database\Query_Builder->get_results, RankMath\Admin\Database\Query_Builder->run
[08-Sep-2026 11:17:58 UTC] Spectra: CSS/JS generation returned empty for post 23288 (type: js). Keeping existing file to prevent 404.
[08-Sep-2026 11:20:40 UTC] Spectra: CSS/JS generation returned empty for post 11762 (type: js). Keeping existing file to prevent 404.
[08-Sep-2026 11:24:53 UTC] Spectra: CSS/JS generation returned empty for post 7745 (type: js). Keeping existing file to prevent 404.
[08-Sep-2026 11:24:54 UTC] Spectra: CSS/JS generation returned empty for post 19123 (type: js). Keeping existing file to prevent 404.
[08-Sep-2026 11:24:54 UTC] Spectra: CSS/JS generation returned empty for post 7739 (type: js). Keeping existing file to prevent 404.
[08-Sep-2026 11:28:47 UTC] Spectra: CSS/JS generation returned empty for post 22816 (type: js). Keeping existing file to prevent 404.
[08-Sep-2026 11:28:54 UTC] Spectra: CSS/JS generation returned empty for post 17377 (type: js). Keeping existing file to prevent 404.
[08-Sep-2026 11:29:22 UTC] Spectra: CSS/JS generation returned empty for post 8209 (type: js). Keeping existing file to prevent 404.
[08-Sep-2026 11:29:29 UTC] Spectra: CSS/JS generation returned empty for post 19169 (type: js). Keeping existing file to prevent 404.
[08-Sep-2026 11:29:33 UTC] Spectra: CSS/JS generation returned empty for post 26866 (type: js). Keeping existing file to prevent 404.
[08-Sep-2026 11:30:13 UTC] Spectra: CSS/JS generation returned empty for post 22860 (type: js). Keeping existing file to prevent 404.
[08-Sep-2026 11:31:39 UTC] Spectra: CSS/JS generation returned empty for post 7037 (type: js). Keeping existing file to prevent 404.
[08-Sep-2026 11:31:43 UTC] Spectra: CSS/JS generation returned empty for post 21336 (type: js). Keeping existing file to prevent 404.
[08-Sep-2026 11:32:18 UTC] Spectra: CSS/JS generation returned empty for post 8209 (type: js). Keeping existing file to prevent 404.
[08-Sep-2026 11:32:30 UTC] Spectra: CSS/JS generation returned empty for post 19169 (type: js). Keeping existing file to prevent 404.
[08-Sep-2026 11:34:08 UTC] Spectra: CSS/JS generation returned empty for post 20440 (type: js). Keeping existing file to prevent 404.
[08-Sep-2026 11:34:30 UTC] WordPress database error You have an error in your SQL syntax; check the manual that corresponds to your MariaDB server version for the right syntax to use near 'AND umt.meta_value NOT LIKE '%Contributor%' AND umt.meta_value NOT LIKE '%Sub...' at line 11 for query 
		SELECT u.ID, umt1.meta_value as last_update
		FROM wp_users as u
		    LEFT JOIN wp_usermeta AS um ON ( u.ID = um.user_id AND um.meta_key = 'rank_math_robots' )
		    LEFT JOIN wp_usermeta AS umt ON ( u.ID = umt.user_id AND umt.meta_key = 'wp_capabilities' )
		    LEFT JOIN wp_usermeta AS umt1 ON ( u.ID = umt1.user_id AND umt1.meta_key = 'last_update' )
		    WHERE ( (
		 		( um.meta_key = 'rank_math_robots' AND um.meta_value NOT LIKE '%noindex%' )
		 		OR um.user_id IS NULL
			)
			AND (  umt1.meta_key = 'last_update' OR umt1.user_id IS NULL )
			AND ( umt.meta_key ='wp_capabilities' AND (  AND umt.meta_value NOT LIKE '%Contributor%' AND umt.meta_value NOT LIKE '%Subscriber%' ) ) )
		    AND u.ID IN (
			SELECT post_author
			FROM wp_posts as p
			WHERE p.post_status = 'publish' AND p.post_password = ''
			
		)
		ORDER BY umt1.meta_value DESC
		  made by require('wp-blog-header.php'), wp, WP->main, WP->query_posts, WP_Query->query, WP_Query->get_posts, WP_Query->parse_query, do_action_ref_array('parse_query'), WP_Hook->do_action, WP_Hook->apply_filters, RankMath\Sitemap\Router->request_sitemap, RankMath\Sitemap\Sitemap_XML->__construct, RankMath\Sitemap\Sitemap_XML->output, RankMath\Sitemap\Sitemap_XML->has_sitemap_in_cache, RankMath\Sitemap\Sitemap_XML->build_sitemap, RankMath\Sitemap\Generator->get_output, RankMath\Sitemap\Generator->build_sitemap, RankMath\Sitemap\Generator->build_root_map, RankMath\Sitemap\Providers\Author->get_index_links, RankMath\Sitemap\Providers\Author->get_index_users, RankMath\Helpers\DB::get_results, RankMath\Admin\Database\Query_Builder->get_results, RankMath\Admin\Database\Query_Builder->run
[08-Sep-2026 11:38:33 UTC] Spectra: CSS/JS generation returned empty for post 19169 (type: js). Keeping existing file to prevent 404.
[08-Sep-2026 11:41:58 UTC] Spectra: CSS/JS generation returned empty for post 17048 (type: js). Keeping existing file to prevent 404.
[08-Sep-2026 11:42:12 UTC] Spectra: CSS/JS generation returned empty for post 20421 (type: js). Keeping existing file to prevent 404.
[08-Sep-2026 11:43:08 UTC] Spectra: CSS/JS generation returned empty for post 12064 (type: js). Keeping existing file to prevent 404.
[08-Sep-2026 11:45:08 UTC] Spectra: CSS/JS generation returned empty for post 18413 (type: js). Keeping existing file to prevent 404.
[08-Sep-2026 11:45:08 UTC] Spectra: CSS/JS generation returned empty for post 19123 (type: js). Keeping existing file to prevent 404.
[08-Sep-2026 11:45:17 UTC] Spectra: CSS/JS generation returned empty for post 11033 (type: js). Keeping existing file to prevent 404.
[08-Sep-2026 11:48:29 UTC] Spectra: CSS/JS generation returned empty for post 6897 (type: js). Keeping existing file to prevent 404.
[08-Sep-2026 11:49:56 UTC] Spectra: CSS/JS generation returned empty for post 21327 (type: js). Keeping existing file to prevent 404.
[08-Sep-2026 11:51:59 UTC] Spectra: CSS/JS generation returned empty for post 19169 (type: js). Keeping existing file to prevent 404.
[08-Sep-2026 11:56:03 UTC] WordPress database error You have an error in your SQL syntax; check the manual that corresponds to your MariaDB server version for the right syntax to use near 'AND umt.meta_value NOT LIKE '%Contributor%' AND umt.meta_value NOT LIKE '%Sub...' at line 11 for query 
		SELECT u.ID, umt1.meta_value as last_update
		FROM wp_users as u
		    LEFT JOIN wp_usermeta AS um ON ( u.ID = um.user_id AND um.meta_key = 'rank_math_robots' )
		    LEFT JOIN wp_usermeta AS umt ON ( u.ID = umt.user_id AND umt.meta_key = 'wp_capabilities' )
		    LEFT JOIN wp_usermeta AS umt1 ON ( u.ID = umt1.user_id AND umt1.meta_key = 'last_update' )
		    WHERE ( (
		 		( um.meta_key = 'rank_math_robots' AND um.meta_value NOT LIKE '%noindex%' )
		 		OR um.user_id IS NULL
			)
			AND (  umt1.meta_key = 'last_update' OR umt1.user_id IS NULL )
			AND ( umt.meta_key ='wp_capabilities' AND (  AND umt.meta_value NOT LIKE '%Contributor%' AND umt.meta_value NOT LIKE '%Subscriber%' ) ) )
		    AND u.ID IN (
			SELECT post_author
			FROM wp_posts as p
			WHERE p.post_status = 'publish' AND p.post_password = ''
			
		)
		ORDER BY umt1.meta_value DESC
		  made by require('wp-blog-header.php'), wp, WP->main, WP->query_posts, WP_Query->query, WP_Query->get_posts, WP_Query->parse_query, do_action_ref_array('parse_query'), WP_Hook->do_action, WP_Hook->apply_filters, RankMath\Sitemap\Router->request_sitemap, RankMath\Sitemap\Sitemap_XML->__construct, RankMath\Sitemap\Sitemap_XML->output, RankMath\Sitemap\Sitemap_XML->has_sitemap_in_cache, RankMath\Sitemap\Sitemap_XML->build_sitemap, RankMath\Sitemap\Generator->get_output, RankMath\Sitemap\Generator->build_sitemap, RankMath\Sitemap\Generator->build_root_map, RankMath\Sitemap\Providers\Author->get_index_links, RankMath\Sitemap\Providers\Author->get_index_users, RankMath\Helpers\DB::get_results, RankMath\Admin\Database\Query_Builder->get_results, RankMath\Admin\Database\Query_Builder->run
[08-Sep-2026 12:02:41 UTC] Spectra: CSS/JS generation returned empty for post 17377 (type: js). Keeping existing file to prevent 404.
[08-Sep-2026 12:07:01 UTC] Spectra: CSS/JS generation returned empty for post 19123 (type: js). Keeping existing file to prevent 404.
[08-Sep-2026 12:09:39 UTC] Spectra: CSS/JS generation returned empty for post 19169 (type: js). Keeping existing file to prevent 404.
[08-Sep-2026 12:13:22 UTC] Spectra: CSS/JS generation returned empty for post 6897 (type: js). Keeping existing file to prevent 404.
[08-Sep-2026 12:13:23 UTC] Cron unschedule event error for hook: litespeed_task_health, Error code: could_not_set, Error message: The cron event list could not be saved., Data: {"schedule":false,"args":[]}
[08-Sep-2026 12:14:20 UTC] Spectra: CSS/JS generation returned empty for post 11033 (type: js). Keeping existing file to prevent 404.
[08-Sep-2026 12:14:21 UTC] Cron unschedule event error for hook: litespeed_task_health, Error code: could_not_set, Error message: The cron event list could not be saved., Data: {"schedule":false,"args":[]}
[08-Sep-2026 12:24:12 UTC] Spectra: CSS/JS generation returned empty for post 23063 (type: js). Keeping existing file to prevent 404.
[08-Sep-2026 12:24:16 UTC] WordPress database error You have an error in your SQL syntax; check the manual that corresponds to your MariaDB server version for the right syntax to use near 'AND umt.meta_value NOT LIKE '%Contributor%' AND umt.meta_value NOT LIKE '%Sub...' at line 11 for query 
		SELECT u.ID, umt1.meta_value as last_update
		FROM wp_users as u
		    LEFT JOIN wp_usermeta AS um ON ( u.ID = um.user_id AND um.meta_key = 'rank_math_robots' )
		    LEFT JOIN wp_usermeta AS umt ON ( u.ID = umt.user_id AND umt.meta_key = 'wp_capabilities' )
		    LEFT JOIN wp_usermeta AS umt1 ON ( u.ID = umt1.user_id AND umt1.meta_key = 'last_update' )
		    WHERE ( (
		 		( um.meta_key = 'rank_math_robots' AND um.meta_value NOT LIKE '%noindex%' )
		 		OR um.user_id IS NULL
			)
			AND (  umt1.meta_key = 'last_update' OR umt1.user_id IS NULL )
			AND ( umt.meta_key ='wp_capabilities' AND (  AND umt.meta_value NOT LIKE '%Contributor%' AND umt.meta_value NOT LIKE '%Subscriber%' ) ) )
		    AND u.ID IN (
			SELECT post_author
			FROM wp_posts as p
			WHERE p.post_status = 'publish' AND p.post_password = ''
			
		)
		ORDER BY umt1.meta_value DESC
		  made by require('wp-blog-header.php'), wp, WP->main, WP->query_posts, WP_Query->query, WP_Query->get_posts, WP_Query->parse_query, do_action_ref_array('parse_query'), WP_Hook->do_action, WP_Hook->apply_filters, RankMath\Sitemap\Router->request_sitemap, RankMath\Sitemap\Sitemap_XML->__construct, RankMath\Sitemap\Sitemap_XML->output, RankMath\Sitemap\Sitemap_XML->has_sitemap_in_cache, RankMath\Sitemap\Sitemap_XML->build_sitemap, RankMath\Sitemap\Generator->get_output, RankMath\Sitemap\Generator->build_sitemap, RankMath\Sitemap\Generator->build_root_map, RankMath\Sitemap\Providers\Author->get_index_links, RankMath\Sitemap\Providers\Author->get_index_users, RankMath\Helpers\DB::get_results, RankMath\Admin\Database\Query_Builder->get_results, RankMath\Admin\Database\Query_Builder->run
[08-Sep-2026 12:24:19 UTC] Spectra: CSS/JS generation returned empty for post 20405 (type: js). Keeping existing file to prevent 404.
[08-Sep-2026 12:24:32 UTC] Spectra: CSS/JS generation returned empty for post 24529 (type: js). Keeping existing file to prevent 404.
[08-Sep-2026 12:24:35 UTC] Spectra: CSS/JS generation returned empty for post 19169 (type: js). Keeping existing file to prevent 404.
[08-Sep-2026 12:27:01 UTC] Spectra: CSS/JS generation returned empty for post 22816 (type: js). Keeping existing file to prevent 404.
[08-Sep-2026 12:27:01 UTC] Cron unschedule event error for hook: litespeed_task_health, Error code: could_not_set, Error message: The cron event list could not be saved., Data: {"schedule":false,"args":[]}
[08-Sep-2026 12:27:02 UTC] Cron unschedule event error for hook: litespeed_task_health, Error code: could_not_set, Error message: The cron event list could not be saved., Data: {"schedule":false,"args":[]}
[08-Sep-2026 12:27:03 UTC] Cron unschedule event error for hook: litespeed_task_health, Error code: could_not_set, Error message: The cron event list could not be saved., Data: {"schedule":false,"args":[]}
[08-Sep-2026 12:27:03 UTC] Cron unschedule event error for hook: litespeed_task_health, Error code: could_not_set, Error message: The cron event list could not be saved., Data: {"schedule":false,"args":[]}
[08-Sep-2026 12:27:03 UTC] Cron unschedule event error for hook: litespeed_task_health, Error code: could_not_set, Error message: The cron event list could not be saved., Data: {"schedule":false,"args":[]}
[08-Sep-2026 12:27:04 UTC] Cron unschedule event error for hook: litespeed_task_health, Error code: could_not_set, Error message: The cron event list could not be saved., Data: {"schedule":false,"args":[]}
[08-Sep-2026 12:27:05 UTC] Cron unschedule event error for hook: litespeed_task_health, Error code: could_not_set, Error message: The cron event list could not be saved., Data: {"schedule":false,"args":[]}
[08-Sep-2026 12:27:06 UTC] Cron unschedule event error for hook: litespeed_task_health, Error code: could_not_set, Error message: The cron event list could not be saved., Data: {"schedule":false,"args":[]}
[08-Sep-2026 12:27:07 UTC] Cron unschedule event error for hook: litespeed_task_health, Error code: could_not_set, Error message: The cron event list could not be saved., Data: {"schedule":false,"args":[]}
[08-Sep-2026 12:27:07 UTC] Spectra: CSS/JS generation returned empty for post 22852 (type: js). Keeping existing file to prevent 404.
[08-Sep-2026 12:27:08 UTC] Cron unschedule event error for hook: litespeed_task_health, Error code: could_not_set, Error message: The cron event list could not be saved., Data: {"schedule":false,"args":[]}
[08-Sep-2026 12:27:08 UTC] Cron unschedule event error for hook: litespeed_task_health, Error code: could_not_set, Error message: The cron event list could not be saved., Data: {"schedule":false,"args":[]}
[08-Sep-2026 12:27:09 UTC] Cron unschedule event error for hook: litespeed_task_health, Error code: could_not_set, Error message: The cron event list could not be saved., Data: {"schedule":false,"args":[]}
[08-Sep-2026 12:27:09 UTC] Cron unschedule event error for hook: litespeed_task_health, Error code: could_not_set, Error message: The cron event list could not be saved., Data: {"schedule":false,"args":[]}
[08-Sep-2026 12:27:10 UTC] Cron unschedule event error for hook: litespeed_task_health, Error code: could_not_set, Error message: The cron event list could not be saved., Data: {"schedule":false,"args":[]}
[08-Sep-2026 12:27:10 UTC] Cron unschedule event error for hook: litespeed_task_health, Error code: could_not_set, Error message: The cron event list could not be saved., Data: {"schedule":false,"args":[]}
[08-Sep-2026 12:27:11 UTC] Cron unschedule event error for hook: litespeed_task_health, Error code: could_not_set, Error message: The cron event list could not be saved., Data: {"schedule":false,"args":[]}
[08-Sep-2026 12:27:12 UTC] Cron unschedule event error for hook: litespeed_task_health, Error code: could_not_set, Error message: The cron event list could not be saved., Data: {"schedule":false,"args":[]}
[08-Sep-2026 12:27:13 UTC] Spectra: CSS/JS generation returned empty for post 11147 (type: js). Keeping existing file to prevent 404.
[08-Sep-2026 12:27:13 UTC] Cron unschedule event error for hook: litespeed_task_health, Error code: could_not_set, Error message: The cron event list could not be saved., Data: {"schedule":false,"args":[]}
[08-Sep-2026 12:27:14 UTC] Cron unschedule event error for hook: litespeed_task_health, Error code: could_not_set, Error message: The cron event list could not be saved., Data: {"schedule":false,"args":[]}
[08-Sep-2026 12:27:14 UTC] Spectra: CSS/JS generation returned empty for post 22860 (type: js). Keeping existing file to prevent 404.
[08-Sep-2026 12:27:14 UTC] Cron unschedule event error for hook: litespeed_task_health, Error code: could_not_set, Error message: The cron event list could not be saved., Data: {"schedule":false,"args":[]}
[08-Sep-2026 12:27:15 UTC] Cron unschedule event error for hook: litespeed_task_health, Error code: could_not_set, Error message: The cron event list could not be saved., Data: {"schedule":false,"args":[]}
[08-Sep-2026 12:27:15 UTC] Cron unschedule event error for hook: litespeed_task_health, Error code: could_not_set, Error message: The cron event list could not be saved., Data: {"schedule":false,"args":[]}
[08-Sep-2026 12:27:15 UTC] Spectra: CSS/JS generation returned empty for post 17048 (type: js). Keeping existing file to prevent 404.
[08-Sep-2026 12:27:16 UTC] Cron unschedule event error for hook: litespeed_task_health, Error code: could_not_set, Error message: The cron event list could not be saved., Data: {"schedule":false,"args":[]}
[08-Sep-2026 12:27:16 UTC] Cron unschedule event error for hook: litespeed_task_health, Error code: could_not_set, Error message: The cron event list could not be saved., Data: {"schedule":false,"args":[]}
[08-Sep-2026 12:27:17 UTC] Cron unschedule event error for hook: litespeed_task_health, Error code: could_not_set, Error message: The cron event list could not be saved., Data: {"schedule":false,"args":[]}
[08-Sep-2026 12:27:17 UTC] Cron unschedule event error for hook: litespeed_task_health, Error code: could_not_set, Error message: The cron event list could not be saved., Data: {"schedule":false,"args":[]}
[08-Sep-2026 12:27:17 UTC] Cron unschedule event error for hook: litespeed_task_health, Error code: could_not_set, Error message: The cron event list could not be saved., Data: {"schedule":false,"args":[]}
[08-Sep-2026 12:27:17 UTC] Cron unschedule event error for hook: litespeed_task_health, Error code: could_not_set, Error message: The cron event list could not be saved., Data: {"schedule":false,"args":[]}
[08-Sep-2026 12:27:18 UTC] Cron unschedule event error for hook: litespeed_task_health, Error code: could_not_set, Error message: The cron event list could not be saved., Data: {"schedule":false,"args":[]}
[08-Sep-2026 12:27:18 UTC] Cron unschedule event error for hook: litespeed_task_health, Error code: could_not_set, Error message: The cron event list could not be saved., Data: {"schedule":false,"args":[]}
[08-Sep-2026 12:27:18 UTC] Cron unschedule event error for hook: litespeed_task_health, Error code: could_not_set, Error message: The cron event list could not be saved., Data: {"schedule":false,"args":[]}
[08-Sep-2026 12:27:19 UTC] Cron unschedule event error for hook: litespeed_task_health, Error code: could_not_set, Error message: The cron event list could not be saved., Data: {"schedule":false,"args":[]}
[08-Sep-2026 12:27:20 UTC] Cron unschedule event error for hook: litespeed_task_health, Error code: could_not_set, Error message: The cron event list could not be saved., Data: {"schedule":false,"args":[]}
[08-Sep-2026 12:27:20 UTC] Cron unschedule event error for hook: litespeed_task_health, Error code: could_not_set, Error message: The cron event list could not be saved., Data: {"schedule":false,"args":[]}
[08-Sep-2026 12:27:21 UTC] Cron unschedule event error for hook: litespeed_task_health, Error code: could_not_set, Error message: The cron event list could not be saved., Data: {"schedule":false,"args":[]}
[08-Sep-2026 12:27:21 UTC] Cron unschedule event error for hook: litespeed_task_health, Error code: could_not_set, Error message: The cron event list could not be saved., Data: {"schedule":false,"args":[]}
[08-Sep-2026 12:27:22 UTC] Cron unschedule event error for hook: litespeed_task_health, Error code: could_not_set, Error message: The cron event list could not be saved., Data: {"schedule":false,"args":[]}
[08-Sep-2026 12:27:23 UTC] Cron unschedule event error for hook: litespeed_task_health, Error code: could_not_set, Error message: The cron event list could not be saved., Data: {"schedule":false,"args":[]}
[08-Sep-2026 12:27:24 UTC] Cron unschedule event error for hook: litespeed_task_health, Error code: could_not_set, Error message: The cron event list could not be saved., Data: {"schedule":false,"args":[]}
[08-Sep-2026 12:27:54 UTC] Spectra: CSS/JS generation returned empty for post 19123 (type: js). Keeping existing file to prevent 404.
[08-Sep-2026 12:28:03 UTC] Spectra: CSS/JS generation returned empty for post 7745 (type: js). Keeping existing file to prevent 404.
[08-Sep-2026 12:28:10 UTC] Spectra: CSS/JS generation returned empty for post 7739 (type: js). Keeping existing file to prevent 404.
[08-Sep-2026 12:28:21 UTC] Spectra: CSS/JS generation returned empty for post 7731 (type: js). Keeping existing file to prevent 404.
[08-Sep-2026 12:28:30 UTC] Spectra: CSS/JS generation returned empty for post 18431 (type: js). Keeping existing file to prevent 404.
[08-Sep-2026 12:29:03 UTC] Spectra: CSS/JS generation returned empty for post 23282 (type: js). Keeping existing file to prevent 404.
[08-Sep-2026 12:29:09 UTC] Spectra: CSS/JS generation returned empty for post 23288 (type: js). Keeping existing file to prevent 404.
[08-Sep-2026 12:29:21 UTC] Spectra: CSS/JS generation returned empty for post 23294 (type: js). Keeping existing file to prevent 404.
[08-Sep-2026 12:30:41 UTC] Spectra: CSS/JS generation returned empty for post 21601 (type: js). Keeping existing file to prevent 404.
[08-Sep-2026 12:31:33 UTC] Spectra: CSS/JS generation returned empty for post 21336 (type: js). Keeping existing file to prevent 404.
[08-Sep-2026 12:33:17 UTC] Spectra: CSS/JS generation returned empty for post 23061 (type: js). Keeping existing file to prevent 404.
[08-Sep-2026 12:34:17 UTC] Spectra: CSS/JS generation returned empty for post 24184 (type: js). Keeping existing file to prevent 404.
[08-Sep-2026 12:43:37 UTC] Spectra: CSS/JS generation returned empty for post 17377 (type: js). Keeping existing file to prevent 404.
[08-Sep-2026 12:44:14 UTC] Spectra: CSS/JS generation returned empty for post 7037 (type: js). Keeping existing file to prevent 404.
[08-Sep-2026 12:51:01 UTC] Spectra: CSS/JS generation returned empty for post 26202 (type: js). Keeping existing file to prevent 404.
[08-Sep-2026 12:55:27 UTC] Spectra: CSS/JS generation returned empty for post 19169 (type: js). Keeping existing file to prevent 404.
[08-Sep-2026 12:55:41 UTC] Spectra: CSS/JS generation returned empty for post 7037 (type: js). Keeping existing file to prevent 404.
[08-Sep-2026 12:55:50 UTC] Spectra: CSS/JS generation returned empty for post 22816 (type: js). Keeping existing file to prevent 404.
[08-Sep-2026 12:57:31 UTC] Spectra: CSS/JS generation returned empty for post 18501 (type: js). Keeping existing file to prevent 404.
[08-Sep-2026 12:57:38 UTC] Spectra: CSS/JS generation returned empty for post 17048 (type: js). Keeping existing file to prevent 404.
[08-Sep-2026 12:58:55 UTC] Spectra: CSS/JS generation returned empty for post 1 (type: js). Keeping existing file to prevent 404.
[08-Sep-2026 12:59:03 UTC] Spectra: CSS/JS generation returned empty for post 7731 (type: js). Keeping existing file to prevent 404.
[08-Sep-2026 12:59:07 UTC] Spectra: CSS/JS generation returned empty for post 7745 (type: js). Keeping existing file to prevent 404.
[08-Sep-2026 12:59:23 UTC] Spectra: CSS/JS generation returned empty for post 19123 (type: js). Keeping existing file to prevent 404.
[08-Sep-2026 12:59:29 UTC] Cron reschedule event error for hook: action_scheduler_run_queue, Error code: could_not_set, Error message: The cron event list could not be saved., Data: {"schedule":"every_minute","args":["WP Cron"],"interval":60}
[08-Sep-2026 12:59:29 UTC] Spectra: CSS/JS generation returned empty for post 7739 (type: js). Keeping existing file to prevent 404.
[08-Sep-2026 12:59:34 UTC] Cron unschedule event error for hook: litespeed_task_health, Error code: could_not_set, Error message: The cron event list could not be saved., Data: {"schedule":false,"args":[]}
[08-Sep-2026 12:59:35 UTC] Cron unschedule event error for hook: litespeed_task_health, Error code: could_not_set, Error message: The cron event list could not be saved., Data: {"schedule":false,"args":[]}
[08-Sep-2026 12:59:35 UTC] Cron unschedule event error for hook: litespeed_task_health, Error code: could_not_set, Error message: The cron event list could not be saved., Data: {"schedule":false,"args":[]}
[08-Sep-2026 12:59:36 UTC] Spectra: CSS/JS generation returned empty for post 19169 (type: js). Keeping existing file to prevent 404.
[08-Sep-2026 12:59:58 UTC] Spectra: CSS/JS generation returned empty for post 18557 (type: js). Keeping existing file to prevent 404.
[08-Sep-2026 12:59:58 UTC] Spectra: CSS/JS generation returned empty for post 18557 (type: js). Keeping existing file to prevent 404.
[08-Sep-2026 13:00:09 UTC] Spectra: CSS/JS generation returned empty for post 7731 (type: js). Keeping existing file to prevent 404.
[08-Sep-2026 13:00:09 UTC] Spectra: CSS/JS generation returned empty for post 7731 (type: js). Keeping existing file to prevent 404.
[08-Sep-2026 13:00:19 UTC] Spectra: CSS/JS generation returned empty for post 7745 (type: js). Keeping existing file to prevent 404.
[08-Sep-2026 13:00:20 UTC] Spectra: CSS/JS generation returned empty for post 20440 (type: js). Keeping existing file to prevent 404.
[08-Sep-2026 13:00:31 UTC] Spectra: CSS/JS generation returned empty for post 11033 (type: js). Keeping existing file to prevent 404.
[08-Sep-2026 13:01:01 UTC] Spectra: CSS/JS generation returned empty for post 9895 (type: js). Keeping existing file to prevent 404.
[08-Sep-2026 13:01:09 UTC] Spectra: CSS/JS generation returned empty for post 11359 (type: js). Keeping existing file to prevent 404.
[08-Sep-2026 13:02:06 UTC] Spectra: CSS/JS generation returned empty for post 22816 (type: js). Keeping existing file to prevent 404.
[08-Sep-2026 13:02:20 UTC] Spectra: CSS/JS generation returned empty for post 20405 (type: js). Keeping existing file to prevent 404.
[08-Sep-2026 13:03:07 UTC] Spectra: CSS/JS generation returned empty for post 18431 (type: js). Keeping existing file to prevent 404.
[08-Sep-2026 13:03:25 UTC] Spectra: CSS/JS generation returned empty for post 26866 (type: js). Keeping existing file to prevent 404.
[08-Sep-2026 13:03:36 UTC] Spectra: CSS/JS generation returned empty for post 17048 (type: js). Keeping existing file to prevent 404.
[08-Sep-2026 13:04:00 UTC] Spectra: CSS/JS generation returned empty for post 21327 (type: js). Keeping existing file to prevent 404.
[08-Sep-2026 13:04:05 UTC] Spectra: CSS/JS generation returned empty for post 20636 (type: js). Keeping existing file to prevent 404.
[08-Sep-2026 13:04:06 UTC] Spectra: CSS/JS generation returned empty for post 8209 (type: js). Keeping existing file to prevent 404.
[08-Sep-2026 13:04:24 UTC] Spectra: CSS/JS generation returned empty for post 18413 (type: js). Keeping existing file to prevent 404.
[08-Sep-2026 13:04:31 UTC] Spectra: CSS/JS generation returned empty for post 17486 (type: js). Keeping existing file to prevent 404.
[08-Sep-2026 13:04:50 UTC] Spectra: CSS/JS generation returned empty for post 23294 (type: js). Keeping existing file to prevent 404.
[08-Sep-2026 13:07:47 UTC] Spectra: CSS/JS generation returned empty for post 21336 (type: js). Keeping existing file to prevent 404.
[08-Sep-2026 13:08:26 UTC] Spectra: CSS/JS generation returned empty for post 7037 (type: js). Keeping existing file to prevent 404.
[08-Sep-2026 13:10:09 UTC] Spectra: CSS/JS generation returned empty for post 11147 (type: js). Keeping existing file to prevent 404.
[08-Sep-2026 13:10:18 UTC] Spectra: CSS/JS generation returned empty for post 17374 (type: js). Keeping existing file to prevent 404.
[08-Sep-2026 13:11:41 UTC] Spectra: CSS/JS generation returned empty for post 7739 (type: js). Keeping existing file to prevent 404.
[08-Sep-2026 13:11:41 UTC] Spectra: CSS/JS generation returned empty for post 7739 (type: js). Keeping existing file to prevent 404.
[08-Sep-2026 13:15:56 UTC] Spectra: CSS/JS generation returned empty for post 23061 (type: js). Keeping existing file to prevent 404.
[08-Sep-2026 13:17:28 UTC] Spectra: CSS/JS generation returned empty for post 11142 (type: js). Keeping existing file to prevent 404.
[08-Sep-2026 13:18:35 UTC] Spectra: CSS/JS generation returned empty for post 24529 (type: js). Keeping existing file to prevent 404.
[08-Sep-2026 13:19:25 UTC] Spectra: CSS/JS generation returned empty for post 19123 (type: js). Keeping existing file to prevent 404.
[08-Sep-2026 13:22:38 UTC] Spectra: CSS/JS generation returned empty for post 22511 (type: js). Keeping existing file to prevent 404.
[08-Sep-2026 13:27:58 UTC] Spectra: CSS/JS generation returned empty for post 24568 (type: js). Keeping existing file to prevent 404.
[08-Sep-2026 13:28:53 UTC] Spectra: CSS/JS generation returned empty for post 21348 (type: js). Keeping existing file to prevent 404.
[08-Sep-2026 13:35:01 UTC] Cron reschedule event error for hook: action_scheduler_run_queue, Error code: could_not_set, Error message: The cron event list could not be saved., Data: {"schedule":"every_minute","args":["WP Cron"],"interval":60}
[08-Sep-2026 13:35:17 UTC] Spectra: CSS/JS generation returned empty for post 10861 (type: js). Keeping existing file to prevent 404.
[08-Sep-2026 13:46:38 UTC] Spectra: CSS/JS generation returned empty for post 17377 (type: js). Keeping existing file to prevent 404.
[08-Sep-2026 13:53:22 UTC] Spectra: CSS/JS generation returned empty for post 21265 (type: js). Keeping existing file to prevent 404.
[08-Sep-2026 13:56:37 UTC] Spectra: CSS/JS generation returned empty for post 21494 (type: js). Keeping existing file to prevent 404.
[08-Sep-2026 13:57:16 UTC] Spectra: CSS/JS generation returned empty for post 28452 (type: js). Keeping existing file to prevent 404.
[08-Sep-2026 14:02:15 UTC] Spectra: CSS/JS generation returned empty for post 24191 (type: js). Keeping existing file to prevent 404.
[08-Sep-2026 14:03:17 UTC] Spectra: CSS/JS generation returned empty for post 22878 (type: js). Keeping existing file to prevent 404.
[08-Sep-2026 14:03:24 UTC] Cron unschedule event error for hook: litespeed_task_health, Error code: could_not_set, Error message: The cron event list could not be saved., Data: {"schedule":false,"args":[]}
[08-Sep-2026 14:11:44 UTC] Spectra: CSS/JS generation returned empty for post 23481 (type: js). Keeping existing file to prevent 404.
[08-Sep-2026 14:18:44 UTC] Spectra: CSS/JS generation returned empty for post 11541 (type: js). Keeping existing file to prevent 404.
[08-Sep-2026 14:22:35 UTC] Spectra: CSS/JS generation returned empty for post 21593 (type: js). Keeping existing file to prevent 404.
[08-Sep-2026 14:22:56 UTC] Spectra: CSS/JS generation returned empty for post 22909 (type: js). Keeping existing file to prevent 404.
[08-Sep-2026 14:22:56 UTC] Spectra: CSS/JS generation returned empty for post 18574 (type: js). Keeping existing file to prevent 404.
[08-Sep-2026 14:22:57 UTC] Spectra: CSS/JS generation returned empty for post 18563 (type: js). Keeping existing file to prevent 404.
[08-Sep-2026 14:22:57 UTC] Spectra: CSS/JS generation returned empty for post 22905 (type: js). Keeping existing file to prevent 404.
[08-Sep-2026 14:22:57 UTC] Spectra: CSS/JS generation returned empty for post 23063 (type: js). Keeping existing file to prevent 404.
[08-Sep-2026 14:23:01 UTC] Spectra: CSS/JS generation returned empty for post 11563 (type: js). Keeping existing file to prevent 404.
[08-Sep-2026 14:23:01 UTC] Spectra: CSS/JS generation returned empty for post 29397 (type: js). Keeping existing file to prevent 404.
[08-Sep-2026 14:23:03 UTC] Spectra: CSS/JS generation returned empty for post 21344 (type: js). Keeping existing file to prevent 404.
[08-Sep-2026 14:23:04 UTC] Spectra: CSS/JS generation returned empty for post 22732 (type: js). Keeping existing file to prevent 404.
[08-Sep-2026 14:23:04 UTC] Spectra: CSS/JS generation returned empty for post 18494 (type: js). Keeping existing file to prevent 404.
[08-Sep-2026 14:23:05 UTC] Spectra: CSS/JS generation returned empty for post 22929 (type: js). Keeping existing file to prevent 404.
[08-Sep-2026 14:23:11 UTC] Spectra: CSS/JS generation returned empty for post 18534 (type: js). Keeping existing file to prevent 404.
[08-Sep-2026 14:23:11 UTC] Spectra: CSS/JS generation returned empty for post 18501 (type: js). Keeping existing file to prevent 404.
[08-Sep-2026 14:23:13 UTC] Spectra: CSS/JS generation returned empty for post 30629 (type: js). Keeping existing file to prevent 404.
[08-Sep-2026 14:23:13 UTC] Spectra: CSS/JS generation returned empty for post 22935 (type: js). Keeping existing file to prevent 404.
[08-Sep-2026 14:23:14 UTC] Spectra: CSS/JS generation returned empty for post 31409 (type: js). Keeping existing file to prevent 404.
[08-Sep-2026 14:23:14 UTC] Spectra: CSS/JS generation returned empty for post 30868 (type: js). Keeping existing file to prevent 404.
[08-Sep-2026 14:23:16 UTC] Spectra: CSS/JS generation returned empty for post 23288 (type: js). Keeping existing file to prevent 404.
[08-Sep-2026 14:23:16 UTC] Spectra: CSS/JS generation returned empty for post 28528 (type: js). Keeping existing file to prevent 404.
[08-Sep-2026 14:23:17 UTC] Spectra: CSS/JS generation returned empty for post 23059 (type: js). Keeping existing file to prevent 404.
[08-Sep-2026 14:23:18 UTC] Spectra: CSS/JS generation returned empty for post 22852 (type: js). Keeping existing file to prevent 404.
[08-Sep-2026 14:23:21 UTC] Spectra: CSS/JS generation returned empty for post 22927 (type: js). Keeping existing file to prevent 404.
[08-Sep-2026 14:23:22 UTC] Spectra: CSS/JS generation returned empty for post 22933 (type: js). Keeping existing file to prevent 404.
[08-Sep-2026 14:23:23 UTC] Spectra: CSS/JS generation returned empty for post 23282 (type: js). Keeping existing file to prevent 404.
[08-Sep-2026 14:23:24 UTC] Spectra: CSS/JS generation returned empty for post 23044 (type: js). Keeping existing file to prevent 404.
[08-Sep-2026 14:23:25 UTC] Spectra: CSS/JS generation returned empty for post 29395 (type: js). Keeping existing file to prevent 404.
[08-Sep-2026 14:23:25 UTC] Spectra: CSS/JS generation returned empty for post 22931 (type: js). Keeping existing file to prevent 404.
[08-Sep-2026 14:23:26 UTC] Spectra: CSS/JS generation returned empty for post 21601 (type: js). Keeping existing file to prevent 404.
[08-Sep-2026 14:23:26 UTC] Spectra: CSS/JS generation returned empty for post 22860 (type: js). Keeping existing file to prevent 404.
[08-Sep-2026 14:23:30 UTC] Cron unschedule event error for hook: litespeed_task_health, Error code: could_not_set, Error message: The cron event list could not be saved., Data: {"schedule":false,"args":[]}
[08-Sep-2026 14:23:31 UTC] Cron unschedule event error for hook: litespeed_task_health, Error code: could_not_set, Error message: The cron event list could not be saved., Data: {"schedule":false,"args":[]}
[08-Sep-2026 14:23:31 UTC] Cron unschedule event error for hook: litespeed_task_health, Error code: could_not_set, Error message: The cron event list could not be saved., Data: {"schedule":false,"args":[]}
[08-Sep-2026 14:23:31 UTC] Cron unschedule event error for hook: litespeed_task_health, Error code: could_not_set, Error message: The cron event list could not be saved., Data: {"schedule":false,"args":[]}
[08-Sep-2026 14:23:40 UTC] Spectra: CSS/JS generation returned empty for post 6897 (type: js). Keeping existing file to prevent 404.
[08-Sep-2026 14:23:40 UTC] Cron unschedule event error for hook: litespeed_task_health, Error code: could_not_set, Error message: The cron event list could not be saved., Data: {"schedule":false,"args":[]}
[08-Sep-2026 14:23:41 UTC] Cron unschedule event error for hook: litespeed_task_health, Error code: could_not_set, Error message: The cron event list could not be saved., Data: {"schedule":false,"args":[]}
[08-Sep-2026 14:23:43 UTC] Cron unschedule event error for hook: litespeed_task_health, Error code: could_not_set, Error message: The cron event list could not be saved., Data: {"schedule":false,"args":[]}
[08-Sep-2026 14:23:45 UTC] Spectra: CSS/JS generation returned empty for post 21351 (type: js). Keeping existing file to prevent 404.
[08-Sep-2026 14:23:45 UTC] Cron unschedule event error for hook: litespeed_task_health, Error code: could_not_set, Error message: The cron event list could not be saved., Data: {"schedule":false,"args":[]}
[08-Sep-2026 14:23:45 UTC] Cron unschedule event error for hook: litespeed_task_health, Error code: could_not_set, Error message: The cron event list could not be saved., Data: {"schedule":false,"args":[]}
[08-Sep-2026 14:23:48 UTC] Cron unschedule event error for hook: litespeed_task_health, Error code: could_not_set, Error message: The cron event list could not be saved., Data: {"schedule":false,"args":[]}
[08-Sep-2026 14:23:52 UTC] Cron unschedule event error for hook: litespeed_task_health, Error code: could_not_set, Error message: The cron event list could not be saved., Data: {"schedule":false,"args":[]}
[08-Sep-2026 14:24:00 UTC] Cron unschedule event error for hook: litespeed_task_health, Error code: could_not_set, Error message: The cron event list could not be saved., Data: {"schedule":false,"args":[]}
[08-Sep-2026 14:24:00 UTC] Cron unschedule event error for hook: litespeed_task_health, Error code: could_not_set, Error message: The cron event list could not be saved., Data: {"schedule":false,"args":[]}
[08-Sep-2026 14:24:07 UTC] Cron unschedule event error for hook: litespeed_task_health, Error code: could_not_set, Error message: The cron event list could not be saved., Data: {"schedule":false,"args":[]}
[08-Sep-2026 14:24:08 UTC] Cron unschedule event error for hook: litespeed_task_health, Error code: could_not_set, Error message: The cron event list could not be saved., Data: {"schedule":false,"args":[]}
[08-Sep-2026 14:24:08 UTC] Cron unschedule event error for hook: litespeed_task_health, Error code: could_not_set, Error message: The cron event list could not be saved., Data: {"schedule":false,"args":[]}
[08-Sep-2026 14:24:09 UTC] Cron unschedule event error for hook: litespeed_task_health, Error code: could_not_set, Error message: The cron event list could not be saved., Data: {"schedule":false,"args":[]}
[08-Sep-2026 14:24:09 UTC] Cron unschedule event error for hook: litespeed_task_health, Error code: could_not_set, Error message: The cron event list could not be saved., Data: {"schedule":false,"args":[]}
[08-Sep-2026 14:24:09 UTC] Cron unschedule event error for hook: litespeed_task_health, Error code: could_not_set, Error message: The cron event list could not be saved., Data: {"schedule":false,"args":[]}
[08-Sep-2026 14:24:10 UTC] Cron unschedule event error for hook: litespeed_task_health, Error code: could_not_set, Error message: The cron event list could not be saved., Data: {"schedule":false,"args":[]}
[08-Sep-2026 14:24:10 UTC] Cron unschedule event error for hook: litespeed_task_health, Error code: could_not_set, Error message: The cron event list could not be saved., Data: {"schedule":false,"args":[]}
[08-Sep-2026 14:24:10 UTC] Cron unschedule event error for hook: litespeed_task_health, Error code: could_not_set, Error message: The cron event list could not be saved., Data: {"schedule":false,"args":[]}
[08-Sep-2026 14:24:10 UTC] Cron unschedule event error for hook: litespeed_task_health, Error code: could_not_set, Error message: The cron event list could not be saved., Data: {"schedule":false,"args":[]}
[08-Sep-2026 14:24:11 UTC] Cron unschedule event error for hook: litespeed_task_health, Error code: could_not_set, Error message: The cron event list could not be saved., Data: {"schedule":false,"args":[]}
[08-Sep-2026 14:24:11 UTC] Cron unschedule event error for hook: litespeed_task_health, Error code: could_not_set, Error message: The cron event list could not be saved., Data: {"schedule":false,"args":[]}
[08-Sep-2026 14:24:11 UTC] Cron unschedule event error for hook: litespeed_task_health, Error code: could_not_set, Error message: The cron event list could not be saved., Data: {"schedule":false,"args":[]}
[08-Sep-2026 14:24:11 UTC] Cron unschedule event error for hook: litespeed_task_health, Error code: could_not_set, Error message: The cron event list could not be saved., Data: {"schedule":false,"args":[]}
[08-Sep-2026 14:24:12 UTC] Cron unschedule event error for hook: litespeed_task_health, Error code: could_not_set, Error message: The cron event list could not be saved., Data: {"schedule":false,"args":[]}
[08-Sep-2026 14:24:12 UTC] Cron unschedule event error for hook: litespeed_task_health, Error code: could_not_set, Error message: The cron event list could not be saved., Data: {"schedule":false,"args":[]}
[08-Sep-2026 14:24:12 UTC] Cron unschedule event error for hook: litespeed_task_health, Error code: could_not_set, Error message: The cron event list could not be saved., Data: {"schedule":false,"args":[]}
[08-Sep-2026 14:24:13 UTC] Cron unschedule event error for hook: litespeed_task_health, Error code: could_not_set, Error message: The cron event list could not be saved., Data: {"schedule":false,"args":[]}
[08-Sep-2026 14:24:13 UTC] Cron unschedule event error for hook: litespeed_task_health, Error code: could_not_set, Error message: The cron event list could not be saved., Data: {"schedule":false,"args":[]}
[08-Sep-2026 14:24:13 UTC] Cron unschedule event error for hook: litespeed_task_health, Error code: could_not_set, Error message: The cron event list could not be saved., Data: {"schedule":false,"args":[]}
[08-Sep-2026 14:24:14 UTC] Cron unschedule event error for hook: litespeed_task_health, Error code: could_not_set, Error message: The cron event list could not be saved., Data: {"schedule":false,"args":[]}
[08-Sep-2026 14:24:14 UTC] Cron unschedule event error for hook: litespeed_task_health, Error code: could_not_set, Error message: The cron event list could not be saved., Data: {"schedule":false,"args":[]}
[08-Sep-2026 14:24:14 UTC] Cron unschedule event error for hook: litespeed_task_health, Error code: could_not_set, Error message: The cron event list could not be saved., Data: {"schedule":false,"args":[]}
[08-Sep-2026 14:24:15 UTC] Cron unschedule event error for hook: litespeed_task_health, Error code: could_not_set, Error message: The cron event list could not be saved., Data: {"schedule":false,"args":[]}
[08-Sep-2026 14:24:15 UTC] Cron unschedule event error for hook: litespeed_task_health, Error code: could_not_set, Error message: The cron event list could not be saved., Data: {"schedule":false,"args":[]}
[08-Sep-2026 14:24:15 UTC] Cron unschedule event error for hook: litespeed_task_health, Error code: could_not_set, Error message: The cron event list could not be saved., Data: {"schedule":false,"args":[]}
[08-Sep-2026 14:24:16 UTC] Cron unschedule event error for hook: litespeed_task_health, Error code: could_not_set, Error message: The cron event list could not be saved., Data: {"schedule":false,"args":[]}
[08-Sep-2026 14:24:46 UTC] Cron unschedule event error for hook: litespeed_task_health, Error code: could_not_set, Error message: The cron event list could not be saved., Data: {"schedule":false,"args":[]}
[08-Sep-2026 14:26:12 UTC] Spectra: CSS/JS generation returned empty for post 20626 (type: js). Keeping existing file to prevent 404.
[08-Sep-2026 14:31:52 UTC] Spectra: CSS/JS generation returned empty for post 11372 (type: js). Keeping existing file to prevent 404.
[08-Sep-2026 14:32:51 UTC] Spectra: CSS/JS generation returned empty for post 21500 (type: js). Keeping existing file to prevent 404.
[08-Sep-2026 14:34:06 UTC] Spectra: CSS/JS generation returned empty for post 21323 (type: js). Keeping existing file to prevent 404.
[08-Sep-2026 14:37:13 UTC] Spectra: CSS/JS generation returned empty for post 22516 (type: js). Keeping existing file to prevent 404.
[08-Sep-2026 14:52:08 UTC] Spectra: CSS/JS generation returned empty for post 20632 (type: js). Keeping existing file to prevent 404.
[08-Sep-2026 14:54:05 UTC] Spectra: CSS/JS generation returned empty for post 11362 (type: js). Keeping existing file to prevent 404.
[08-Sep-2026 14:57:12 UTC] Spectra: CSS/JS generation returned empty for post 11762 (type: js). Keeping existing file to prevent 404.
[08-Sep-2026 15:33:33 UTC] Spectra: CSS/JS generation returned empty for post 20618 (type: js). Keeping existing file to prevent 404.
[08-Sep-2026 15:35:41 UTC] Spectra: CSS/JS generation returned empty for post 11728 (type: js). Keeping existing file to prevent 404.
[08-Sep-2026 15:39:27 UTC] Spectra: CSS/JS generation returned empty for post 12524 (type: js). Keeping existing file to prevent 404.
[08-Sep-2026 15:41:19 UTC] Spectra: CSS/JS generation returned empty for post 11364 (type: js). Keeping existing file to prevent 404.
[08-Sep-2026 15:46:19 UTC] Spectra: CSS/JS generation returned empty for post 10669 (type: js). Keeping existing file to prevent 404.
[08-Sep-2026 16:08:21 UTC] Spectra: CSS/JS generation returned empty for post 11736 (type: js). Keeping existing file to prevent 404.
[08-Sep-2026 16:24:44 UTC] Spectra: CSS/JS generation returned empty for post 12060 (type: js). Keeping existing file to prevent 404.
[08-Sep-2026 16:29:40 UTC] Spectra: CSS/JS generation returned empty for post 22933 (type: js). Keeping existing file to prevent 404.
[08-Sep-2026 16:30:07 UTC] Spectra: CSS/JS generation returned empty for post 17374 (type: js). Keeping existing file to prevent 404.
[08-Sep-2026 16:30:07 UTC] Spectra: CSS/JS generation returned empty for post 17371 (type: js). Keeping existing file to prevent 404.
[08-Sep-2026 16:30:09 UTC] Spectra: CSS/JS generation returned empty for post 19169 (type: js). Keeping existing file to prevent 404.
[08-Sep-2026 16:33:10 UTC] Spectra: CSS/JS generation returned empty for post 13755 (type: js). Keeping existing file to prevent 404.
[08-Sep-2026 16:33:35 UTC] Spectra: CSS/JS generation returned empty for post 31454 (type: js). Keeping existing file to prevent 404.
[08-Sep-2026 16:39:46 UTC] Spectra: CSS/JS generation returned empty for post 26866 (type: js). Keeping existing file to prevent 404.
[08-Sep-2026 16:41:40 UTC] Spectra: CSS/JS generation returned empty for post 21351 (type: js). Keeping existing file to prevent 404.
[08-Sep-2026 16:41:40 UTC] Spectra: CSS/JS generation returned empty for post 21348 (type: js). Keeping existing file to prevent 404.
[08-Sep-2026 16:41:40 UTC] Spectra: CSS/JS generation returned empty for post 21344 (type: js). Keeping existing file to prevent 404.
[08-Sep-2026 16:42:02 UTC] Spectra: CSS/JS generation returned empty for post 24184 (type: js). Keeping existing file to prevent 404.
[08-Sep-2026 16:43:16 UTC] Spectra: CSS/JS generation returned empty for post 11736 (type: js). Keeping existing file to prevent 404.
[08-Sep-2026 16:44:49 UTC] Spectra: CSS/JS generation returned empty for post 11383 (type: js). Keeping existing file to prevent 404.
[08-Sep-2026 16:44:53 UTC] Spectra: CSS/JS generation returned empty for post 19123 (type: js). Keeping existing file to prevent 404.
[08-Sep-2026 16:44:54 UTC] Spectra: CSS/JS generation returned empty for post 7745 (type: js). Keeping existing file to prevent 404.
[08-Sep-2026 16:44:55 UTC] Spectra: CSS/JS generation returned empty for post 17377 (type: js). Keeping existing file to prevent 404.
[08-Sep-2026 16:44:56 UTC] Spectra: CSS/JS generation returned empty for post 7731 (type: js). Keeping existing file to prevent 404.
[08-Sep-2026 16:45:01 UTC] Spectra: CSS/JS generation returned empty for post 8209 (type: js). Keeping existing file to prevent 404.
[08-Sep-2026 16:45:42 UTC] Spectra: CSS/JS generation returned empty for post 20405 (type: js). Keeping existing file to prevent 404.
[08-Sep-2026 16:48:27 UTC] Spectra: CSS/JS generation returned empty for post 12528 (type: js). Keeping existing file to prevent 404.
[08-Sep-2026 16:49:20 UTC] Spectra: CSS/JS generation returned empty for post 17048 (type: js). Keeping existing file to prevent 404.
[08-Sep-2026 16:49:34 UTC] Spectra: CSS/JS generation returned empty for post 21323 (type: js). Keeping existing file to prevent 404.
[08-Sep-2026 16:50:58 UTC] WordPress database error You have an error in your SQL syntax; check the manual that corresponds to your MariaDB server version for the right syntax to use near 'AND umt.meta_value NOT LIKE '%Contributor%' AND umt.meta_value NOT LIKE '%Sub...' at line 11 for query 
		SELECT u.ID, umt1.meta_value as last_update
		FROM wp_users as u
		    LEFT JOIN wp_usermeta AS um ON ( u.ID = um.user_id AND um.meta_key = 'rank_math_robots' )
		    LEFT JOIN wp_usermeta AS umt ON ( u.ID = umt.user_id AND umt.meta_key = 'wp_capabilities' )
		    LEFT JOIN wp_usermeta AS umt1 ON ( u.ID = umt1.user_id AND umt1.meta_key = 'last_update' )
		    WHERE ( (
		 		( um.meta_key = 'rank_math_robots' AND um.meta_value NOT LIKE '%noindex%' )
		 		OR um.user_id IS NULL
			)
			AND (  umt1.meta_key = 'last_update' OR umt1.user_id IS NULL )
			AND ( umt.meta_key ='wp_capabilities' AND (  AND umt.meta_value NOT LIKE '%Contributor%' AND umt.meta_value NOT LIKE '%Subscriber%' ) ) )
		    AND u.ID IN (
			SELECT post_author
			FROM wp_posts as p
			WHERE p.post_status = 'publish' AND p.post_password = ''
			
		)
		ORDER BY umt1.meta_value DESC
		  made by require('wp-blog-header.php'), wp, WP->main, WP->query_posts, WP_Query->query, WP_Query->get_posts, WP_Query->parse_query, do_action_ref_array('parse_query'), WP_Hook->do_action, WP_Hook->apply_filters, RankMath\Sitemap\Router->request_sitemap, RankMath\Sitemap\Sitemap_XML->__construct, RankMath\Sitemap\Sitemap_XML->output, RankMath\Sitemap\Sitemap_XML->has_sitemap_in_cache, RankMath\Sitemap\Sitemap_XML->build_sitemap, RankMath\Sitemap\Generator->get_output, RankMath\Sitemap\Generator->build_sitemap, RankMath\Sitemap\Generator->build_root_map, RankMath\Sitemap\Providers\Author->get_index_links, RankMath\Sitemap\Providers\Author->get_index_users, RankMath\Helpers\DB::get_results, RankMath\Admin\Database\Query_Builder->get_results, RankMath\Admin\Database\Query_Builder->run
[08-Sep-2026 16:51:05 UTC] Spectra: CSS/JS generation returned empty for post 19169 (type: js). Keeping existing file to prevent 404.
[08-Sep-2026 16:54:30 UTC] Spectra: CSS/JS generation returned empty for post 23061 (type: js). Keeping existing file to prevent 404.
[08-Sep-2026 16:54:47 UTC] Spectra: CSS/JS generation returned empty for post 23044 (type: js). Keeping existing file to prevent 404.
[08-Sep-2026 17:01:50 UTC] Spectra: CSS/JS generation returned empty for post 28528 (type: js). Keeping existing file to prevent 404.
[08-Sep-2026 17:02:14 UTC] Spectra: CSS/JS generation returned empty for post 11359 (type: js). Keeping existing file to prevent 404.
[08-Sep-2026 17:05:26 UTC] Spectra: CSS/JS generation returned empty for post 20440 (type: js). Keeping existing file to prevent 404.
[08-Sep-2026 17:07:21 UTC] Spectra: CSS/JS generation returned empty for post 21488 (type: js). Keeping existing file to prevent 404.
[08-Sep-2026 17:08:44 UTC] Spectra: CSS/JS generation returned empty for post 21336 (type: js). Keeping existing file to prevent 404.
[08-Sep-2026 17:10:58 UTC] Spectra: CSS/JS generation returned empty for post 21505 (type: js). Keeping existing file to prevent 404.
[08-Sep-2026 17:12:11 UTC] Spectra: CSS/JS generation returned empty for post 21327 (type: js). Keeping existing file to prevent 404.
[08-Sep-2026 17:12:17 UTC] Spectra: CSS/JS generation returned empty for post 11563 (type: js). Keeping existing file to prevent 404.
[08-Sep-2026 17:26:01 UTC] Spectra: CSS/JS generation returned empty for post 24726 (type: js). Keeping existing file to prevent 404.
[08-Sep-2026 17:28:03 UTC] Spectra: CSS/JS generation returned empty for post 11877 (type: js). Keeping existing file to prevent 404.
[08-Sep-2026 17:31:51 UTC] Spectra: CSS/JS generation returned empty for post 5 (type: js). Keeping existing file to prevent 404.
[08-Sep-2026 17:36:22 UTC] Spectra: CSS/JS generation returned empty for post 26181 (type: js). Keeping existing file to prevent 404.
[08-Sep-2026 17:39:48 UTC] Spectra: CSS/JS generation returned empty for post 10861 (type: js). Keeping existing file to prevent 404.
[08-Sep-2026 17:41:33 UTC] Spectra: CSS/JS generation returned empty for post 6897 (type: js). Keeping existing file to prevent 404.
[08-Sep-2026 17:41:35 UTC] Spectra: CSS/JS generation returned empty for post 22931 (type: js). Keeping existing file to prevent 404.
[08-Sep-2026 17:43:48 UTC] Spectra: CSS/JS generation returned empty for post 11299 (type: js). Keeping existing file to prevent 404.
[08-Sep-2026 17:45:35 UTC] Spectra: CSS/JS generation returned empty for post 12064 (type: js). Keeping existing file to prevent 404.
[08-Sep-2026 17:47:42 UTC] Spectra: CSS/JS generation returned empty for post 7037 (type: js). Keeping existing file to prevent 404.
[08-Sep-2026 17:47:49 UTC] Spectra: CSS/JS generation returned empty for post 22816 (type: js). Keeping existing file to prevent 404.
[08-Sep-2026 17:47:56 UTC] Spectra: CSS/JS generation returned empty for post 18431 (type: js). Keeping existing file to prevent 404.
[08-Sep-2026 17:47:57 UTC] Cron unschedule event error for hook: litespeed_task_health, Error code: could_not_set, Error message: The cron event list could not be saved., Data: {"schedule":false,"args":[]}
[08-Sep-2026 17:47:57 UTC] Spectra: CSS/JS generation returned empty for post 18557 (type: js). Keeping existing file to prevent 404.
[08-Sep-2026 17:47:57 UTC] Cron unschedule event error for hook: litespeed_task_health, Error code: could_not_set, Error message: The cron event list could not be saved., Data: {"schedule":false,"args":[]}
[08-Sep-2026 17:51:32 UTC] Spectra: CSS/JS generation returned empty for post 28452 (type: js). Keeping existing file to prevent 404.
[08-Sep-2026 17:51:32 UTC] Cron unschedule event error for hook: litespeed_task_health, Error code: could_not_set, Error message: The cron event list could not be saved., Data: {"schedule":false,"args":[]}
[08-Sep-2026 17:54:49 UTC] Spectra: CSS/JS generation returned empty for post 21593 (type: js). Keeping existing file to prevent 404.
[08-Sep-2026 17:54:51 UTC] Spectra: CSS/JS generation returned empty for post 11383 (type: js). Keeping existing file to prevent 404.
[08-Sep-2026 17:56:17 UTC] Spectra: CSS/JS generation returned empty for post 22511 (type: js). Keeping existing file to prevent 404.
[08-Sep-2026 17:57:48 UTC] Spectra: CSS/JS generation returned empty for post 22852 (type: js). Keeping existing file to prevent 404.
[08-Sep-2026 17:58:08 UTC] Spectra: CSS/JS generation returned empty for post 21265 (type: js). Keeping existing file to prevent 404.
[08-Sep-2026 17:59:33 UTC] Spectra: CSS/JS generation returned empty for post 23063 (type: js). Keeping existing file to prevent 404.
[08-Sep-2026 18:01:19 UTC] Spectra: CSS/JS generation returned empty for post 11033 (type: js). Keeping existing file to prevent 404.
[08-Sep-2026 18:04:30 UTC] Spectra: CSS/JS generation returned empty for post 17374 (type: js). Keeping existing file to prevent 404.
[08-Sep-2026 18:06:44 UTC] Spectra: CSS/JS generation returned empty for post 11762 (type: js). Keeping existing file to prevent 404.
[08-Sep-2026 18:08:52 UTC] Spectra: CSS/JS generation returned empty for post 12524 (type: js). Keeping existing file to prevent 404.
[08-Sep-2026 18:11:29 UTC] Spectra: CSS/JS generation returned empty for post 22732 (type: js). Keeping existing file to prevent 404.
[08-Sep-2026 18:11:40 UTC] Spectra: CSS/JS generation returned empty for post 23288 (type: js). Keeping existing file to prevent 404.
[08-Sep-2026 18:12:46 UTC] Spectra: CSS/JS generation returned empty for post 26199 (type: js). Keeping existing file to prevent 404.
[08-Sep-2026 18:12:59 UTC] Spectra: CSS/JS generation returned empty for post 26157 (type: js). Keeping existing file to prevent 404.
[08-Sep-2026 18:13:11 UTC] Spectra: CSS/JS generation returned empty for post 20421 (type: js). Keeping existing file to prevent 404.
[08-Sep-2026 18:20:18 UTC] Spectra: CSS/JS generation returned empty for post 18574 (type: js). Keeping existing file to prevent 404.
[08-Sep-2026 18:42:25 UTC] Spectra: CSS/JS generation returned empty for post 10970 (type: js). Keeping existing file to prevent 404.
[08-Sep-2026 18:45:37 UTC] Spectra: CSS/JS generation returned empty for post 21351 (type: js). Keeping existing file to prevent 404.
[08-Sep-2026 18:50:40 UTC] Spectra: CSS/JS generation returned empty for post 23282 (type: js). Keeping existing file to prevent 404.
[08-Sep-2026 18:55:33 UTC] Spectra: CSS/JS generation returned empty for post 12538 (type: js). Keeping existing file to prevent 404.
[08-Sep-2026 19:01:16 UTC] Spectra: CSS/JS generation returned empty for post 12060 (type: js). Keeping existing file to prevent 404.
[08-Sep-2026 19:01:29 UTC] Spectra: CSS/JS generation returned empty for post 11771 (type: js). Keeping existing file to prevent 404.
[08-Sep-2026 19:08:05 UTC] Spectra: CSS/JS generation returned empty for post 21500 (type: js). Keeping existing file to prevent 404.
[08-Sep-2026 19:08:38 UTC] Spectra: CSS/JS generation returned empty for post 26866 (type: js). Keeping existing file to prevent 404.
[08-Sep-2026 19:16:30 UTC] Spectra: CSS/JS generation returned empty for post 20636 (type: js). Keeping existing file to prevent 404.
[08-Sep-2026 19:24:26 UTC] Spectra: CSS/JS generation returned empty for post 21494 (type: js). Keeping existing file to prevent 404.
[08-Sep-2026 19:30:45 UTC] Spectra: CSS/JS generation returned empty for post 22860 (type: js). Keeping existing file to prevent 404.
[08-Sep-2026 19:33:34 UTC] Spectra: CSS/JS generation returned empty for post 21601 (type: js). Keeping existing file to prevent 404.
[08-Sep-2026 19:36:28 UTC] Spectra: CSS/JS generation returned empty for post 17486 (type: js). Keeping existing file to prevent 404.
[08-Sep-2026 19:36:43 UTC] Spectra: CSS/JS generation returned empty for post 11736 (type: js). Keeping existing file to prevent 404.
[08-Sep-2026 19:41:35 UTC] Spectra: CSS/JS generation returned empty for post 30629 (type: js). Keeping existing file to prevent 404.
[08-Sep-2026 19:42:40 UTC] Spectra: CSS/JS generation returned empty for post 10215 (type: js). Keeping existing file to prevent 404.
[08-Sep-2026 19:58:25 UTC] Spectra: CSS/JS generation returned empty for post 11065 (type: js). Keeping existing file to prevent 404.
[08-Sep-2026 20:03:33 UTC] Spectra: CSS/JS generation returned empty for post 24529 (type: js). Keeping existing file to prevent 404.
[08-Sep-2026 20:07:51 UTC] Spectra: CSS/JS generation returned empty for post 22909 (type: js). Keeping existing file to prevent 404.
[08-Sep-2026 20:17:51 UTC] Spectra: CSS/JS generation returned empty for post 13836 (type: js). Keeping existing file to prevent 404.
[08-Sep-2026 20:22:22 UTC] Spectra: CSS/JS generation returned empty for post 21344 (type: js). Keeping existing file to prevent 404.
[08-Sep-2026 20:23:59 UTC] Spectra: CSS/JS generation returned empty for post 21497 (type: js). Keeping existing file to prevent 404.
[08-Sep-2026 20:31:49 UTC] Spectra: CSS/JS generation returned empty for post 7739 (type: js). Keeping existing file to prevent 404.
[08-Sep-2026 20:43:30 UTC] Spectra: CSS/JS generation returned empty for post 11372 (type: js). Keeping existing file to prevent 404.
[08-Sep-2026 20:45:10 UTC] Spectra: CSS/JS generation returned empty for post 13755 (type: js). Keeping existing file to prevent 404.
[08-Sep-2026 20:53:04 UTC] Spectra: CSS/JS generation returned empty for post 22927 (type: js). Keeping existing file to prevent 404.
[08-Sep-2026 20:53:16 UTC] Spectra: CSS/JS generation returned empty for post 28478 (type: js). Keeping existing file to prevent 404.
[08-Sep-2026 21:07:45 UTC] Spectra: CSS/JS generation returned empty for post 1 (type: js). Keeping existing file to prevent 404.
[08-Sep-2026 21:31:05 UTC] Spectra: CSS/JS generation returned empty for post 10953 (type: js). Keeping existing file to prevent 404.
[08-Sep-2026 22:11:44 UTC] Spectra: CSS/JS generation returned empty for post 31454 (type: js). Keeping existing file to prevent 404.
[08-Sep-2026 22:14:23 UTC] Spectra: CSS/JS generation returned empty for post 10273 (type: js). Keeping existing file to prevent 404.
[08-Sep-2026 22:15:16 UTC] Spectra: CSS/JS generation returned empty for post 22516 (type: js). Keeping existing file to prevent 404.
[08-Sep-2026 22:21:49 UTC] Spectra: CSS/JS generation returned empty for post 11499 (type: js). Keeping existing file to prevent 404.
[08-Sep-2026 22:29:23 UTC] Spectra: CSS/JS generation returned empty for post 23294 (type: js). Keeping existing file to prevent 404.
[08-Sep-2026 22:46:44 UTC] Spectra: CSS/JS generation returned empty for post 11062 (type: js). Keeping existing file to prevent 404.
[08-Sep-2026 23:17:01 UTC] Spectra: CSS/JS generation returned empty for post 30868 (type: js). Keeping existing file to prevent 404.
[08-Sep-2026 23:27:42 UTC] Spectra: CSS/JS generation returned empty for post 12534 (type: js). Keeping existing file to prevent 404.
[08-Sep-2026 23:38:22 UTC] Spectra: CSS/JS generation returned empty for post 12536 (type: js). Keeping existing file to prevent 404.
[09-Sep-2026 00:03:14 UTC] Spectra: CSS/JS generation returned empty for post 11147 (type: js). Keeping existing file to prevent 404.
[09-Sep-2026 00:39:09 UTC] Spectra: CSS/JS generation returned empty for post 21348 (type: js). Keeping existing file to prevent 404.
[09-Sep-2026 00:43:48 UTC] Spectra: CSS/JS generation returned empty for post 11796 (type: js). Keeping existing file to prevent 404.
[09-Sep-2026 00:44:06 UTC] Spectra: CSS/JS generation returned empty for post 13747 (type: js). Keeping existing file to prevent 404.
[09-Sep-2026 00:52:30 UTC] Spectra: CSS/JS generation returned empty for post 11690 (type: js). Keeping existing file to prevent 404.
[09-Sep-2026 00:52:30 UTC] Spectra: CSS/JS generation returned empty for post 11687 (type: css). Keeping existing file to prevent 404.
[09-Sep-2026 00:52:30 UTC] Spectra: CSS/JS generation returned empty for post 11687 (type: js). Keeping existing file to prevent 404.
[09-Sep-2026 01:24:43 UTC] Spectra: CSS/JS generation returned empty for post 24184 (type: js). Keeping existing file to prevent 404.
[09-Sep-2026 01:57:33 UTC] Spectra: CSS/JS generation returned empty for post 6991 (type: js). Keeping existing file to prevent 404.
[09-Sep-2026 01:59:29 UTC] Cron reschedule event error for hook: action_scheduler_run_queue, Error code: could_not_set, Error message: The cron event list could not be saved., Data: {"schedule":"every_minute","args":["WP Cron"],"interval":60}
[09-Sep-2026 02:01:54 UTC] Cron reschedule event error for hook: action_scheduler_run_queue, Error code: could_not_set, Error message: The cron event list could not be saved., Data: {"schedule":"every_minute","args":["WP Cron"],"interval":60}
[09-Sep-2026 04:17:21 UTC] Spectra: CSS/JS generation returned empty for post 11362 (type: js). Keeping existing file to prevent 404.
[09-Sep-2026 04:18:45 UTC] Spectra: CSS/JS generation returned empty for post 9895 (type: js). Keeping existing file to prevent 404.
[09-Sep-2026 04:54:54 UTC] Spectra: CSS/JS generation returned empty for post 18563 (type: js). Keeping existing file to prevent 404.
[09-Sep-2026 04:58:57 UTC] Spectra: CSS/JS generation returned empty for post 10669 (type: js). Keeping existing file to prevent 404.
[09-Sep-2026 05:09:45 UTC] Spectra: CSS/JS generation returned empty for post 23481 (type: js). Keeping existing file to prevent 404.
[09-Sep-2026 05:09:45 UTC] Spectra: CSS/JS generation returned empty for post 23481 (type: js). Keeping existing file to prevent 404.
[09-Sep-2026 05:15:26 UTC] Spectra: CSS/JS generation returned empty for post 19123 (type: js). Keeping existing file to prevent 404.
[09-Sep-2026 05:15:27 UTC] Spectra: CSS/JS generation returned empty for post 7745 (type: js). Keeping existing file to prevent 404.
[09-Sep-2026 05:15:27 UTC] Spectra: CSS/JS generation returned empty for post 17377 (type: js). Keeping existing file to prevent 404.
[09-Sep-2026 05:15:28 UTC] Spectra: CSS/JS generation returned empty for post 7731 (type: js). Keeping existing file to prevent 404.
[09-Sep-2026 05:15:34 UTC] Spectra: CSS/JS generation returned empty for post 8209 (type: js). Keeping existing file to prevent 404.
[09-Sep-2026 05:15:34 UTC] Spectra: CSS/JS generation returned empty for post 19123 (type: js). Keeping existing file to prevent 404.
[09-Sep-2026 05:20:58 UTC] Spectra: CSS/JS generation returned empty for post 17374 (type: js). Keeping existing file to prevent 404.
[09-Sep-2026 05:21:18 UTC] Spectra: CSS/JS generation returned empty for post 19169 (type: js). Keeping existing file to prevent 404.
[09-Sep-2026 05:26:08 UTC] Spectra: CSS/JS generation returned empty for post 23061 (type: js). Keeping existing file to prevent 404.
[09-Sep-2026 05:27:49 UTC] Spectra: CSS/JS generation returned empty for post 20618 (type: js). Keeping existing file to prevent 404.
[09-Sep-2026 05:31:18 UTC] Spectra: CSS/JS generation returned empty for post 20405 (type: js). Keeping existing file to prevent 404.
[09-Sep-2026 05:34:34 UTC] Spectra: CSS/JS generation returned empty for post 21336 (type: js). Keeping existing file to prevent 404.
[09-Sep-2026 05:34:46 UTC] Spectra: CSS/JS generation returned empty for post 17048 (type: js). Keeping existing file to prevent 404.
[09-Sep-2026 05:39:59 UTC] Spectra: CSS/JS generation returned empty for post 21351 (type: js). Keeping existing file to prevent 404.
[09-Sep-2026 05:40:50 UTC] Spectra: CSS/JS generation returned empty for post 17486 (type: js). Keeping existing file to prevent 404.
[09-Sep-2026 05:43:15 UTC] Spectra: CSS/JS generation returned empty for post 11527 (type: js). Keeping existing file to prevent 404.
[09-Sep-2026 05:44:14 UTC] Spectra: CSS/JS generation returned empty for post 20440 (type: js). Keeping existing file to prevent 404.
[09-Sep-2026 05:44:46 UTC] Spectra: CSS/JS generation returned empty for post 11033 (type: js). Keeping existing file to prevent 404.
[09-Sep-2026 05:47:54 UTC] Spectra: CSS/JS generation returned empty for post 22732 (type: js). Keeping existing file to prevent 404.
[09-Sep-2026 05:48:43 UTC] Spectra: CSS/JS generation returned empty for post 21327 (type: js). Keeping existing file to prevent 404.
[09-Sep-2026 05:50:03 UTC] Spectra: CSS/JS generation returned empty for post 19169 (type: js). Keeping existing file to prevent 404.
[09-Sep-2026 05:57:17 UTC] Spectra: CSS/JS generation returned empty for post 23063 (type: js). Keeping existing file to prevent 404.
[09-Sep-2026 05:58:12 UTC] Spectra: CSS/JS generation returned empty for post 18413 (type: js). Keeping existing file to prevent 404.
[09-Sep-2026 05:58:57 UTC] Spectra: CSS/JS generation returned empty for post 22516 (type: js). Keeping existing file to prevent 404.
[09-Sep-2026 05:58:57 UTC] Spectra: CSS/JS generation returned empty for post 28528 (type: js). Keeping existing file to prevent 404.
[09-Sep-2026 05:58:57 UTC] Spectra: CSS/JS generation returned empty for post 11372 (type: js). Keeping existing file to prevent 404.
[09-Sep-2026 05:58:59 UTC] WordPress database error You have an error in your SQL syntax; check the manual that corresponds to your MariaDB server version for the right syntax to use near 'AND umt.meta_value NOT LIKE '%Contributor%' AND umt.meta_value NOT LIKE '%Sub...' at line 11 for query 
		SELECT u.ID, umt1.meta_value as last_update
		FROM wp_users as u
		    LEFT JOIN wp_usermeta AS um ON ( u.ID = um.user_id AND um.meta_key = 'rank_math_robots' )
		    LEFT JOIN wp_usermeta AS umt ON ( u.ID = umt.user_id AND umt.meta_key = 'wp_capabilities' )
		    LEFT JOIN wp_usermeta AS umt1 ON ( u.ID = umt1.user_id AND umt1.meta_key = 'last_update' )
		    WHERE ( (
		 		( um.meta_key = 'rank_math_robots' AND um.meta_value NOT LIKE '%noindex%' )
		 		OR um.user_id IS NULL
			)
			AND (  umt1.meta_key = 'last_update' OR umt1.user_id IS NULL )
			AND ( umt.meta_key ='wp_capabilities' AND (  AND umt.meta_value NOT LIKE '%Contributor%' AND umt.meta_value NOT LIKE '%Subscriber%' ) ) )
		    AND u.ID IN (
			SELECT post_author
			FROM wp_posts as p
			WHERE p.post_status = 'publish' AND p.post_password = ''
			
		)
		ORDER BY umt1.meta_value DESC
		  made by require('wp-blog-header.php'), wp, WP->main, WP->query_posts, WP_Query->query, WP_Query->get_posts, WP_Query->parse_query, do_action_ref_array('parse_query'), WP_Hook->do_action, WP_Hook->apply_filters, RankMath\Sitemap\Router->request_sitemap, RankMath\Sitemap\Sitemap_XML->__construct, RankMath\Sitemap\Sitemap_XML->output, RankMath\Sitemap\Sitemap_XML->has_sitemap_in_cache, RankMath\Sitemap\Sitemap_XML->build_sitemap, RankMath\Sitemap\Generator->get_output, RankMath\Sitemap\Generator->build_sitemap, RankMath\Sitemap\Generator->build_root_map, RankMath\Sitemap\Providers\Author->get_index_links, RankMath\Sitemap\Providers\Author->get_index_users, RankMath\Helpers\DB::get_results, RankMath\Admin\Database\Query_Builder->get_results, RankMath\Admin\Database\Query_Builder->run
[09-Sep-2026 06:03:16 UTC] Spectra: CSS/JS generation returned empty for post 20405 (type: js). Keeping existing file to prevent 404.
[09-Sep-2026 06:03:18 UTC] Spectra: CSS/JS generation returned empty for post 11383 (type: js). Keeping existing file to prevent 404.
[09-Sep-2026 06:04:03 UTC] Spectra: CSS/JS generation returned empty for post 21505 (type: js). Keeping existing file to prevent 404.
[09-Sep-2026 06:04:26 UTC] Spectra: CSS/JS generation returned empty for post 19169 (type: js). Keeping existing file to prevent 404.
[09-Sep-2026 06:05:33 UTC] Spectra: CSS/JS generation returned empty for post 23044 (type: js). Keeping existing file to prevent 404.
[09-Sep-2026 06:07:27 UTC] Spectra: CSS/JS generation returned empty for post 19123 (type: js). Keeping existing file to prevent 404.
[09-Sep-2026 06:10:40 UTC] Spectra: CSS/JS generation returned empty for post 11033 (type: js). Keeping existing file to prevent 404.
[09-Sep-2026 06:13:46 UTC] Spectra: CSS/JS generation returned empty for post 25632 (type: js). Keeping existing file to prevent 404.
[09-Sep-2026 06:16:57 UTC] Spectra: CSS/JS generation returned empty for post 22732 (type: js). Keeping existing file to prevent 404.
[09-Sep-2026 06:18:39 UTC] Spectra: CSS/JS generation returned empty for post 11306 (type: js). Keeping existing file to prevent 404.
[09-Sep-2026 06:21:33 UTC] Spectra: CSS/JS generation returned empty for post 26202 (type: js). Keeping existing file to prevent 404.
[09-Sep-2026 06:22:43 UTC] Spectra: CSS/JS generation returned empty for post 21351 (type: js). Keeping existing file to prevent 404.
[09-Sep-2026 06:23:29 UTC] Spectra: CSS/JS generation returned empty for post 25628 (type: js). Keeping existing file to prevent 404.
[09-Sep-2026 06:24:40 UTC] Spectra: CSS/JS generation returned empty for post 20440 (type: js). Keeping existing file to prevent 404.
[09-Sep-2026 06:25:54 UTC] Spectra: CSS/JS generation returned empty for post 21500 (type: js). Keeping existing file to prevent 404.
[09-Sep-2026 06:26:02 UTC] Spectra: CSS/JS generation returned empty for post 28452 (type: js). Keeping existing file to prevent 404.
[09-Sep-2026 06:26:02 UTC] Spectra: CSS/JS generation returned empty for post 13899 (type: js). Keeping existing file to prevent 404.
[09-Sep-2026 06:27:55 UTC] Spectra: CSS/JS generation returned empty for post 21327 (type: js). Keeping existing file to prevent 404.
[09-Sep-2026 06:30:50 UTC] Spectra: CSS/JS generation returned empty for post 11065 (type: js). Keeping existing file to prevent 404.
[09-Sep-2026 06:37:10 UTC] Spectra: CSS/JS generation returned empty for post 22927 (type: js). Keeping existing file to prevent 404.
[09-Sep-2026 06:37:44 UTC] Spectra: CSS/JS generation returned empty for post 7731 (type: js). Keeping existing file to prevent 404.
[09-Sep-2026 06:37:44 UTC] Spectra: CSS/JS generation returned empty for post 11762 (type: js). Keeping existing file to prevent 404.
[09-Sep-2026 06:37:59 UTC] Spectra: CSS/JS generation returned empty for post 11147 (type: js). Keeping existing file to prevent 404.
[09-Sep-2026 06:40:11 UTC] Spectra: CSS/JS generation returned empty for post 23481 (type: js). Keeping existing file to prevent 404.
[09-Sep-2026 06:49:27 UTC] Spectra: CSS/JS generation returned empty for post 17048 (type: js). Keeping existing file to prevent 404.
[09-Sep-2026 06:50:08 UTC] Spectra: CSS/JS generation returned empty for post 7739 (type: js). Keeping existing file to prevent 404.
[09-Sep-2026 06:57:47 UTC] Spectra: CSS/JS generation returned empty for post 10861 (type: js). Keeping existing file to prevent 404.
[09-Sep-2026 06:57:53 UTC] Spectra: CSS/JS generation returned empty for post 10881 (type: js). Keeping existing file to prevent 404.
[09-Sep-2026 06:59:02 UTC] Spectra: CSS/JS generation returned empty for post 21344 (type: js). Keeping existing file to prevent 404.
[09-Sep-2026 07:10:47 UTC] Spectra: CSS/JS generation returned empty for post 9895 (type: js). Keeping existing file to prevent 404.
[09-Sep-2026 07:13:41 UTC] Spectra: CSS/JS generation returned empty for post 23061 (type: js). Keeping existing file to prevent 404.
[09-Sep-2026 07:17:42 UTC] Spectra: CSS/JS generation returned empty for post 10669 (type: js). Keeping existing file to prevent 404.
[09-Sep-2026 07:18:47 UTC] Spectra: CSS/JS generation returned empty for post 17377 (type: js). Keeping existing file to prevent 404.
[09-Sep-2026 07:19:25 UTC] Spectra: CSS/JS generation returned empty for post 21336 (type: js). Keeping existing file to prevent 404.
[09-Sep-2026 07:23:34 UTC] Spectra: CSS/JS generation returned empty for post 18494 (type: js). Keeping existing file to prevent 404.
[09-Sep-2026 07:23:34 UTC] Spectra: CSS/JS generation returned empty for post 17486 (type: js). Keeping existing file to prevent 404.
[09-Sep-2026 07:32:22 UTC] Spectra: CSS/JS generation returned empty for post 22929 (type: js). Keeping existing file to prevent 404.
[09-Sep-2026 07:34:59 UTC] Spectra: CSS/JS generation returned empty for post 7745 (type: js). Keeping existing file to prevent 404.
[09-Sep-2026 07:36:47 UTC] Spectra: CSS/JS generation returned empty for post 7037 (type: js). Keeping existing file to prevent 404.
[09-Sep-2026 07:45:50 UTC] Spectra: CSS/JS generation returned empty for post 20636 (type: js). Keeping existing file to prevent 404.
[09-Sep-2026 07:51:46 UTC] Spectra: CSS/JS generation returned empty for post 8209 (type: js). Keeping existing file to prevent 404.
[09-Sep-2026 07:54:51 UTC] Spectra: CSS/JS generation returned empty for post 19123 (type: js). Keeping existing file to prevent 404.
[09-Sep-2026 07:59:44 UTC] Spectra: CSS/JS generation returned empty for post 13755 (type: js). Keeping existing file to prevent 404.
[09-Sep-2026 08:02:35 UTC] Spectra: CSS/JS generation returned empty for post 10970 (type: js). Keeping existing file to prevent 404.
[09-Sep-2026 08:02:40 UTC] Spectra: CSS/JS generation returned empty for post 7731 (type: js). Keeping existing file to prevent 404.
[09-Sep-2026 08:03:15 UTC] Spectra: CSS/JS generation returned empty for post 20405 (type: js). Keeping existing file to prevent 404.
[09-Sep-2026 08:04:36 UTC] Spectra: CSS/JS generation returned empty for post 11499 (type: js). Keeping existing file to prevent 404.
[09-Sep-2026 08:04:43 UTC] Spectra: CSS/JS generation returned empty for post 12538 (type: js). Keeping existing file to prevent 404.
[09-Sep-2026 08:05:20 UTC] Spectra: CSS/JS generation returned empty for post 21323 (type: js). Keeping existing file to prevent 404.
[09-Sep-2026 08:05:20 UTC] Spectra: CSS/JS generation returned empty for post 12064 (type: js). Keeping existing file to prevent 404.
[09-Sep-2026 08:05:34 UTC] Spectra: CSS/JS generation returned empty for post 19169 (type: js). Keeping existing file to prevent 404.
[09-Sep-2026 08:07:34 UTC] Spectra: CSS/JS generation returned empty for post 23481 (type: js). Keeping existing file to prevent 404.
[09-Sep-2026 08:09:41 UTC] Spectra: CSS/JS generation returned empty for post 21348 (type: js). Keeping existing file to prevent 404.
[09-Sep-2026 08:16:02 UTC] Spectra: CSS/JS generation returned empty for post 10861 (type: js). Keeping existing file to prevent 404.
[09-Sep-2026 08:18:02 UTC] Spectra: CSS/JS generation returned empty for post 17374 (type: js). Keeping existing file to prevent 404.
[09-Sep-2026 08:24:09 UTC] Spectra: CSS/JS generation returned empty for post 21327 (type: js). Keeping existing file to prevent 404.
[09-Sep-2026 08:24:19 UTC] Spectra: CSS/JS generation returned empty for post 18563 (type: js). Keeping existing file to prevent 404.
[09-Sep-2026 08:31:42 UTC] Spectra: CSS/JS generation returned empty for post 24726 (type: js). Keeping existing file to prevent 404.
[09-Sep-2026 08:37:25 UTC] Spectra: CSS/JS generation returned empty for post 28528 (type: js). Keeping existing file to prevent 404.
[09-Sep-2026 08:39:13 UTC] Spectra: CSS/JS generation returned empty for post 22511 (type: js). Keeping existing file to prevent 404.
[09-Sep-2026 08:39:31 UTC] Spectra: CSS/JS generation returned empty for post 21494 (type: js). Keeping existing file to prevent 404.
[09-Sep-2026 08:42:12 UTC] Spectra: CSS/JS generation returned empty for post 12530 (type: js). Keeping existing file to prevent 404.
[09-Sep-2026 08:43:49 UTC] Spectra: CSS/JS generation returned empty for post 11796 (type: js). Keeping existing file to prevent 404.
[09-Sep-2026 08:55:22 UTC] Spectra: CSS/JS generation returned empty for post 31454 (type: js). Keeping existing file to prevent 404.
[09-Sep-2026 08:56:40 UTC] Spectra: CSS/JS generation returned empty for post 20440 (type: js). Keeping existing file to prevent 404.
[09-Sep-2026 08:57:51 UTC] Spectra: CSS/JS generation returned empty for post 21497 (type: js). Keeping existing file to prevent 404.
[09-Sep-2026 09:02:33 UTC] Spectra: CSS/JS generation returned empty for post 22878 (type: js). Keeping existing file to prevent 404.
[09-Sep-2026 09:09:05 UTC] Spectra: CSS/JS generation returned empty for post 20421 (type: js). Keeping existing file to prevent 404.
[09-Sep-2026 09:14:22 UTC] Spectra: CSS/JS generation returned empty for post 20632 (type: js). Keeping existing file to prevent 404.
[09-Sep-2026 09:16:16 UTC] Spectra: CSS/JS generation returned empty for post 22852 (type: js). Keeping existing file to prevent 404.
[09-Sep-2026 09:19:03 UTC] Spectra: CSS/JS generation returned empty for post 11359 (type: js). Keeping existing file to prevent 404.
[09-Sep-2026 09:23:11 UTC] Spectra: CSS/JS generation returned empty for post 12524 (type: js). Keeping existing file to prevent 404.
[09-Sep-2026 09:27:51 UTC] Spectra: CSS/JS generation returned empty for post 23282 (type: js). Keeping existing file to prevent 404.
[09-Sep-2026 09:28:42 UTC] Spectra: CSS/JS generation returned empty for post 11736 (type: js). Keeping existing file to prevent 404.
[09-Sep-2026 09:28:56 UTC] Spectra: CSS/JS generation returned empty for post 11771 (type: js). Keeping existing file to prevent 404.
[09-Sep-2026 09:29:53 UTC] Spectra: CSS/JS generation returned empty for post 22927 (type: js). Keeping existing file to prevent 404.
[09-Sep-2026 09:33:47 UTC] Spectra: CSS/JS generation returned empty for post 22501 (type: js). Keeping existing file to prevent 404.
[09-Sep-2026 09:37:28 UTC] Spectra: CSS/JS generation returned empty for post 21500 (type: js). Keeping existing file to prevent 404.
[09-Sep-2026 09:37:43 UTC] Spectra: CSS/JS generation returned empty for post 21505 (type: js). Keeping existing file to prevent 404.
[09-Sep-2026 09:41:55 UTC] Spectra: CSS/JS generation returned empty for post 21323 (type: js). Keeping existing file to prevent 404.
[09-Sep-2026 09:42:00 UTC] Spectra: CSS/JS generation returned empty for post 22516 (type: js). Keeping existing file to prevent 404.
[09-Sep-2026 09:44:30 UTC] Spectra: CSS/JS generation returned empty for post 21327 (type: js). Keeping existing file to prevent 404.
[09-Sep-2026 09:46:18 UTC] Spectra: CSS/JS generation returned empty for post 7745 (type: js). Keeping existing file to prevent 404.
[09-Sep-2026 09:49:10 UTC] Spectra: CSS/JS generation returned empty for post 21265 (type: js). Keeping existing file to prevent 404.
[09-Sep-2026 09:49:14 UTC] Spectra: CSS/JS generation returned empty for post 11033 (type: js). Keeping existing file to prevent 404.
[09-Sep-2026 09:51:19 UTC] Spectra: CSS/JS generation returned empty for post 22852 (type: js). Keeping existing file to prevent 404.
[09-Sep-2026 09:51:32 UTC] WordPress database error You have an error in your SQL syntax; check the manual that corresponds to your MariaDB server version for the right syntax to use near 'AND umt.meta_value NOT LIKE '%Contributor%' AND umt.meta_value NOT LIKE '%Sub...' at line 11 for query 
		SELECT u.ID, umt1.meta_value as last_update
		FROM wp_users as u
		    LEFT JOIN wp_usermeta AS um ON ( u.ID = um.user_id AND um.meta_key = 'rank_math_robots' )
		    LEFT JOIN wp_usermeta AS umt ON ( u.ID = umt.user_id AND umt.meta_key = 'wp_capabilities' )
		    LEFT JOIN wp_usermeta AS umt1 ON ( u.ID = umt1.user_id AND umt1.meta_key = 'last_update' )
		    WHERE ( (
		 		( um.meta_key = 'rank_math_robots' AND um.meta_value NOT LIKE '%noindex%' )
		 		OR um.user_id IS NULL
			)
			AND (  umt1.meta_key = 'last_update' OR umt1.user_id IS NULL )
			AND ( umt.meta_key ='wp_capabilities' AND (  AND umt.meta_value NOT LIKE '%Contributor%' AND umt.meta_value NOT LIKE '%Subscriber%' ) ) )
		    AND u.ID IN (
			SELECT post_author
			FROM wp_posts as p
			WHERE p.post_status = 'publish' AND p.post_password = ''
			
		)
		ORDER BY umt1.meta_value DESC
		  made by require('wp-blog-header.php'), wp, WP->main, WP->query_posts, WP_Query->query, WP_Query->get_posts, WP_Query->parse_query, do_action_ref_array('parse_query'), WP_Hook->do_action, WP_Hook->apply_filters, RankMath\Sitemap\Router->request_sitemap, RankMath\Sitemap\Sitemap_XML->__construct, RankMath\Sitemap\Sitemap_XML->output, RankMath\Sitemap\Sitemap_XML->has_sitemap_in_cache, RankMath\Sitemap\Sitemap_XML->build_sitemap, RankMath\Sitemap\Generator->get_output, RankMath\Sitemap\Generator->build_sitemap, RankMath\Sitemap\Generator->build_root_map, RankMath\Sitemap\Providers\Author->get_index_links, RankMath\Sitemap\Providers\Author->get_index_users, RankMath\Helpers\DB::get_results, RankMath\Admin\Database\Query_Builder->get_results, RankMath\Admin\Database\Query_Builder->run
[09-Sep-2026 09:54:43 UTC] Spectra: CSS/JS generation returned empty for post 7037 (type: js). Keeping existing file to prevent 404.
[09-Sep-2026 09:58:53 UTC] Spectra: CSS/JS generation returned empty for post 28478 (type: js). Keeping existing file to prevent 404.
[09-Sep-2026 10:05:03 UTC] Spectra: CSS/JS generation returned empty for post 6897 (type: js). Keeping existing file to prevent 404.
[09-Sep-2026 10:07:55 UTC] Spectra: CSS/JS generation returned empty for post 22860 (type: js). Keeping existing file to prevent 404.
[09-Sep-2026 10:10:12 UTC] Spectra: CSS/JS generation returned empty for post 24729 (type: js). Keeping existing file to prevent 404.
[09-Sep-2026 10:12:49 UTC] Spectra: CSS/JS generation returned empty for post 20405 (type: js). Keeping existing file to prevent 404.
[09-Sep-2026 10:16:02 UTC] Spectra: CSS/JS generation returned empty for post 22878 (type: js). Keeping existing file to prevent 404.
[09-Sep-2026 10:20:57 UTC] Spectra: CSS/JS generation returned empty for post 19169 (type: js). Keeping existing file to prevent 404.
[09-Sep-2026 10:21:13 UTC] Spectra: CSS/JS generation returned empty for post 26866 (type: js). Keeping existing file to prevent 404.
[09-Sep-2026 10:25:59 UTC] Spectra: CSS/JS generation returned empty for post 22905 (type: js). Keeping existing file to prevent 404.
[09-Sep-2026 10:27:35 UTC] Spectra: CSS/JS generation returned empty for post 11033 (type: js). Keeping existing file to prevent 404.
[09-Sep-2026 10:27:46 UTC] Spectra: CSS/JS generation returned empty for post 10273 (type: js). Keeping existing file to prevent 404.
[09-Sep-2026 10:28:49 UTC] Spectra: CSS/JS generation returned empty for post 8209 (type: js). Keeping existing file to prevent 404.
[09-Sep-2026 10:28:50 UTC] Spectra: CSS/JS generation returned empty for post 17377 (type: js). Keeping existing file to prevent 404.
[09-Sep-2026 10:30:55 UTC] Spectra: CSS/JS generation returned empty for post 24568 (type: js). Keeping existing file to prevent 404.
[09-Sep-2026 10:31:39 UTC] Spectra: CSS/JS generation returned empty for post 7037 (type: js). Keeping existing file to prevent 404.
[09-Sep-2026 10:31:56 UTC] Spectra: CSS/JS generation returned empty for post 19169 (type: js). Keeping existing file to prevent 404.
